gage,Contributing_Area_u,alt_u,order_u,n_u,So_u,Kchan_u,nCC_u,TopWdth_u,TopWdthCC_u,ChSlp_u,BtmWdth_u,lon_u,lat_u,Shape_Area_u,Shape_Length_u,Reach_Length_u,Contributing_Area_d,alt_d,order_d,n_d,So_d,Kchan_d,nCC_d,TopWdth_d,TopWdthCC_d,ChSlp_d,BtmWdth_d,lon_d,lat_d,Shape_Area_d,Shape_Length_d,Reach_Length_d
06289000,1.225528490327006,2122.77,2,0.06,0.02654,0,0.12,4.7365913,14.209774,0.587583,2.8419547,-107.52835,44.844902,0.0003020222846505,0.1509969389790155,0.0062714354915248,1.219189689256695,1311.25,4,0.055,0.00956,0,0.11,20.24206,60.726177,0.30958512,12.145236,-107.59507,45.022217,0.0010316274127537,0.1954945151558589,0.0396445259222823
06468250,0.9488761050041824,461.63,2,0.06,1e-05,0,0.12,16.882675,50.648026,0.33539045,10.129605,-98.938126,47.455402,2.146991564456121e-05,0.0349277273483562,0.0011726834223653,0.944038326724686,439.15,4,0.055,1e-05,0,0.11,37.868347,113.60505,0.23483916,22.72101,-98.80582,47.372192,0.0014613766881379,0.2693393963402104,0.0552124921451718
04197100,0.1151118969466941,279.37,4,0.055,0.00023,0,0.11,13.85614,50.0,0.36593437,8.3136835,-82.835785,41.035892,0.0003301814583551,0.1093408212414236,0.0206916286751393,0.1101603654411522,249.87,4,0.055,0.00226,0,0.11,18.606565,55.8197,0.32130837,11.163939,-83.12275,41.017376,0.0001520383694935,0.080055090218341,0.0225671826756171
05408000,0.550439845172175,280.2,3,0.055,0.00346,0,0.11,10.40026,31.200779,0.41531053,6.2401557,-90.632095,43.727573,0.000488391119335,0.1427535976722985,0.0301139523531918,0.5458265996781766,241.05,5,0.05,0.00244,0,0.1,22.844404,70.0,0.29349938,13.706643,-90.64088,43.56755,3.750210701514047e-05,0.0414988741344623,0.0084358287182536
08079600,0.4094527930342717,707.42,2,0.06,0.00545,0,0.12,5.855726,17.567177,0.5350943,3.5134354,-101.285545,32.996048,0.0003398302455852,0.13213865625854,0.0104135891635992,0.4061015269809808,681.56,3,0.055,0.00164,0,0.11,26.93498,80.80494,0.27292722,16.160988,-101.180954,33.039707,0.0003344600003665,0.1096853553076063,0.0312345678422886
02479300,0.0122742388070481,46.55,1,0.06,0.00794,0,0.12,2.5124724,7.537417,0.7772373,1.5074834,-88.944046,30.807169,0.0001027288348011,0.0627717931123545,0.0218858380236641,0.0084699348319879,8.01,5,0.05,0.00081,0,0.1,27.39343,82.18029,0.27090257,16.436058,-88.757195,30.727331,0.0002052185359515,0.0902152705080329,0.0183050623997832
04221000,0.129445847709423,677.62,1,0.06,0.02013,0,0.12,4.375293,13.125877,0.6085155,2.6251755,-77.81102,41.88305,0.0006042481553029,0.1445987762929065,0.037318992164772,0.1213751830413672,448.57,4,0.055,0.0004,0,0.11,23.354916,70.06475,0.2906515,14.01295,-77.96738,42.1349,0.0005895408069832,0.1773658493341815,0.0152903951526957
01030500,0.0285213559839278,89.73,4,0.055,0.00459,0,0.11,21.546618,64.639854,0.30117118,12.927971,-68.22219,45.55074,8.296032865953273e-07,0.0060094264674491,0.0010163580471699,0.026910378398576,63.83,5,0.05,1e-05,0,0.1,39.768955,119.30687,0.22981991,23.861374,-68.30786,45.49649,4.890009359900579e-05,0.033023892089419,0.0077940556429252
01169000,0.051220164369555,491.81,1,0.06,0.0001,0,0.12,4.430137,13.290412,0.6051804,2.6580825,-72.80639,42.818813,0.0006361784157286,0.144751970615665,0.0052859959640933,0.0439660850386098,140.81,4,0.055,1e-05,0,0.11,15.666306,50.0,0.34663928,9.399783,-72.73471,42.63472,1.0865374695348305e-05,0.0223989054751096,0.0030852601861941
06910800,0.5523390170243722,435.58,1,0.06,0.00711,0,0.12,4.3738503,13.121551,0.608604,2.62431,-96.1855,38.666702,0.0005761099324896,0.1821935395761157,0.0696034817000497,0.5477604501237824,321.25,5,0.05,0.00031,0,0.1,19.548925,70.0,0.3143807,11.729355,-95.95026,38.553883,0.0004078545419862,0.1215945218960111,0.0561989753477978
05585000,0.4425931150115373,143.2,5,0.05,1e-05,0,0.1,36.30176,108.90528,0.23925747,21.781055,-90.73511,40.16126,0.0002130289417066,0.0893601411414233,0.0461661565335773,0.4385982451779827,136.84,5,0.05,1e-05,0,0.1,38.58927,115.767815,0.23289339,23.153563,-90.616234,40.027267,0.0001129040721992,0.0740611689693775,0.0145984026855998
05057000,0.248507197933259,405.23,3,0.055,0.00196,0,0.11,15.242608,45.727825,0.35085768,9.145565,-98.02641,47.542835,0.0002631271845311,0.1136822306845927,0.0488269644712609,0.2417958394878604,390.53,4,0.055,1e-05,0,0.11,47.445564,142.33669,0.21260372,28.467339,-98.03305,47.428486,4.731726217761263e-05,0.0336319762070491,0.0145594841677513
05057200,0.2391997741000964,441.47,2,0.06,0.00083,0,0.12,13.0649605,39.19488,0.37555045,7.8389764,-98.47896,47.52021,0.0013455189437407,0.2352034173564652,0.0561754646574936,0.2241257323563845,401.83,4,0.055,1e-05,0,0.11,31.01301,93.039024,0.25646898,18.607805,-98.12139,47.20312,4.626458701485683e-05,0.0430598650946538,0.0058604890463286
05556500,0.4871001363109002,264.9,1,0.06,0.00583,0,0.12,3.985393,11.95618,0.6340962,2.3912358,-89.24537,41.59548,0.000457252779811,0.1768594262839157,0.0441933094704249,0.4792717297975463,170.37,5,0.05,0.0041,0,0.1,20.31841,70.0,0.30907133,12.191047,-89.49205,41.356358,6.062212122052585e-05,0.0502259354801443,0.0078330945354443
06339500,0.9654157656146184,661.82,1,0.06,0.01353,0,0.12,3.017794,9.053382,0.7168712,1.8106763,-101.90402,47.00279,0.0002209906050925,0.0937323816957549,0.0308450305925645,0.9591293250784868,567.15,6,0.05,1e-05,0,0.1,37.67065,113.011955,0.23538208,22.60239,-102.056625,47.163525,4.590963252475096e-06,0.0114271683456451,0.0020061335443315
03300400,0.4941919550522463,219.52,3,0.055,0.00117,0,0.11,12.851773,38.55532,0.37828618,7.711064,-85.109314,37.68946,0.0002371059332795,0.127958394939936,0.0181249759451496,0.4877103543322209,167.77,5,0.05,0.00253,0,0.1,26.674671,80.02401,0.27409905,16.004803,-85.30045,37.828117,9.219735137715358e-05,0.0530217209909369,0.0129659695219674
06911900,0.5472022040258767,345.99,4,0.055,0.00135,0,0.11,10.828132,50.0,0.4079888,6.496879,-95.98839,38.8017,0.0004415251145397,0.1284572792001579,0.0362379294157471,0.5448299339513856,312.73,5,0.05,0.00095,0,0.1,16.958294,70.0,0.33472985,10.174976,-95.83078,38.70811,0.0001469793750943,0.0793100133575036,0.0152077724875394
03346000,0.4536136450499506,190.92,2,0.06,0.002,0,0.12,7.9274654,23.782396,0.4681575,4.7564793,-87.943985,39.43263,0.0003861308380156,0.1285446625672708,0.0280934994262667,0.4369238186956283,139.85,4,0.055,3e-05,0,0.11,24.072214,72.216644,0.28679827,14.443329,-87.95153,38.979324,0.0015089869074513,0.2733112606039549,0.0668098956056752
07346045,0.1175771985976961,71.88,3,0.055,0.00049,0,0.11,12.590824,37.772472,0.38172525,7.5544944,-94.45709,33.004738,3.586529527851408e-05,0.0364836380133156,0.0091646004434394,0.1056077454146652,54.78,4,0.055,0.0003,0,0.11,25.778553,77.335655,0.27826262,15.467132,-94.32359,32.792645,0.0021624861729828,0.2927972499613929,0.0473154966160968
09081600,0.5389565988479816,2760.71,2,0.06,0.05404,0,0.12,9.18706,27.56118,0.43867013,5.512236,-107.09941,39.057426,6.013000960164422e-05,0.0507684089939832,0.0099560908790027,0.5298189744486499,2071.0,3,0.055,0.00021,0,0.11,20.825916,62.477745,0.3057256,12.495549,-107.23496,39.247173,2.0660054057998822e-06,0.0079638658200288,0.0014471754745031
02310947,0.1056539792443853,38.45,1,0.06,1e-05,0,0.12,2.8857358,8.6572075,0.73116356,1.7314414,-81.85523,28.252111,0.0001506136610205,0.090808236544802,0.0147835755681733,0.0991890051285021,25.59,4,0.055,0.00036,0,0.11,22.88242,68.647255,0.29328418,13.729451,-82.0742,28.299149,0.0007769996826065,0.2368552812009952,0.0344501702474306
01031500,0.0337281322567665,212.11,1,0.06,0.0173,0,0.12,2.9619353,8.885805,0.72280455,1.7771611,-69.538246,45.22173,0.0002026051355648,0.0952247342600902,0.0165821258768714,0.029042391877415,109.84,5,0.05,0.00207,0,0.1,23.462976,70.38893,0.2900602,14.0777855,-69.30621,45.172623,0.0002151972660167,0.0856383306785151,0.0171178706411558
05444000,0.4959612085111808,240.13,1,0.06,0.0083,0,0.12,3.268831,9.806494,0.6920397,1.9612987,-89.723724,42.002712,0.0002568244950126,0.1091294820167868,0.0271410371986729,0.491918943179691,202.12,5,0.05,1e-05,0,0.1,18.36984,70.0,0.32312858,11.021904,-89.700714,41.88945,5.867814553975742e-05,0.0448944832955657,0.015536566968723
06221400,1.3725378622259758,3216.46,1,0.06,0.28523,0,0.12,2.5131776,7.5395327,0.7771411,1.5079066,-109.58093,43.32527,7.890200183563506e-06,0.0139062482897749,0.003675635785519,1.3677134502998871,1976.69,4,0.055,0.00029,0,0.11,15.564927,50.0,0.34763354,9.338957,-109.40431,43.352562,0.0002946830654976,0.0986140261163732,0.0010616210866385
07301410,0.4120410676621902,757.54,3,0.055,0.00062,0,0.11,17.824232,53.4727,0.32745555,10.69454,-100.37589,35.506603,0.0005374677696758,0.1433043624851753,0.0202040409823301,0.4025547509811406,671.78,3,0.055,0.00125,0,0.11,24.113564,72.34069,0.2865812,14.468139,-100.090225,35.480682,1.6357399946228577e-05,0.0224530955272939,0.0069214158893853
05584500,0.4506815421411621,203.93,1,0.06,0.00473,0,0.12,4.001747,12.005242,0.6329516,2.4010484,-91.07369,40.289547,0.0004537865023478,0.1698671213455877,0.0492021745921663,0.4479134139970359,154.73,5,0.05,7e-05,0,0.1,30.678509,92.03553,0.25769892,18.407106,-90.87687,40.32928,0.0004498047946942,0.1617490823005025,0.0242354337915065
02481510,0.0043799113786138,37.85,1,0.06,1e-05,0,0.12,0.78125757,2.3437726,1.3012644,0.46875456,-89.35055,30.590055,3.3010699605248618e-06,0.0112161948366196,0.0016869324762865,0.0023792528825259,9.11,5,0.05,1e-05,0,0.1,23.926437,71.77931,0.28756788,14.355863,-89.25806,30.470726,0.0001073704663871,0.0646015303537833,0.0104833663612263
02108000,0.0338734520558849,20.38,2,0.06,0.00023,0,0.12,7.4478607,22.343582,0.48122603,4.4687166,-78.019966,34.865093,8.952481031260581e-05,0.0650936272348873,0.0071339449325102,0.0307127983347109,7.94,5,0.05,0.00129,0,0.1,29.76382,89.291466,0.2611633,17.858292,-77.83304,34.826233,7.892687808972671e-06,0.0130691092673436,0.0035160544809607
02221525,0.0834522779920202,142.59,3,0.055,0.00226,0,0.11,6.856131,30.0,0.49912632,4.1136785,-83.634544,33.368114,0.0002422209796153,0.0920281558927239,0.0221969425163332,0.0805318005004187,117.02,5,0.05,1e-05,0,0.1,20.16851,70.0,0.31008267,12.101107,-83.478134,33.250774,3.86634593226661e-05,0.0428098981510083,0.0058106540135728
02082950,0.0369467410065425,67.3,3,0.055,0.00085,0,0.11,9.591408,30.0,0.43041313,5.7548447,-77.99158,36.378918,7.655711215708092e-05,0.056586934648135,0.0091442764167732,0.0322657144393325,38.62,4,0.055,0.00115,0,0.11,19.698158,59.094475,0.3133277,11.818895,-77.88776,36.176052,0.0001475872834771,0.0724391681167923,0.0199896018149374
07301500,0.3832745375583255,613.69,2,0.06,0.00507,0,0.12,5.154671,15.464014,0.5660602,3.0928028,-99.79984,35.18258,0.0003300607296615,0.1101527901464612,0.0342769928690076,0.3661831055239145,511.71,5,0.05,1e-05,0,0.1,47.648598,142.94579,0.21220356,28.589159,-99.5035,35.16773,1.593919513933165e-05,0.0216093351028609,0.004272206459185
08014500,0.0500350597693632,75.36,2,0.06,0.00158,0,0.12,8.046267,24.1388,0.4650953,4.82776,-92.98887,31.076117,0.0007978468499684,0.1836310649479696,0.0521313469341028,0.0339707414111481,14.36,5,0.05,0.00035,0,0.1,28.528467,85.5854,0.26609352,17.11708,-92.928825,30.628626,0.0015008632418229,0.3098189765040323,0.0851425497878812
06784000,0.611986078702435,636.04,2,0.06,0.00129,0,0.12,5.764264,17.292791,0.5388236,3.4585583,-98.919655,41.08438,2.5460611309045715e-05,0.0358676273930647,0.0050456066945772,0.606859603121815,588.49,6,0.05,1e-05,0,0.1,46.15829,138.47487,0.21519941,27.694975,-98.73654,41.033283,6.225413579196604e-05,0.0430454716401634,0.0043073811349795
08196000,0.1029132157530376,499.95,3,0.055,1e-05,0,0.11,12.440611,37.32183,0.38375187,7.4643664,-99.85933,29.62634,4.5608322589571423e-05,0.0524745832840903,0.0068748499842346,0.0990331645025292,411.59,4,0.055,0.00413,0,0.11,17.562973,52.68892,0.32959569,10.537784,-99.78093,29.491064,0.0004128799766543,0.1433821858208097,0.0202234826064639
08198500,0.1048411448709793,493.44,2,0.06,0.00608,0,0.12,8.13091,24.392729,0.46295303,4.8785458,-99.615166,29.703857,0.0006537945651086,0.1827472741090635,0.0324426139356041,0.090695432420923,248.18,4,0.055,0.00153,0,0.11,24.548502,73.6455,0.28432995,14.7291,-99.466064,29.226309,0.0020809624184593,0.4263557353583406,0.0805628741918491
08194200,0.0767581755104784,155.44,2,0.06,0.00138,0,0.12,9.967457,29.902372,0.42317206,5.9804745,-99.218254,27.71134,0.0003313941414084,0.1066633297455489,0.0209973300388819,0.0665430571972755,90.36,4,0.055,0.00092,0,0.11,27.62817,82.884514,0.2698847,16.576902,-98.94252,27.9915,0.000771517126657,0.2305348087998298,0.0226925823505699
05399500,0.6329979639844301,398.94,2,0.06,0.0125,0,0.12,5.600043,16.800129,0.54573834,3.3600256,-90.26897,44.887806,5.433238304194799e-06,0.0198403892805337,0.0012771840516796,0.6295288505214219,353.46,4,0.055,0.00104,0,0.11,21.298836,63.89651,0.30271193,12.779302,-90.06951,44.822067,7.986856072399413e-05,0.056256320907315,0.0088688726478925
04216418,0.1114788627292989,459.71,2,0.06,0.02121,0,0.12,5.641715,16.925146,0.5439563,3.385029,-78.270645,42.761955,0.0001561780381778,0.0897337815551326,0.0173006229341631,0.1085786287815375,290.33,4,0.055,0.00223,0,0.11,15.07717,50.0,0.35255098,9.046303,-78.27219,42.873085,0.0003013300071167,0.1031049133923204,0.0299575267479606
06803530,0.5825182085068671,397.6,1,0.06,0.01188,0,0.12,2.6096523,7.8289566,0.7643327,1.5657912,-96.65956,41.119743,0.0001306603887908,0.0638638294140203,0.0159456929484615,0.5806066253274891,341.4,5,0.05,1e-05,0,0.1,17.157326,70.0,0.33301115,10.294395,-96.542465,41.01491,3.227695519499423e-05,0.0383715114030215,0.0035633893510417
08195000,0.1076073148369538,643.49,1,0.06,0.03153,0,0.12,3.1716743,9.515022,0.7013135,1.9030045,-99.82804,29.76969,0.0002017452676293,0.0882947390495636,0.0187568382801376,0.0986495566328464,368.68,4,0.055,0.00275,0,0.11,25.914474,77.74342,0.27761775,15.548684,-99.695625,29.460663,0.0021585458646458,0.3413217866150872,0.0790809298334702
08202700,0.0933788990753383,494.16,1,0.06,0.02021,0,0.12,3.832265,11.496795,0.64515203,2.2993588,-99.3611,29.620892,0.0003514378401639,0.1028311816483594,0.0188811166825391,0.0856192196939537,269.13,3,0.055,0.0012,0,0.11,19.38798,58.16394,0.3155294,11.632788,-99.29648,29.339846,0.0006572717831856,0.1476873160186551,0.0394212808460521
05413500,0.5247375771527935,221.89,5,0.05,0.00136,0,0.1,18.446531,70.0,0.32253522,11.067919,-90.83529,42.81582,4.695503053467014e-05,0.0419400778538456,0.0079682548745067,0.5199383615195908,184.74,5,0.05,8e-05,0,0.1,23.7561,71.268295,0.28847572,14.253659,-90.763954,42.6824,0.0002098682101968,0.0900277854087536,0.0218198272955431
03144000,0.6225504489725079,313.33,2,0.06,0.00939,0,0.12,4.1744556,12.523367,0.6212621,2.5046735,-82.25517,40.300003,0.0001100163179979,0.0608448761525119,0.0198405615611086,0.6170412836570053,228.58,4,0.055,0.00176,0,0.11,18.204306,54.612915,0.32442158,10.922584,-82.13744,40.128883,3.556591408368796e-05,0.0303351961814338,0.0086637947138539
11124500,0.0181563663390714,622.33,2,0.06,0.0626,0,0.12,5.2047215,15.614164,0.56365216,3.122833,-119.77508,34.62532,7.121840724064772e-05,0.0430052299330695,0.0109076611020764,0.0160328083510191,231.26,4,0.055,0.0006,0,0.11,14.734492,50.0,0.35614505,8.840695,-119.92436,34.580772,0.0004951084422184,0.1316926080710919,0.0304184482552314
02092500,0.0226019101797456,14.62,4,0.055,0.00047,0,0.11,12.638791,50.0,0.38108543,7.583275,-77.57247,35.048298,0.0005434991620748,0.1622607691673938,0.0350931242304062,0.0193878619555279,7.36,4,0.055,0.00017,0,0.11,19.632257,58.89677,0.31379128,11.779354,-77.439156,35.07174,0.0003878641952255,0.1244234421353397,0.0482560349195271
08178880,0.0812226122267463,548.56,1,0.06,0.01685,0,0.12,4.886069,14.658207,0.5795837,2.9316413,-99.32353,29.843224,0.0007195668136612,0.1645323449003113,0.0483794420635691,0.0715232180671606,359.28,4,0.055,0.00222,0,0.11,25.753687,77.261055,0.2783811,15.452211,-99.03866,29.717842,0.000260384836074,0.1279814586127556,0.0282334390533109
06278300,1.251314031706234,3128.32,1,0.06,1e-05,0,0.12,3.2389405,9.716822,0.6948501,1.9433643,-107.300224,44.45638,2.84942610582876e-06,0.0096102944246516,0.0009169949979049,1.2479562504384063,2747.96,2,0.06,0.00421,0,0.12,9.931265,29.793797,0.4238517,5.9587593,-107.40993,44.51283,0.0003205544330767,0.120780173268645,0.0113398555487789
05592050,0.4310762633659195,197.97,2,0.06,0.00011,0,0.12,7.4922724,22.476816,0.47996545,4.495363,-88.80893,39.518986,0.0001611797316481,0.1012775260388993,0.0075573415544837,0.425946547385283,168.61,4,0.055,0.00053,0,0.11,16.718115,50.154343,0.33684295,10.030869,-88.87008,39.37496,0.0003644565895988,0.121865193593432,0.0241505288314832
05595730,0.4015506446209263,143.09,3,0.055,0.00051,0,0.11,8.420176,30.0,0.4558679,5.052105,-89.13837,38.351723,5.083107877408164e-05,0.0389363144128896,0.0117119438561788,0.399457016474046,128.08,4,0.055,0.0003,0,0.11,15.509985,50.0,0.34817627,9.305991,-89.03327,38.24634,4.353274517163455e-06,0.0118110483718365,0.0027259094528892
04196800,0.1159132855972806,250.25,4,0.055,0.00036,0,0.11,19.691122,59.073368,0.31337708,11.814673,-83.35699,40.821323,0.000240741622451,0.1008958285912937,0.0309441418751468,0.1132281822566966,240.36,4,0.055,0.00072,0,0.11,21.507957,64.52387,0.3014099,12.904775,-83.33984,40.924202,1.125711620696054e-05,0.0180981296275938,0.0047053588447255
06470800,0.8810787350258826,426.0,3,0.055,0.00121,0,0.11,14.347424,43.04227,0.36035243,8.608455,-98.0163,46.584766,0.0001327827155129,0.0750880778729876,0.0189295822445252,0.8608723446948177,396.23,4,0.055,0.00024,0,0.11,23.543808,70.631424,0.28962043,14.126285,-98.08823,46.187122,0.0040450204941497,0.5187869386587903,0.113689632488926
03049800,0.6568949294560391,307.69,3,0.055,0.00238,0,0.11,6.3278937,30.0,0.51709723,3.7967362,-80.02652,40.62345,3.7165135642972414e-05,0.0305980847353587,0.0067653458627645,0.6545584948284254,227.55,3,0.055,0.00023,0,0.11,13.53491,40.604733,0.3697408,8.120946,-79.94723,40.50802,7.296106113045398e-05,0.0575904887254763,0.0145250641438592
10329500,0.1835135759731112,1609.09,4,0.055,0.02393,0,0.11,8.312082,50.0,0.45847383,4.98725,-117.36327,41.637424,0.0002829278421533,0.1048189043093894,0.0264784027866752,0.1814737288276986,1419.0,5,0.05,0.02582,0,0.1,19.60119,70.0,0.3140106,11.760715,-117.42303,41.529137,0.0001391303589348,0.0816037052925404,0.0039121542594551
04185000,0.1234634376177325,225.69,1,0.06,0.00492,0,0.12,2.4256492,7.2769475,0.78939044,1.4553895,-84.34045,41.609257,0.0001061590289138,0.0651313192333977,0.0169608165844528,0.1207628380773064,210.85,4,0.055,0.00024,0,0.11,26.147303,78.44191,0.27652442,15.688381,-84.43072,41.50203,5.958982833575381e-05,0.0454143808781813,0.0048514522773231
06453600,0.7206555466628991,534.6,1,0.06,0.00498,0,0.12,6.269248,18.807745,0.5192257,3.7615488,-98.7374,42.876297,0.0017677550315542,0.2768716399706729,0.0701464827763568,0.6979792081081049,373.83,3,0.055,0.00102,0,0.11,33.08488,99.25465,0.24925512,19.85093,-98.13934,42.805996,0.0008285100261071,0.1837750859341508,0.0373723229862673
09210500,0.5967953780071775,2332.87,1,0.06,0.05458,0,0.12,2.6388233,7.9164696,0.7605935,1.5832939,-110.5748,42.16613,0.0001371710485638,0.0664251243226235,0.0140730429258858,0.5930442308071174,2119.98,4,0.055,0.00415,0,0.11,18.686726,56.060177,0.32069957,11.212035,-110.414345,42.095577,1.2928976272290876e-05,0.0251389574217721,0.0014161653775973
02196000,0.0800552745276968,117.61,1,0.06,0.00512,0,0.12,4.9786215,14.935864,0.5748053,2.9871728,-82.033424,33.84497,0.0007934620005713,0.1792245774063813,0.0309144895537699,0.0761043257931866,63.04,5,0.05,0.00057,0,0.1,28.750742,86.25223,0.26518396,17.250444,-82.179726,33.718235,0.0003408077721716,0.1171465626577287,0.0128240787611511
06464500,0.7616654602286609,683.0,3,0.055,0.00125,0,0.11,18.171322,54.513966,0.32468125,10.902793,-100.12006,43.114716,0.0001561739725486,0.0904258053372173,0.025291953937177,0.7500427606519802,621.88,5,0.05,0.00074,0,0.1,36.862247,110.58675,0.23764564,22.11735,-99.76168,43.014397,1.1130246642476376e-05,0.0179515130758389,0.0044004664267683
05412500,0.5281069904880522,258.69,1,0.06,0.02304,0,0.12,2.3739872,7.121962,0.7969236,1.4243923,-91.432755,42.78413,0.0001014877131218,0.0582366732687275,0.0172764219304414,0.5252445326436269,195.1,6,0.05,1e-05,0,0.1,41.114056,123.34216,0.22647192,24.668432,-91.23847,42.73109,0.0010577763658855,0.2171921475047117,0.0704978282783641
08013000,0.0567521256074453,46.27,2,0.06,1e-05,0,0.12,5.74478,17.23434,0.53962904,3.4468682,-92.75993,31.126104,1.4468411994652107e-06,0.0074712852623665,0.0022693972371091,0.0531798221025855,36.59,5,0.05,0.00036,0,0.1,28.281084,84.843254,0.26711792,16.96865,-92.68085,30.948582,0.0027292229227754,0.4345051754543627,0.1079836927886798
09484600,0.0519893973301741,1255.39,1,0.06,0.0128,0,0.12,3.8898556,11.669567,0.64092046,2.3339133,-110.442604,31.980925,0.0003761004783598,0.1392027407764451,0.0218967918300823,0.0441994324347807,974.46,5,0.05,0.01184,0,0.1,27.034098,81.102295,0.2724853,16.220459,-110.679955,32.035786,2.3887371583574552e-05,0.0392633773659149,0.0021145044238048
11162500,0.0038773930256318,638.84,1,0.06,0.15677,0,0.12,3.139954,9.419862,0.70443034,1.8839724,-122.1897,37.30565,0.0002134120538687,0.0782152930333855,0.0191944214540329,0.0010841663712515,25.32,3,0.055,0.00065,0,0.11,12.48264,37.44792,0.38318127,7.4895844,-122.338486,37.259808,3.7481206266172303e-05,0.0338561589767971,0.0083197530385514
07060710,0.2527072615368108,262.05,2,0.06,0.01873,0,0.12,3.9387763,11.816329,0.6373963,2.3632658,-92.34075,36.070557,9.26488083152201e-05,0.0706101651493944,0.0111213815596138,0.2505528163280885,134.44,4,0.055,0.0022,0,0.11,13.649847,50.0,0.36836404,8.189908,-92.1985,35.989616,0.0002740744256215,0.107995855915201,0.0318977275005251
07056000,0.2696365455734243,477.86,1,0.06,0.1363,0,0.12,2.4248936,7.274681,0.7894989,1.4549361,-92.8496,35.845818,9.795792680255617e-05,0.0556162013945876,0.0167655388878187,0.2667921339060132,174.39,5,0.05,1e-05,0,0.1,33.16245,99.48734,0.24899775,19.897469,-92.73855,35.996155,0.0002644544173772,0.0890791691995094,0.0475623817250913
05393500,0.6599672788716455,517.19,1,0.06,0.00892,0,0.12,3.340108,10.020324,0.68548524,2.0040648,-90.17872,45.38652,0.0001333835907846,0.0763557725236377,0.0194630700052255,0.654540142326635,441.36,4,0.055,0.00087,0,0.11,16.527103,50.0,0.33855495,9.916262,-89.968094,45.44377,0.0007044862208758,0.1920006702886162,0.0313640644950996
04224775,0.1098152034300712,592.93,1,0.06,0.02763,0,0.12,4.220817,12.662452,0.6182422,2.5324903,-77.84701,42.516144,0.0005490293004789,0.1309805442566553,0.0296369147592479,0.1038879074297037,214.24,4,0.055,0.00043,0,0.11,16.73701,50.211025,0.33667514,10.042205,-77.69998,42.541756,3.945256550610167e-07,0.0032767327315165,0.0004160891648756
08324000,0.8680911389328895,2692.75,1,0.06,0.07175,0,0.12,4.1726117,12.517836,0.6213832,2.5035672,-106.832016,35.839405,0.0004833677583141,0.1471103376851287,0.0456888357060566,0.8636006264977932,1718.43,5,0.05,0.00711,0,0.1,27.358688,82.076065,0.2710543,16.415213,-106.7414,35.661095,6.091692891221841e-06,0.0171482350246152,0.0010481880011891
11381500,0.0774812999703969,750.81,3,0.055,0.02239,0,0.11,14.1321535,42.39646,0.36276388,8.479292,-121.674225,40.197018,0.0001722877805761,0.0953838744431005,0.0120000309042724,0.0689631978010744,114.15,3,0.055,0.00193,0,0.11,17.775219,53.32566,0.3278536,10.665132,-122.05007,40.059757,0.0003150357607966,0.112894725679511,0.0273025067612215
02149000,0.117572576505045,368.22,2,0.06,0.00781,0,0.12,5.5128484,16.538546,0.5495298,3.3077092,-82.0484,35.58101,5.6113900627352376e-05,0.0508072119330578,0.0057839428058273,0.1149718008238522,254.85,4,0.055,0.00389,0,0.11,14.956103,50.0,0.35380718,8.973662,-82.112625,35.41951,4.439155261212291e-05,0.0367583163637375,0.0077029787536047
02296500,0.0243740361769091,16.46,3,0.055,0.00056,0,0.11,13.26817,39.804512,0.37300193,7.960902,-81.6438,27.532312,0.0002764270180009,0.0972098603089193,0.0131280158415285,0.0180721878081234,7.34,4,0.055,0.00011,0,0.11,24.2955,72.8865,0.28563243,14.5773,-81.81041,27.374487,0.0006538521767006,0.1600113212372413,0.0494606989754691
04040500,0.3198450010719412,509.75,1,0.06,0.00102,0,0.12,6.099101,18.297304,0.525567,3.6594608,-88.34483,46.542187,0.001735249973669,0.3143809777312423,0.0605566043452344,0.3093720444748231,357.72,4,0.055,0.00931,0,0.11,19.470055,58.410164,0.3149419,11.682033,-88.58793,46.57933,7.710615771737407e-06,0.0148525796066899,0.0026558845546608
05525500,0.5246681579002551,255.89,1,0.06,0.00586,0,0.12,3.85851,11.57553,0.6432123,2.315106,-87.39115,40.604294,0.0004095155610762,0.1528454683738088,0.0396273592679952,0.5185807319729432,192.65,5,0.05,1e-05,0,0.1,26.878984,80.636955,0.27317792,16.127392,-87.72141,40.643333,3.257691549103709e-05,0.0462875268330423,0.0045577095042348
04256000,0.1074290829970285,438.84,2,0.06,0.00638,0,0.12,5.2208014,15.662404,0.56288564,3.1324806,-75.19954,43.80359,4.227733035061395e-06,0.0142077689033814,0.0019116499144071,0.1037583176055046,228.54,4,0.055,1e-05,0,0.11,15.592891,50.0,0.34735835,9.355734,-75.368225,43.731194,1.4377162150814234e-05,0.0217177772159928,0.0049558675810971
04024430,0.3007181331450482,237.33,3,0.055,0.00777,0,0.11,7.912047,30.0,0.46855977,4.747228,-92.35956,46.501095,9.387281954065047e-06,0.0163243428217205,0.0026439257010526,0.2962389161864465,184.01,5,0.05,1e-05,0,0.1,26.611156,79.833466,0.2743875,15.966694,-92.064545,46.665867,0.0006319984905102,0.1656218957882747,0.0651354391331694
11383500,0.0710312652932662,1111.14,1,0.06,0.17298,0,0.12,3.6978128,11.093438,0.6553978,2.2186878,-121.64367,40.138123,0.0002289360045878,0.1141792407574363,0.0237422308882128,0.0636779455990095,150.55,4,0.055,0.0068,0,0.11,20.763485,62.29045,0.3061308,12.458091,-121.95445,40.01168,7.538699032275348e-05,0.065638019866707,0.002986683269179
03180500,0.6600023106515355,1142.83,1,0.06,0.08168,0,0.12,2.3076303,6.922891,0.8069535,1.3845782,-79.637856,38.610847,8.777729840207795e-05,0.0508781546798425,0.0069662477824455,0.655746380513973,818.62,4,0.055,0.00275,0,0.11,17.90494,53.714817,0.32680357,10.742964,-79.84176,38.528812,0.000221755359751,0.0795806340364456,0.0190025601415007
06224000,1.368582931315253,2841.55,3,0.055,1e-05,0,0.11,9.709145,30.0,0.4281026,5.825487,-109.4616,43.048702,3.440372698488292e-05,0.0510469418447105,0.0030596646221211,1.3588758248862831,1787.2,4,0.055,0.00343,0,0.11,20.052053,60.156162,0.3108759,12.031232,-109.19399,43.17126,0.0006034895759399,0.186681245097084,0.0208580717051234
05414000,0.5240211242867517,304.08,1,0.06,0.0228,0,0.12,3.7259216,11.177765,0.65321183,2.235553,-90.569046,42.833416,0.0003823739497525,0.1119355253023741,0.0276559953090553,0.5209849623106056,197.58,4,0.055,0.00289,0,0.11,18.288229,54.86469,0.32376394,10.972938,-90.63565,42.726887,0.0001826054584146,0.0899359707376673,0.0126238871488787
06406000,0.9190996001476616,1485.49,1,0.06,0.01922,0,0.12,5.256212,15.768637,0.56120944,3.1537273,-103.48274,43.90581,0.0008556245873676,0.2095974747865702,0.045321083635759,0.9133475745497064,995.12,4,0.055,0.00352,0,0.11,19.585524,58.756573,0.31412137,11.751314,-103.17429,43.82814,0.0004874492004552,0.1198229714576479,0.0377583549762483
06440200,0.84852808681389,767.92,2,0.06,0.0038,0,0.12,6.3018413,18.905523,0.5180392,3.7811048,-101.89109,43.84005,0.0008158913552858,0.2479909144146388,0.0618450973367567,0.8439056004143061,686.58,5,0.05,0.00016,0,0.1,22.234331,70.0,0.2970254,13.340598,-101.76985,43.969017,1.2919935532468205e-05,0.0191200342434672,0.0050807130557996
03182500,0.6469613804368566,912.71,1,0.06,0.03243,0,0.12,4.2928033,12.878409,0.6136468,2.575682,-80.03582,38.09073,0.0005409674429282,0.1432335925099509,0.0421483465673758,0.6404198489594123,637.24,4,0.055,0.00013,0,0.11,28.642637,85.92792,0.26562506,17.185583,-80.127174,38.180527,0.0001423264409942,0.0764729730636698,0.0125126630561246
08176900,0.0121263743471967,69.35,1,0.06,0.00597,0,0.12,3.16132,9.48396,0.70232594,1.8967919,-97.42424,28.933872,0.0001982207036131,0.078251351720721,0.0185840815033693,0.0086917463096519,33.14,5,0.05,1e-05,0,0.1,24.980854,74.942566,0.2821483,14.988513,-97.21505,28.859663,0.0001262556244676,0.0720442282922218,0.0134507540782049
04124000,0.2838105144706827,277.96,4,0.055,1e-05,0,0.11,31.105984,93.317955,0.2561305,18.66359,-85.48992,44.49874,1.22203210459152e-05,0.0173873315186299,0.0034428304011923,0.2750057131580364,249.98,4,0.055,1e-05,0,0.11,33.76711,101.30132,0.24702072,20.260265,-85.705826,44.43771,0.0001079374689402,0.0587232415997269,0.0139699263687594
06350000,0.9527762443449752,804.64,1,0.06,1e-05,0,0.12,0.698017,2.0940511,1.3675762,0.41881022,-102.8136,46.399296,2.947865780657764e-06,0.0094728901411716,0.0014161123378657,0.9456069798276968,742.23,5,0.05,0.00062,0,0.1,29.42329,88.26987,0.2624925,17.653975,-102.52444,46.411873,0.0008668233969454,0.1869649404419658,0.0832165876007531
10234500,0.1080688677967275,3364.73,1,0.06,0.14035,0,0.12,2.5918412,7.7755237,0.76664555,1.5551047,-112.40609,38.375217,0.0001231293132317,0.0642360357038201,0.0160011641282389,0.1032564162192264,1883.48,4,0.055,0.04261,0,0.11,15.700099,50.0,0.3463099,9.420059,-112.577126,38.28042,4.086398286087921e-05,0.0423725037219412,0.0025345237867911
04056500,0.2664400369529804,202.09,1,0.06,0.02427,0,0.12,2.9082074,8.724622,0.72866565,1.7449244,-85.99913,46.182278,0.0001952816928103,0.0816808429409577,0.0033300544926971,0.2581297577139457,187.9,5,0.05,1e-05,0,0.1,36.833813,110.501434,0.23772657,22.100286,-86.17192,46.039185,0.0003922793494712,0.1643960490901032,0.0282996291893966
04045500,0.3069695415979651,216.44,4,0.055,1e-05,0,0.11,18.137278,54.411835,0.32494998,10.882367,-85.242004,46.42576,3.1599360726290724e-07,0.0026415834589615,0.0005425892889404,0.3024064142072772,216.18,5,0.05,0.00368,0,0.1,32.14016,96.42048,0.25246128,19.284096,-85.26307,46.574604,0.0001799906725003,0.1026322179088916,0.0056155362881313
05362000,0.6209161480230374,435.8,4,0.055,1e-05,0,0.11,19.100985,57.30295,0.31761226,11.46059,-90.38437,45.482098,0.0001277923288793,0.0813309212187932,0.0080051366302516,0.6052265226929288,334.82,5,0.05,0.00148,0,0.1,29.715403,89.1462,0.26135096,17.82924,-90.981445,45.299274,0.0007793465449799,0.2088126710563295,0.049244684866533
394220106431500,0.5401066535703646,3436.22,1,0.06,0.07615,0,0.12,3.7081122,11.124336,0.65459406,2.2248673,-106.60587,39.499218,2.6293055513333263e-05,0.0355884588449024,0.0015664908575858,0.5338105985685847,2087.68,5,0.05,0.00961,0,0.1,29.7465,89.239494,0.26123038,17.8479,-106.741585,39.693897,0.0005155260852726,0.1143473796642632,0.022908840492228
06344600,0.9743680930976718,826.38,1,0.06,0.00696,0,0.12,4.723163,14.16949,0.5883194,2.833898,-103.201164,46.973568,0.0008247076272739,0.2024350374926848,0.0428356936281003,0.9703549557685824,761.84,5,0.05,4e-05,0,0.1,18.979776,70.0,0.3185055,11.387866,-103.00949,47.01999,0.000173446512821,0.0853588539835778,0.0159400381890572
03471500,0.5945874053988264,821.82,1,0.06,0.01243,0,0.12,3.9219074,11.765722,0.6386043,2.3531444,-81.39388,36.774067,0.000181957779355,0.1044864638664286,0.0201071401234584,0.590291675356082,640.65,4,0.055,0.00366,0,0.11,15.012299,50.0,0.35322228,9.00738,-81.63484,36.761765,6.358089660800075e-06,0.0182146056026652,0.0022456617801215
04127997,0.2728003161305842,356.11,1,0.06,0.0503,0,0.12,2.285798,6.857394,0.8103448,1.3714788,-84.64956,45.04053,9.4251678112848e-05,0.0663289511710295,0.0081137618574706,0.2636702137516215,229.83,4,0.055,0.00301,0,0.11,20.090063,60.270187,0.31061628,12.054037,-84.61976,45.32185,0.0026866041661948,0.3553107768681584,0.0995559123290166
06339100,0.9845557129185246,781.13,1,0.06,0.01105,0,0.12,4.440202,13.320606,0.6045748,2.6641212,-103.01704,47.214943,0.000690756272614,0.160364122840414,0.0494813814518435,0.9791924376253504,658.54,5,0.05,0.00021,0,0.1,20.95818,70.0,0.3048729,12.574907,-102.75538,47.224895,0.00057274165358,0.1499173797352939,0.0563927164075127
06468170,0.9662235808985832,460.45,4,0.055,1e-05,0,0.11,28.93066,86.791985,0.2644551,17.358397,-99.13447,47.68586,1.2291948183383847e-05,0.0295521617672054,0.0015058988455258,0.9549445570752912,446.24,4,0.055,4e-05,0,0.11,34.03046,102.091385,0.24617551,20.418276,-98.850296,47.554615,1.1938189349253726e-05,0.0165196638386529,0.0054032278778366
06803510,0.6018826571481185,449.68,1,0.06,0.01779,0,0.12,2.4421551,7.326465,0.7870321,1.465293,-96.98873,41.0081,0.000107320106816,0.0573355207322549,0.0139788994238434,0.5857623474364888,340.39,5,0.05,0.00047,0,0.1,32.082844,96.248535,0.25266016,19.249708,-96.63884,40.88457,0.0022915258018598,0.3659377260917607,0.0603651847582122
06477500,0.7465412764690856,433.12,2,0.06,0.00027,0,0.12,6.6423087,19.926928,0.50615215,3.9853854,-98.544205,44.146946,2.4094763480325988e-05,0.0248473716065608,0.0076740399998276,0.7264232201643358,396.06,5,0.05,0.00076,0,0.1,28.506567,85.5197,0.26618367,17.103941,-98.20622,43.76803,0.00041498717574,0.1204720115996503,0.0585765724081181
02297310,0.0218460332427206,22.34,2,0.06,0.0003,0,0.12,10.221774,30.665321,0.41849443,6.1330643,-82.02308,27.495028,0.0001150699514152,0.0635393742204138,0.0128064428244461,0.0089716879086726,3.15,4,0.055,0.0015,0,0.11,21.196974,63.59092,0.30335286,12.7181835,-81.981384,27.171124,2.5406646522361966e-06,0.0080816400600907,0.0013995880378504
06280300,1.2662430033631649,1955.75,4,0.055,0.01245,0,0.11,21.103617,63.31085,0.30394417,12.662169,-109.622055,44.142227,6.124545923127677e-05,0.0557024545002689,0.0037659643050998,1.2654619017999749,1891.13,5,0.05,0.0924,0,0.1,23.628355,70.88506,0.28916276,14.177013,-109.554276,44.208267,4.053592704479452e-07,0.0033349717553234,0.0003003795598909
05593575,0.4047621115896307,164.32,1,0.06,0.00289,0,0.12,3.7799788,11.339936,0.64907396,2.2679873,-89.25944,38.38859,0.0003736142222715,0.1243697901779401,0.0355393579745315,0.4009638438737057,127.76,4,0.055,1e-05,0,0.11,15.2924,50.0,0.3503532,9.17544,-89.40552,38.44897,4.7647464339434666e-05,0.044041967941003,0.0095189615745804
02312200,0.0848973511618987,20.35,4,0.055,0.00012,0,0.11,25.951132,77.85339,0.2774447,15.570679,-82.13672,28.405256,0.0020894222155391,0.3801491694342353,0.0106492003807883,0.05880913988015,14.68,4,0.055,0.00046,0,0.11,31.914532,95.7436,0.25324714,19.14872,-82.2035,28.572304,4.13347857293664e-05,0.0341077977619875,0.00668541278664
11224500,0.0110954677536019,723.67,2,0.06,0.03035,0,0.12,5.0769677,15.230904,0.5698661,3.0461807,-120.65578,36.281044,0.0001174496116027,0.0559803089887182,0.0140987484937351,0.0082571272166383,311.89,5,0.05,0.00954,0,0.1,16.431683,70.0,0.3394209,9.85901,-120.45586,36.211735,9.245391014170396e-05,0.0582005091168385,0.0161971946302865
11253310,0.0036494659647267,1065.26,1,0.06,0.10482,0,0.12,4.1200624,12.360188,0.6248673,2.4720376,-120.61319,36.37272,7.411320949764906e-06,0.022855303599341,0.0016931939912973,0.0010664553813152,188.36,4,0.055,0.00715,0,0.11,12.612867,50.0,0.3814308,7.56772,-120.41395,36.404537,5.967551815911713e-05,0.0448135900376497,0.0150968760560948
02298123,0.0173509245524442,19.65,2,0.06,0.00079,0,0.12,11.43402,34.30206,0.39830562,6.8604116,-81.697235,27.169746,1.844015667835221e-05,0.0410070068634956,0.011791327439907,0.0122692772755517,8.62,4,0.055,0.00157,0,0.11,21.432262,64.29678,0.30187908,12.859358,-81.79268,27.050005,0.0003019364484028,0.1324619027503005,0.0101370655035265
05593900,0.4167887487499546,202.64,1,0.06,0.001,0,0.12,4.5266085,13.579825,0.599456,2.715965,-89.27222,39.3219,0.000643141595284,0.1512036159309893,0.0309807413778565,0.412455685332948,176.65,3,0.055,0.00125,0,0.11,13.477185,40.431557,0.37043867,8.086311,-89.357315,39.138733,0.0004599311235556,0.146269255965158,0.02566138470217
08171300,0.0613704654396037,279.35,3,0.055,1e-05,0,0.11,22.584955,67.75487,0.29498214,13.550973,-98.1996,30.000229,,,5.122742324775093e-06,0.0519266844307227,187.92,3,0.055,1e-05,0,0.11,26.30784,78.92352,0.2757787,15.784704,-97.90647,29.958681,9.87523983034268e-05,0.0796745383889071,0.0051929895923987
05120500,0.1412221926098577,514.9,2,0.06,0.00423,0,0.12,7.416585,22.249754,0.48212028,4.449951,-100.82913,47.92127,0.0001197811063059,0.0743596384569306,0.0243444043619773,0.0855392810865453,445.39,4,0.055,0.00041,0,0.11,25.201832,75.6055,0.28105417,15.121099,-100.5773,48.1951,6.423480533194391e-06,0.0115555555569792,0.0028923546219133
05123400,0.0588921546045688,448.02,3,0.055,1e-05,0,0.11,26.297325,78.891975,0.27582735,15.778395,-100.236565,48.59671,0.0003678358304877,0.1348222663116275,0.006570728718322,0.0295184992625935,437.64,5,0.05,9e-05,0,0.1,40.789234,122.36771,0.2272658,24.473541,-100.49906,48.581047,0.0033590282519392,0.401796080652501,0.1995314517548923
05056000,0.286281491846461,469.63,1,0.06,0.0227,0,0.12,2.7836127,8.350839,0.7428788,1.6701677,-98.9668,47.85272,0.0001770664965847,0.1063687110961459,0.023149408078726,0.2722779386268279,420.72,4,0.055,0.00075,0,0.11,42.032722,126.09816,0.22427471,25.219633,-98.657394,47.79778,0.0003019786507963,0.1065055654108334,0.0360587225708486
08175000,0.0325807968881787,85.33,4,0.055,0.0034,0,0.11,13.777184,50.0,0.3668581,8.266311,-97.71309,29.217636,0.0002164585039797,0.0818519333640334,0.008441818702845,0.0256803670652019,54.34,5,0.05,0.00023,0,0.1,28.905579,86.716736,0.26455635,17.343348,-97.44073,29.203669,0.0003834301209896,0.1808645626486835,0.0183707444409996
02315500,0.3149103874166029,34.04,2,0.06,0.00111,0,0.12,16.728918,50.186756,0.33674696,10.037352,-82.71554,30.619822,0.0044963538228423,0.495140204294711,0.0712593716695573,0.2974678292952896,16.97,5,0.05,0.00012,0,0.1,46.70004,140.10011,0.21409446,28.020023,-82.767166,30.328428,0.0010181952282072,0.2455181459837211,0.0463421249642091
02481000,0.0046191555838185,45.07,1,0.06,0.00738,0,0.12,2.3042977,6.912893,0.8074682,1.3825786,-89.21261,30.66495,7.953948225579704e-05,0.0530598989181403,0.0159417712366949,0.0028087315286944,6.57,5,0.05,0.00116,0,0.1,18.310064,70.0,0.32359353,10.986038,-89.107086,30.553501,1.4976471030391192e-05,0.0192097202513951,0.0033310838122765
08070200,0.0323068908340882,67.47,2,0.06,0.00357,0,0.12,4.9760017,14.928005,0.5749388,2.9856012,-95.29332,30.543226,1.98816917029574e-05,0.0275470360158067,0.0054829148242986,0.0148649845165766,13.1,5,0.05,1e-05,0,0.1,25.721243,77.16373,0.27853596,15.432746,-95.141464,30.112238,5.896738660841571e-07,0.004490025305477,0.0008482490632288
08070000,0.0330965623038108,70.43,4,0.055,0.00189,0,0.11,15.584934,50.0,0.34743658,9.350961,-95.33295,30.569489,2.7587948719109297e-05,0.0407338507914956,0.0063907398629749,0.0238815752201914,33.49,5,0.05,0.00064,0,0.1,24.767555,74.302666,0.28321776,14.860534,-95.09329,30.276575,0.0046796612661503,0.6127058874719035,0.1306787567295675
01078000,0.0422713346287837,277.25,2,0.06,0.00864,0,0.12,7.2714934,21.81448,0.48634094,4.362896,-71.94949,43.550266,0.0003420260157446,0.1171221049741542,0.0269477053059914,0.0382440408623581,137.54,4,0.055,0.02682,0,0.11,15.42319,50.0,0.34903935,9.253914,-71.73907,43.56872,0.0001411912500035,0.0647914232416803,0.0134934132885071
11264500,0.1322225149978611,3092.8,1,0.06,0.22228,0,0.12,3.019276,9.057828,0.716716,1.8115655,-119.37665,37.757748,0.0001913147256722,0.1009515754866551,0.0248401324238828,0.1280256295304056,1211.64,5,0.05,0.00288,0,0.1,21.397755,70.0,0.30209374,12.838654,-119.57028,37.744465,2.5577741867331973e-05,0.0435647634861905,0.0034917327951316
11266500,0.1294451751317095,1582.21,3,0.055,0.03679,0,0.11,10.1594305,30.478292,0.41962546,6.0956583,-119.513565,37.76773,4.260839559866457e-05,0.0481913202407965,0.003175079453177,0.125592762137941,1181.83,5,0.05,0.02089,0,0.1,24.065138,72.19542,0.28683546,14.439083,-119.67774,37.718197,0.0001449394367985,0.0794975257387377,0.0095055018110739
02427250,0.054672924110026,135.75,1,0.06,0.02069,0,0.12,2.625936,7.877808,0.762238,1.5755615,-87.016495,31.768183,0.0001181546922686,0.0651669148945181,0.011258998380932,0.0486789099227306,40.55,4,0.055,1e-05,0,0.11,22.383715,67.151146,0.29614922,13.430229,-87.07937,32.000156,3.435759035786545e-07,0.0030882783854837,3.1499982595125204e-05
06353000,0.919182036964075,614.69,5,0.05,0.00293,0,0.1,41.625645,124.87693,0.22523971,24.975386,-101.48873,46.03027,4.643488613350443e-05,0.0447000159257137,0.014689978394491,0.915688605374203,573.57,5,0.05,1e-05,0,0.1,42.81995,128.45984,0.22244622,25.691969,-101.31195,46.09222,1.8845982264952168e-06,0.0074284503427038,0.0009605117784368
12035000,0.0164935915219374,442.5,1,0.06,0.0596,0,0.12,4.182602,12.547805,0.62072796,2.509561,-123.3989,47.33237,0.0005807518645896,0.1382752517969791,0.0338380997542467,0.0064936984308333,8.69,4,0.055,0.00048,0,0.11,23.447119,70.341354,0.2901467,14.068271,-123.49119,46.9872,0.0001842177698002,0.0736156676508624,0.0359656738638832
07362100,0.0827560116254425,79.16,1,0.06,0.00882,0,0.12,2.7644055,8.293217,0.7451515,1.6586434,-92.86334,33.235825,0.0001396500840819,0.0703691714331571,0.0206698618671368,0.080215584817202,31.96,5,0.05,1e-05,0,0.1,25.51303,76.539085,0.27953655,15.307817,-92.77362,33.380733,6.976565752999499e-07,0.003559633769579,0.0008930259794871
09497800,0.2261882186318755,1257.59,5,0.05,0.00513,0,0.1,31.410975,94.232925,0.2550303,18.846584,-110.30929,33.79508,0.0001139052260055,0.0551885541731192,0.0218123920521335,0.2198114193326483,959.86,6,0.05,0.01604,0,0.1,52.195366,156.5861,0.20384033,31.31722,-110.55925,33.838055,1.902266302629308e-05,0.0230488727861005,0.0054012784117475
14306500,0.0114660586902021,183.71,2,0.06,0.01631,0,0.12,8.608456,25.825365,0.45144194,5.165073,-123.64702,44.261982,0.0010119694343247,0.1959532380211989,0.0401554913569476,0.004758468145324,12.31,5,0.05,0.00124,0,0.1,24.569496,73.70849,0.28422272,14.741698,-123.83811,44.39763,6.872626962395935e-05,0.045676812741471,0.0123594047341477
02479560,0.015793037590524,36.37,3,0.055,0.00139,0,0.11,10.87614,32.628418,0.4071933,6.5256834,-88.45724,30.964912,0.0001112231473715,0.0590132059724083,0.011826341570868,0.0127537019336311,15.24,5,0.05,0.00011,0,0.1,29.066868,87.20061,0.26390767,17.44012,-88.46784,30.793104,0.0004727188846703,0.1509369792479954,0.0195538903182835
02422500,0.0616925655389375,108.66,1,0.06,0.01342,0,0.12,2.664867,7.994601,0.7573051,1.5989201,-86.94148,32.71734,3.62707855192021e-05,0.0382527552501972,0.0085401725044425,0.0594530920355419,54.83,4,0.055,0.00222,0,0.11,21.608786,64.82636,0.3007886,12.965272,-86.90092,32.569557,0.0007090320121081,0.1660740700330252,0.0238943005055521
14316700,0.0601828631223942,830.64,2,0.06,0.07371,0,0.12,5.6071787,16.821535,0.54543185,3.3643072,-122.538895,43.242546,0.0003223641152687,0.1126910967203745,0.0242174664642648,0.0546494388963423,345.65,5,0.05,1e-05,0,0.1,32.922134,98.7664,0.24979797,19.75328,-122.74862,43.341263,0.0003719484515879,0.1106863984976207,0.0298501030537769
12358500,0.8528831897087934,1343.79,1,0.06,0.20544,0,0.12,2.131873,6.3956184,0.8356553,1.2791237,-113.801346,48.498165,8.18027606937729e-05,0.0482606823209045,0.0119878783823184,0.8484035803825012,966.45,5,0.05,1e-05,0,0.1,36.822857,110.468575,0.23775777,22.093714,-114.02213,48.487225,2.2774119100611256e-05,0.0313363000093328,0.0045811219158692
14400000,0.0042859548539006,62.09,3,0.055,1e-05,0,0.11,12.141216,36.42365,0.38789836,7.2847295,-124.11441,42.18912,3.2369276839474805e-06,0.0108085022962146,0.0012757955579072,0.0025128781310536,24.26,4,0.055,1e-05,0,0.11,22.722239,68.16672,0.29419452,13.633343,-124.19614,42.12153,1.7833114456959796e-05,0.0290158999557784,0.0033813492533177
02472500,0.0304123544552811,96.24,1,0.06,0.00542,0,0.12,3.6594503,10.978351,0.6584201,2.1956701,-89.43985,31.582422,0.000177016984281,0.0775302717959482,0.0181285262806087,0.02840093566076,49.34,5,0.05,0.00029,0,0.1,29.500608,88.50182,0.26218876,17.700365,-89.395065,31.420298,0.0004795393346755,0.1748654340139711,0.0323148393144492
02472000,0.0333797385641136,75.47,2,0.06,0.00131,0,0.12,5.645234,16.935703,0.5438066,3.3871405,-89.425705,31.809662,2.6402007994991248e-05,0.0309996268587154,0.0054599553883576,0.0314830142304276,63.22,5,0.05,1e-05,0,0.1,32.09271,96.27812,0.25262588,19.255625,-89.40098,31.69427,7.380045795801177e-05,0.0573933932676097,0.0107501632822138
04027000,0.3067408105536814,470.11,2,0.06,0.00806,0,0.12,5.32617,15.97851,0.5579454,3.1957018,-90.39899,46.335495,0.000211148776191,0.1072711839333048,0.0200945999837399,0.2991677785815443,204.36,5,0.05,0.00426,0,0.1,29.652214,88.95664,0.2615965,17.791328,-90.69317,46.502087,3.491256556745181e-05,0.0401021270958785,0.0046170003835381
02464000,0.0786543570086829,160.88,1,0.06,0.00646,0,0.12,5.583324,16.749971,0.5464587,3.3499944,-87.70076,33.737083,0.0011103428799307,0.2054296842022321,0.0563608682535592,0.0710892434511155,72.7,4,0.055,0.00027,0,0.11,21.801676,65.40503,0.29961163,13.081006,-87.58014,33.46274,4.792140879243957e-05,0.0464160219063396,0.0105515688093469
02363000,0.0324872828114212,82.27,5,0.05,1e-05,0,0.1,27.229996,81.68999,0.2716187,16.337997,-85.724724,31.645733,5.989994996121229e-07,0.0041569093410558,0.0002089823082263,0.0315126862440267,76.33,5,0.05,1e-05,0,0.1,27.910189,83.73057,0.2686782,16.746113,-85.78689,31.589771,4.276044229508811e-06,0.0101182432391984,0.0019451711502097
02372250,0.0354365418450537,85.23,2,0.06,8e-05,0,0.12,6.4543457,19.363037,0.51260304,3.8726075,-86.25504,31.720772,0.0002591528378838,0.0996308711216479,0.0363449288613361,0.0314627184058001,68.99,4,0.055,0.00084,0,0.11,26.811382,80.43414,0.27348158,16.086828,-86.414665,31.583649,0.0003058321203129,0.1143578956415147,0.0265000537511321
12144000,0.0234411117444129,825.08,1,0.06,0.22568,0,0.12,2.9366133,8.809839,0.7255476,1.7619679,-121.79118,47.4298,0.0002055974868515,0.124672163374848,0.0278463696027272,0.0200343973217723,129.48,3,0.055,0.00188,0,0.11,15.372898,46.118694,0.34954265,9.223739,-121.78839,47.513454,0.0003418326448068,0.1241341329675518,0.0269625140432736
03285000,0.5585112148429017,322.19,1,0.06,0.01072,0,0.12,3.3473983,10.042194,0.6848262,2.0084388,-84.8324,37.504467,0.0002582687064268,0.0911918073663987,0.0096099513604643,0.5508581694178801,230.4,5,0.05,1e-05,0,0.1,24.169004,72.50701,0.286291,14.501403,-84.65987,37.654667,0.0001410534978163,0.0763785759037401,0.0130777144335555
02371500,0.0347963232632288,90.33,2,0.06,0.00217,0,0.12,6.711811,20.135433,0.50383306,4.0270867,-86.15738,31.680876,0.0005551468115856,0.1495786636805457,0.0403682435859699,0.0321028774295257,70.03,4,0.055,1e-05,0,0.11,27.645779,82.93734,0.26980886,16.587467,-86.2531,31.565523,0.0002374203538451,0.1051391033289267,0.0251632082958994
13313000,0.4235315183864506,1638.16,3,0.055,0.00885,0,0.11,15.842702,47.528107,0.3449312,9.505621,-115.52105,44.79358,7.072222483898958e-05,0.0515153836195984,0.0117262808601384,0.4178195657880137,1423.52,5,0.05,0.00819,0,0.1,24.693077,74.07923,0.28359428,14.815846,-115.510185,44.96261,0.000126149302661,0.071790863266115,0.0170669131992262
02231000,0.0536438913263641,46.19,1,0.06,0.00084,0,0.12,9.733482,29.200447,0.42763004,5.8400893,-82.4717,30.286839,0.0012655670179038,0.2722356116789152,0.066107282760755,0.0248423098839185,13.3,4,0.055,0.00054,0,0.11,32.156082,96.46825,0.25240612,19.29365,-82.054535,30.360981,0.0006225269599387,0.1669311452278734,0.0330203501125195
02450250,0.106179343356339,282.27,1,0.06,0.02539,0,0.12,3.8988938,11.696681,0.6402646,2.3393362,-87.431114,34.39518,0.0003890849542695,0.1285927357997801,0.0255559525688787,0.1029401080203431,164.18,5,0.05,0.00041,0,0.1,16.040958,70.0,0.34304386,9.624575,-87.365166,34.278065,2.211583578258001e-05,0.0235177129977075,0.0051202494126739
03439000,0.5891130900487397,1417.81,1,0.06,0.11809,0,0.12,3.0774348,9.232305,0.71070844,1.8464608,-82.88792,35.290375,0.0001961121759457,0.0865466406361073,0.0225564719913189,0.5862877704778906,662.9,4,0.055,0.00251,0,0.11,14.312447,50.0,0.3607407,8.587468,-82.81553,35.13626,2.047315109774469e-05,0.0307279467153291,0.0049621844883361
06885500,0.5560720611209582,398.06,1,0.06,0.004,0,0.12,5.0934806,15.280441,0.5690503,3.0560882,-96.17445,39.676872,0.0009143818697245,0.2013147120366061,0.0361225413976113,0.5456291292890847,341.47,4,0.055,0.00066,0,0.11,26.44846,79.345375,0.27513087,15.869076,-96.461464,39.663235,0.001040938443608,0.2365885631749577,0.0525088204929672
12143600,0.0269240862914178,1001.29,1,0.06,1e-05,0,0.12,3.3388898,10.016669,0.6855955,2.003334,-121.5184,47.414833,4.805638831144077e-05,0.0427888448666904,0.0049486849474844,0.0221990088861164,178.42,3,0.055,0.00775,0,0.11,14.433796,43.301388,0.3593995,8.660277,-121.72108,47.45721,3.199110073151671e-05,0.0289863001308987,0.0040342231944883
06878000,0.5438800549267491,362.6,3,0.055,0.00255,0,0.11,7.408553,30.0,0.4823508,4.445132,-97.16775,39.115265,0.0001303900440207,0.0624879724944297,0.0255149942851874,0.5418154282105079,338.48,4,0.055,0.00035,0,0.11,23.771101,71.3133,0.2883954,14.262661,-97.03756,39.008938,0.0002115413385747,0.0887455854468685,0.0425257703561911
13331500,0.3971132600254832,1122.63,4,0.055,0.00277,0,0.11,16.835047,50.505142,0.33580872,10.101028,-117.60204,45.339954,0.0001308852423633,0.0698198098460631,0.0047041234571806,0.3879072222045757,777.51,5,0.05,0.00697,0,0.1,33.618332,100.854996,0.2475024,20.171,-117.733,45.629314,0.0003568116489667,0.0991279670506272,0.0308988161867793
06853800,0.5728628060725661,572.98,1,0.06,0.00667,0,0.12,2.9392166,8.81765,0.7252641,1.7635299,-98.407974,39.97348,0.0001822792176306,0.0836566911760907,0.0237454770975772,0.5697913594229624,493.26,4,0.055,0.00541,0,0.11,21.477476,64.43243,0.30159855,12.886486,-98.24216,39.89758,9.856950347157176e-06,0.0225924828988551,0.0034288029658914
07375000,0.0374882496633812,50.13,3,0.055,0.0015,0,0.11,8.583773,30.0,0.45201415,5.150264,-90.24727,30.786089,0.000686489718283,0.1746465844580949,0.031588974971744,0.0346506114279623,19.91,4,0.055,0.0001,0,0.11,16.359173,50.0,0.3400838,9.815504,-90.24752,30.601542,2.031678566617471e-05,0.0228884153321374,0.0066280518223984
14185000,0.1045401382001035,855.89,1,0.06,0.18471,0,0.12,2.917208,8.751624,0.72767293,1.7503247,-122.25564,44.410244,0.0001910651223633,0.084596512793898,0.0268510319056238,0.1003067981658596,236.7,4,0.055,1e-05,0,0.11,19.594532,58.783596,0.31405765,11.756719,-122.51053,44.39192,0.0006488338500831,0.1965355352974997,0.0179759367844631
07295000,0.0772559676168031,101.12,1,0.06,0.00993,0,0.12,3.6258364,10.877509,0.6611061,2.1755018,-91.13748,31.109182,0.0003031123622355,0.1171180585045571,0.0344046998419907,0.071746075027822,30.41,4,0.055,1e-05,0,0.11,19.745949,59.237846,0.3129929,11.847569,-91.306305,31.231014,6.330372809825107e-05,0.0512729308154424,0.0150957770580473
07291000,0.0842083523498785,117.87,1,0.06,0.00681,0,0.12,3.6509323,10.952797,0.6590974,2.1905594,-90.761696,31.646036,0.0001427354136904,0.0740903733605055,0.0221350370687234,0.0812631937448001,66.63,4,0.055,1e-05,0,0.11,19.943972,59.831917,0.31161803,11.966383,-90.78139,31.498796,9.005707397141972e-05,0.0739351067231939,0.0059706328023025
10259000,0.0841790083785263,1071.02,2,0.06,0.08632,0,0.12,5.306081,15.918243,0.55887634,3.1836486,-116.51015,33.61145,2.9203326237592843e-05,0.0392442583256017,0.0091298667262656,0.0811964818627634,177.49,4,0.055,0.00945,0,0.11,16.86352,50.590557,0.33555847,10.118112,-116.53506,33.766735,5.553183446164257e-05,0.0518155336997828,0.0055868756899614
13161500,0.5819707429997854,1705.61,4,0.055,0.00736,0,0.11,21.893415,65.680244,0.2990571,13.136049,-115.57678,41.793827,0.0002940247991188,0.1103223110489681,0.0157886913015575,0.5774819090171595,1493.4,5,0.05,1e-05,0,0.1,26.285513,78.85654,0.27588204,15.771308,-115.67363,41.95847,0.0001248038699988,0.0705140947808573,0.007141260384674
12141300,0.0293044814583151,866.48,3,0.055,0.04691,0,0.11,6.5480433,30.0,0.50935394,3.928826,-121.40835,47.52301,0.0002391683145119,0.0906067900678285,0.023032982630506,0.0226591799538073,229.51,4,0.055,0.00588,0,0.11,18.813795,56.441383,0.31974214,11.288277,-121.660645,47.480846,0.0002285532202195,0.1346712665783441,0.0088161506188392
07290650,0.097583462531918,45.46,1,0.06,0.96,0,0.12,2.342074,7.0262218,0.8016962,1.4052444,-90.75962,32.00016,8.589354062290387e-07,0.0067183774347875,6.668326456648174e-06,0.0963429415567808,26.7,6,0.05,1e-05,0,0.1,30.559381,91.67815,0.25814164,18.335629,-90.88509,32.011898,5.497849794010492e-06,0.0103917813454808,0.0015030706356119
13310700,0.4164363612168528,2253.62,1,0.06,0.18099,0,0.12,3.5211797,10.563539,0.6697041,2.1127079,-115.7969,44.87224,0.0003349110795395,0.0994420653853092,0.0194441592013942,0.4140062397765081,1148.17,5,0.05,0.01436,0,0.1,25.007053,75.021164,0.28201786,15.004232,-115.71777,45.00789,0.0002577502555885,0.1106766097586126,0.0226755821416862
07292500,0.0771947926894586,51.46,3,0.055,0.00254,0,0.11,10.926383,32.77915,0.40636617,6.55583,-90.97097,31.304554,5.7982224092988105e-05,0.0510193962302882,0.0049823403164329,0.074058619501266,32.74,5,0.05,0.00446,0,0.1,32.765198,98.29559,0.2503251,19.659119,-91.12866,31.32365,8.135862910084155e-05,0.0642682967715835,0.0067977148670111
03237500,0.5531558350242302,233.37,2,0.06,0.00275,0,0.12,5.1511726,15.453517,0.56622976,3.0907035,-83.53439,38.81283,5.413883826836838e-06,0.0181021997517298,0.0015710581433371,0.5502622908239198,158.83,5,0.05,0.00324,0,0.1,25.594643,76.78393,0.27914295,15.356786,-83.425285,38.800526,6.243485897911184e-05,0.0470257020357096,0.0090783348612653
14020000,0.2472081559159855,1056.2,2,0.06,0.0549,0,0.12,6.443481,19.330442,0.51298416,3.8660886,-118.24932,45.64053,8.579224331103657e-05,0.0492123544265452,0.006776959992806,0.2417508920977295,570.67,4,0.055,0.01148,0,0.11,17.901072,53.703217,0.3268347,10.740643,-118.347466,45.71149,0.0006405120723267,0.1484809472779349,0.03314534944593
06814000,0.5578578662093693,417.23,2,0.06,0.00319,0,0.12,6.4629216,19.388765,0.5123028,3.877753,-96.409515,40.25354,0.0004817682862777,0.1192088760558361,0.031313678388272,0.5396146119020375,317.15,4,0.055,0.00055,0,0.11,22.89534,68.68602,0.29321113,13.737205,-96.08205,39.9418,0.0002245645828623,0.0946023438032074,0.0160262036488717
03159540,0.5920510900630533,237.11,1,0.06,0.0052,0,0.12,4.5972986,13.791896,0.59537184,2.7583792,-82.06626,39.219784,0.0003694867068126,0.1196432170752103,0.0250080993038215,0.5875757287305038,179.52,5,0.05,0.00052,0,0.1,18.857964,70.0,0.31941155,11.314778,-81.883965,39.080486,0.000480698019497,0.1374101662123114,0.0553483993607865
10258500,0.0841892374653894,1015.57,2,0.06,0.03211,0,0.12,8.288994,24.866982,0.4590368,4.9733963,-116.50347,33.60733,3.392411165861088e-05,0.0461466627188372,0.0071275835578275,0.0813747104841676,189.2,4,0.055,0.01238,0,0.11,16.388992,50.0,0.3398107,9.833395,-116.53299,33.76032,0.0001782286214041,0.0899890852603055,0.0087116444093435
12451000,0.5168108496687623,1894.18,1,0.06,0.33117,0,0.12,2.9883556,8.965067,0.7199782,1.7930135,-120.81966,48.337933,0.0002202036643975,0.0990377487776106,0.0279139188903671,0.5119914616995204,342.44,5,0.05,1e-05,0,0.1,24.432604,73.29781,0.28492418,14.659563,-120.69137,48.324677,8.447752943395155e-05,0.0708208137301479,0.0032792095272972
12095000,0.0138169606668124,421.49,3,0.055,0.02185,0,0.11,14.730599,44.1918,0.35618657,8.83836,-122.01028,47.011185,0.0001882327777043,0.0979674902646586,0.0090435725167506,0.0090289715761371,90.96,4,0.055,0.01669,0,0.11,19.963907,59.891724,0.3114807,11.978345,-122.15583,47.095463,2.6551167083436486e-05,0.0291641010825526,0.0062143150249762
03500000,0.558023519171962,947.5,2,0.06,0.07044,0,0.12,5.623022,16.869066,0.5447533,3.3738132,-83.33745,34.984207,0.0004212662199275,0.1202252656496672,0.0281341830013757,0.5529633080166151,611.98,5,0.05,0.00028,0,0.1,20.362581,70.0,0.30877537,12.217549,-83.375465,35.164642,0.0001754993918304,0.0824479323218339,0.0228183316196751
03500240,0.558023519171962,947.5,2,0.06,0.07044,0,0.12,5.623022,16.869066,0.5447533,3.3738132,-83.33745,34.984207,0.0004212662199275,0.1202252656496672,0.0281341830013757,0.5529633080166151,611.98,5,0.05,0.00028,0,0.1,20.362581,70.0,0.30877537,12.217549,-83.375465,35.164642,0.0001754993918304,0.0824479323218339,0.0228183316196751
13011900,1.1597692631875482,2862.97,1,0.06,0.20465,0,0.12,4.1959367,12.5878105,0.6198569,2.5175622,-110.165794,43.858994,0.0005514745450929,0.1460786920089423,0.0394576884877692,1.1524480055136863,2064.91,4,0.055,0.00134,0,0.11,24.44217,73.32651,0.28487498,14.665301,-110.451935,43.82531,0.0004259265244674,0.1273613268208324,0.0342622417573485
11468500,0.0073252320103399,398.71,1,0.06,0.15885,0,0.12,3.1846366,9.55391,0.7000527,1.910782,-123.47473,39.499893,0.0001115953784375,0.0711350296361442,0.0007126000280519,0.0014460112893211,14.51,5,0.05,1e-05,0,0.1,16.512722,70.0,0.338685,9.907633,-123.73983,39.42801,8.850124843310365e-06,0.0255374785377378,0.0022581008148028
03604000,0.4088395489330069,166.81,5,0.05,0.00049,0,0.1,26.637846,79.913536,0.27426618,15.982708,-87.82017,35.46985,6.51520210846708e-05,0.0439584228938498,0.0114561922118063,0.4073240235318472,159.1,5,0.05,1e-05,0,0.1,26.895796,80.687386,0.27310258,16.137478,-87.83458,35.500088,5.364387548057175e-07,0.0034810293393977,0.0008764670227739
14137000,0.0619581432966563,545.97,3,0.055,0.01953,0,0.11,9.79399,30.0,0.42646247,5.8763943,-121.89085,45.373447,1.6127702990559763e-05,0.0327832551909701,0.0029698762906828,0.0574062598228948,214.99,5,0.05,0.00556,0,0.1,22.471228,70.0,0.29563984,13.482737,-122.16671,45.397434,0.0010334421287859,0.2135897650250897,0.0724532470303526
03574500,0.4609693768832592,182.9,1,0.06,1e-05,0,0.12,1.304087,3.9122612,1.0380024,0.7824522,-86.26659,34.721806,1.558804428139966e-05,0.0239257780283995,0.0015480189548145,0.4584543579108118,176.53,4,0.055,1e-05,0,0.11,23.92809,71.78426,0.28755912,14.3568535,-86.32904,34.608734,0.0005101281837434,0.1357817607970649,0.0220925714361621
03479000,0.5912310274126152,1451.2,1,0.06,0.06208,0,0.12,4.563216,13.689649,0.5973296,2.7379298,-81.76722,36.12326,0.0006311192368207,0.2301561529385689,0.073893464347306,0.5883214059831775,794.41,4,0.055,0.00272,0,0.11,15.720195,50.0,0.34611452,9.4321165,-81.832,36.24898,4.376632063732567e-05,0.0349523872541363,0.0068623048193522
13338500,0.3848238590218426,890.46,3,0.055,0.01462,0,0.11,7.5247035,30.0,0.47905174,4.514822,-116.16758,46.112984,0.0002068599004404,0.0898721582107098,0.0127172929200346,0.3809533525673447,404.48,5,0.05,0.00754,0,0.1,37.245827,111.73748,0.23656279,22.347496,-115.97752,46.091377,0.0001555836120528,0.0891282752608522,0.0078005688401098
03473000,0.5882738239666522,914.43,1,0.06,0.07829,0,0.12,2.3323336,6.997,0.8031716,1.3994001,-81.73363,36.56647,8.815684063323857e-05,0.0629385786406699,0.0191113557068056,0.5860725739142347,542.98,5,0.05,0.00346,0,0.1,23.56354,70.69062,0.2895134,14.1381235,-81.85426,36.643356,0.0001283230019239,0.0825199260088891,0.0116638062044127
14325000,0.0213813452327767,570.68,1,0.06,0.15899,0,0.12,3.2919497,9.875849,0.6898914,1.9751699,-124.07984,42.773796,0.0002653996721533,0.1005032587054433,0.0280130038055486,0.017207558385376,61.9,4,0.055,0.00417,0,0.11,19.695257,59.08577,0.31334805,11.817154,-124.09454,42.900494,0.0007147732608402,0.1477490996210201,0.0372471206977073
07359610,0.1085468081614532,291.76,1,0.06,0.01598,0,0.12,3.5891373,10.767412,0.6640799,2.1534824,-93.78411,34.45879,0.0003052506592618,0.1017232846862641,0.0332507105336718,0.1056208675060521,178.7,4,0.055,0.00279,0,0.11,17.794994,53.384987,0.3276928,10.676997,-93.60049,34.377197,3.184478004279774e-05,0.0331418077456758,0.0078003161377602
02415000,0.1038385284300478,307.43,3,0.055,0.00078,0,0.11,7.514708,30.0,0.47933275,4.508825,-85.872856,33.26587,7.743143542492197e-05,0.0639288924152386,0.0107695853783578,0.0988814006142859,172.96,5,0.05,0.00188,0,0.1,20.122826,70.0,0.31039307,12.073695,-85.881516,33.05904,0.0001760465120651,0.1080834594261258,0.0141275665586567
12414500,0.7137527655199396,1122.18,1,0.06,0.04817,0,0.12,4.7928023,14.3784075,0.58453274,2.8756814,-116.09392,47.406174,0.000595903279302,0.142855692386911,0.0227335444906423,0.7078927454892638,666.33,5,0.05,1e-05,0,0.1,35.74383,107.2315,0.24089795,21.4463,-116.209236,47.277252,7.76781385497363e-05,0.059189738459177,0.0102000089663361
14305500,0.014219546877758,467.2,1,0.06,0.0926,0,0.12,3.985105,11.955315,0.6341164,2.391063,-123.81471,44.82474,0.000481575087486,0.1302714851545154,0.0365076038539349,0.0104138288963367,35.88,5,0.05,1e-05,0,0.1,20.640581,70.0,0.30693367,12.384349,-123.91202,44.718723,0.0006306395248127,0.1507750777422812,0.0466435354548223
07376000,0.0546385424831067,38.45,3,0.055,0.00085,0,0.11,11.739372,35.218117,0.39370123,7.043623,-90.668015,30.736431,0.0002772862677441,0.1218100655271617,0.0404141100219887,0.0507184395579383,6.87,4,0.055,1e-05,0,0.11,22.075445,66.22633,0.29796666,13.245267,-90.67437,30.49949,2.7906768355933078e-06,0.0083364311186087,0.0014444708612732
03488000,0.5899100499159503,703.1,1,0.06,0.01842,0,0.12,5.454556,16.363667,0.55211306,3.2727334,-81.42724,36.996567,0.0003986694800937,0.1233000092953497,0.0230379762703454,0.5833763313433086,519.96,4,0.055,0.00086,0,0.11,21.247168,63.741505,0.30303648,12.748301,-81.76093,36.893467,0.0003338175687527,0.1095425719921773,0.0299298178081167
02314500,0.3406835010633682,37.83,1,0.06,0.00013,0,0.12,4.393007,13.17902,0.60743177,2.6358042,-82.369606,31.007223,0.0002605358753343,0.1066733864184995,0.0301675307288436,0.3169893704331317,29.57,5,0.05,1e-05,0,0.1,37.839706,113.51912,0.23491757,22.703823,-82.57773,30.659563,5.0736366731519e-05,0.0534144559690031,0.0047565463798891
07226500,0.6213790064275667,1285.43,1,0.06,0.01276,0,0.12,4.6053624,13.816087,0.5949117,2.7632172,-103.63414,35.517513,0.0005463731371894,0.1790468360733897,0.0532120345239677,0.5947778799607257,1162.59,5,0.05,0.00468,0,0.1,42.893814,128.68144,0.22227713,25.736288,-103.5216,35.424152,0.0003799954879999,0.1303303812221811,0.0224691221178275
12041200,0.0107320393336082,607.74,1,0.06,0.1266,0,0.12,4.1294937,12.388481,0.6242373,2.4776962,-124.03924,47.76748,0.0005638579448117,0.1273084605297437,0.0255265900717165,0.0050728869005364,43.93,4,0.055,0.00196,0,0.11,22.302366,66.9071,0.29662532,13.38142,-124.27843,47.787254,0.0009069363633684,0.1497870077915925,0.0187065942990453
06450500,0.8135441583102182,690.02,1,0.06,0.03985,0,0.12,2.082243,6.2467294,0.8443847,1.2493458,-100.848114,43.543167,6.9861201993148e-05,0.0519213372750914,0.0173345514831553,0.8120202082869747,583.16,5,0.05,0.00217,0,0.1,40.855614,122.56684,0.22710283,24.513369,-100.73299,43.60055,0.0001816003058406,0.08020082709737,0.0131855030252929
06352000,0.9482548010333892,823.23,2,0.06,0.00438,0,0.12,5.7461963,17.23859,0.5395704,3.447718,-102.77484,46.18144,5.4426486847508376e-05,0.0429153059609192,0.0167029132481517,0.9404581448907012,753.5,5,0.05,5e-05,0,0.1,29.319681,87.95904,0.26290134,17.591808,-102.444916,46.15796,0.0002555493800012,0.1164685128974123,0.0436764301878757
13340600,0.3910581639358038,601.78,5,0.05,0.00478,0,0.1,36.466137,109.398415,0.23878106,21.879683,-115.49981,46.763004,0.0001244244790537,0.0727262206415742,0.0100704051757583,0.3868631502593049,510.58,5,0.05,1e-05,0,0.1,39.190685,117.57206,0.23130985,23.514412,-115.62059,46.842083,3.0778633860715757e-06,0.0136174553820308,0.0007510312909804
13337000,0.3896471029385711,711.57,3,0.055,0.06757,0,0.11,7.6605515,30.0,0.47528508,4.5963306,-115.50402,46.25629,0.0001092083720427,0.0614985767788346,0.0107974959226532,0.3869159473304367,447.68,5,0.05,0.00484,0,0.1,37.35575,112.06725,0.23625542,22.41345,-115.592125,46.147263,0.0001213602946488,0.0759170843025724,0.0080698124665209
14182500,0.0977558297337967,367.69,2,0.06,0.03705,0,0.12,8.050095,24.150284,0.4649977,4.830057,-122.38662,44.814823,7.760659339392746e-05,0.0480663321170388,0.0119631229518511,0.0924995259946489,188.92,5,0.05,0.00376,0,0.1,30.619566,91.8587,0.25791767,18.37174,-122.635254,44.787548,0.0020919475316419,0.3670779979492324,0.0540580792450785
09505800,0.225094912249271,2028.69,1,0.06,0.02324,0,0.12,2.9418154,8.825446,0.7249813,1.7650893,-111.443825,34.576397,1.8567986593753045e-06,0.0062894820498357,0.0011841435084542,0.22020445850005,1097.71,5,0.05,0.01103,0,0.1,21.887241,70.0,0.29909432,13.132345,-111.71453,34.53434,0.0005758592946538,0.1502813624312663,0.036926091029206
14154500,0.1182604765066733,1090.73,1,0.06,0.1129,0,0.12,5.3314147,15.994245,0.55770314,3.198849,-122.623405,43.72808,0.0011130574519931,0.2216471164362737,0.0563758918329147,0.1120221083106415,268.04,5,0.05,0.01532,0,0.1,20.893509,70.0,0.30528885,12.536106,-122.88593,43.73876,0.0001296205870951,0.0893093942437556,0.0070383531999945
09510200,0.199753470217967,1340.9,1,0.06,0.10077,0,0.12,4.7654686,14.296406,0.5860095,2.8592813,-111.49429,33.826885,0.0006975691561571,0.1727763045753494,0.0583401364847954,0.1969988882097361,527.33,5,0.05,0.0058,0,0.1,19.199064,70.0,0.3168954,11.519439,-111.55344,33.684185,8.30461789157417e-05,0.053090747800441,0.0149434058609214
09513780,0.2115427025332467,1396.39,1,0.06,0.13227,0,0.12,4.121952,12.365856,0.62474096,2.4731712,-111.98981,34.02133,0.0004320506151939,0.1351313564806506,0.0209015953099341,0.2070383439281145,643.42,3,0.055,0.01118,0,0.11,14.725178,44.175533,0.35624442,8.835107,-112.138695,33.924965,0.0002807269125503,0.1214864661383004,0.0296758840987272
06447500,0.8721773026058249,998.89,4,0.055,1e-05,0,0.11,18.772738,56.318214,0.32005048,11.263642,-101.96695,43.120068,6.968148532539841e-07,0.004374181153139,0.0006269307444133,0.8635418514852878,930.32,4,0.055,0.00032,0,0.11,23.565369,70.696106,0.28950348,14.139221,-101.633675,43.175816,2.0225620820393405e-05,0.0293628133872172,0.0048996376397449
11532500,0.009903618992822,251.51,4,0.055,0.01644,0,0.11,16.805248,50.415745,0.3360713,10.083149,-123.851524,41.87136,0.0002088713924807,0.0861234478382839,0.0201053258988578,0.0043776290939284,25.5,5,0.05,0.00133,0,0.1,30.537037,91.61111,0.25822496,18.322222,-124.08842,41.80121,0.0003801458528916,0.1436034394228199,0.0262376260526759
13011500,1.1688835438721423,2127.18,1,0.06,0.00221,0,0.12,5.554586,16.663757,0.5477042,3.3327515,-110.61692,43.96391,0.0006657581519841,0.1495241122434237,0.0315727627660947,1.1507374512021245,2049.76,4,0.055,0.0033,0,0.11,35.09685,105.29056,0.24284711,21.058111,-110.51689,43.843678,0.0001316544711255,0.0766900416610099,0.0086675546370722
12092000,0.0202017039350931,1664.2,1,0.06,0.23211,0,0.12,3.7481158,11.244347,0.65150255,2.2488694,-121.841484,46.90804,0.000417286738941,0.1264117029878697,0.0238896284308416,0.0163600043167331,496.99,4,0.055,0.01366,0,0.11,15.69867,50.0,0.34632382,9.419202,-122.04169,46.90982,7.544950647810302e-05,0.0435568414425504,0.0102763980989897
09512280,0.2288749248753858,1248.53,1,0.06,0.07962,0,0.12,1.7106942,5.1320825,0.9208709,1.0264165,-111.85021,34.00005,5.006089004132112e-06,0.0178777331988133,0.0014384000757932,0.2255432356664376,681.95,4,0.055,0.01809,0,0.11,14.6842785,50.0,0.35668182,8.810567,-111.9657,33.880016,2.078594009880002e-05,0.0240295534277993,0.0057531672767361
12025000,0.026162592255116,128.68,1,0.06,0.02759,0,0.12,3.0721922,9.216577,0.7112433,1.8433152,-123.108055,46.693367,0.00023159584516,0.0936409141345205,0.0230997216779526,0.0228986080958142,50.23,5,0.05,1e-05,0,0.1,29.596825,88.790474,0.2618124,17.758095,-122.98609,46.65462,9.604050881136555e-05,0.0581206420953157,0.0127015410857661
09505350,0.2325427525647895,2229.36,1,0.06,0.00085,0,0.12,5.6203628,16.861088,0.544867,3.3722177,-111.509865,34.889786,0.0007477267940824,0.2134095453056738,0.0492218582562006,0.2249674389880603,1106.68,4,0.055,0.00869,0,0.11,18.36475,55.094254,0.32316807,11.01885,-111.78191,34.706043,0.000302238060734,0.1252102988556201,0.0223723616154307
12117000,0.0360375215502253,1051.08,1,0.06,0.24306,0,0.12,3.2211814,9.663545,0.69653755,1.9327089,-121.67438,47.39663,0.0002696901128026,0.1004376203310351,0.0271739835830578,0.0321356201827959,245.56,4,0.055,1e-05,0,0.11,17.162592,51.487774,0.3329661,10.297555,-121.89899,47.381588,0.0022961688123766,0.4038774915498209,0.1086668809127091
09494000,0.2327217206311093,1523.14,4,0.055,0.01524,0,0.11,17.951406,53.854218,0.32643008,10.7708435,-109.989204,33.793102,9.515052948413012e-05,0.0584254330234955,0.0158642571517156,0.2288903818961677,1339.63,5,0.05,0.01551,0,0.1,30.162306,90.486916,0.25963545,18.097383,-110.1739,33.73309,2.372792902093066e-05,0.0263924981375417,0.0059026769806554
12013500,0.0110532682456923,134.21,2,0.06,0.01401,0,0.12,4.5621085,13.686326,0.5973936,2.737265,-123.45177,46.534065,7.028964215862322e-05,0.0457060261474479,0.0122085823435512,0.0049376185796131,5.64,4,0.055,0.00101,0,0.11,17.887836,53.66351,0.32694137,10.732701,-123.672905,46.66596,0.000719965552418,0.1567929698750386,0.0504544476430194
07184000,0.3732349401393028,292.83,1,0.06,0.00219,0,0.12,6.837289,20.511868,0.4997327,4.102373,-94.954056,37.51891,0.0021107107967468,0.2780024406045263,0.0566560871187618,0.3640926624844169,250.26,3,0.055,1e-05,0,0.11,20.369272,61.107815,0.30873063,12.221563,-95.03011,37.2667,0.0001228768949892,0.0716480973567495,0.0345815822317262
07180500,0.4037624923717655,446.92,1,0.06,0.00572,0,0.12,3.3421361,10.026408,0.68530166,2.0052817,-96.68624,38.132866,0.0002592329768563,0.0980419808079036,0.0326875281206786,0.4011015860850456,386.62,5,0.05,0.00087,0,0.1,16.604698,70.0,0.33785605,9.962819,-96.82781,38.20314,0.0004103877940829,0.1176173372655924,0.0411097813372986
01333000,0.1176507475271081,471.73,1,0.06,0.05393,0,0.12,3.9027977,11.708393,0.6399819,2.3416786,-73.19594,42.491753,0.000435926836388,0.1732961667712831,0.0362773677805665,0.1049664973618789,179.93,4,0.055,1e-05,0,0.11,19.583952,58.751854,0.3141325,11.750371,-73.18956,42.718296,0.0002484651309164,0.1015901535268584,0.0101661414830555
13083000,0.0043511639279979,2267.35,1,0.06,0.09626,0,0.12,2.9888594,8.966578,0.7199247,1.7933156,-114.18338,42.12738,0.0001977501751494,0.0890166915915755,0.024998950520882,0.0005897002626122,1455.28,3,0.055,0.00678,0,0.11,13.094759,39.284275,0.37517315,7.8568554,-113.95712,42.178253,3.1676443051246894e-05,0.0286650630562673,0.0063095346843076
10396000,0.0503617394982402,1546.98,4,0.055,0.0079,0,0.11,15.136517,50.0,0.35194048,9.08191,-118.778244,42.64237,9.483932566063835e-05,0.0564902686994168,0.0125366091672809,0.0463283716559307,1292.2,4,0.055,0.00123,0,0.11,20.74547,62.236412,0.30624804,12.447283,-118.86824,42.804924,5.843598066573679e-05,0.053828217534427,0.0071120311337943
07151500,0.3829441613416297,408.42,1,0.06,0.00741,0,0.12,2.644583,7.9337487,0.75986224,1.5867497,-97.66433,37.33597,0.0001288448328268,0.0708076397312572,0.0211548755610654,0.379640681883988,338.12,5,0.05,0.00103,0,0.1,33.63058,100.89175,0.24746263,20.178349,-97.57717,37.12241,0.0002791425677096,0.122592764440733,0.0283122032824798
02469800,0.02469334993208,32.7,4,0.055,0.00173,0,0.11,13.640151,50.0,0.36847955,8.184091,-87.889015,31.761662,2.261843868677761e-05,0.033978276971823,0.0046345322824392,0.0225554736753976,15.08,5,0.05,1e-05,0,0.1,19.102112,70.0,0.31760398,11.461267,-88.02503,31.741852,5.910425220361307e-06,0.0133669043790567,0.0033248973955023
05487980,0.4923642767003173,267.42,2,0.06,0.00285,0,0.12,6.247656,18.742968,0.5200166,3.7485936,-93.44382,41.167763,0.0002749367564893,0.1041256161157486,0.0212899368935846,0.4896927989053182,240.68,4,0.055,0.00413,0,0.11,24.4999,73.4997,0.28457862,14.699941,-93.25917,41.251244,2.0981120982320876e-05,0.0233584028332405,0.0048315698775752
09497980,0.2221383548549659,1595.87,1,0.06,0.03626,0,0.12,4.2833066,12.84992,0.61424667,2.5699842,-110.83481,33.98937,0.0005106204266262,0.1345461699249423,0.0274178465397631,0.216972372950715,969.11,3,0.055,0.00617,0,0.11,20.552483,61.657448,0.30751342,12.33149,-110.850845,33.823513,0.0001105232025754,0.0633002818831868,0.0110657046330289
12040500,0.0090948716349737,291.89,2,0.06,0.01959,0,0.12,8.215503,24.64651,0.4608439,4.9293017,-123.92876,47.55546,0.0003440934864832,0.1152022011723106,0.0183721965129823,0.0008963446791717,1.1,4,0.055,0.00044,0,0.11,26.870615,80.61185,0.27321544,16.122368,-124.31885,47.542095,0.0002595762430924,0.1017585593248428,0.0274761528678734
07149000,0.4028483918552836,453.48,1,0.06,0.00568,0,0.12,4.219528,12.658585,0.61832553,2.531717,-98.56252,37.132595,0.0005077739992868,0.1577559068676984,0.0563393044916703,0.3993319054429843,393.07,5,0.05,0.0015,0,0.1,33.93333,101.79999,0.24648614,20.359999,-98.44334,37.025864,0.0005511877177715,0.1515348725727729,0.0448595801209023
07145700,0.3951738540400137,409.39,1,0.06,0.00559,0,0.12,3.0968246,9.290474,0.7087418,1.8580947,-97.53203,37.40589,0.0002051743355726,0.0825525045453068,0.0213964646365048,0.3915395238991483,354.66,4,0.055,0.00052,0,0.11,18.73843,56.21529,0.32030886,11.243058,-97.39578,37.240555,4.798159239437651e-05,0.036305151444783,0.0103991098951968
07148400,0.4142923557587352,488.64,2,0.06,0.00792,0,0.12,5.8787045,17.636112,0.53417057,3.5272226,-98.94037,36.99774,0.000144490498576,0.0758296931995396,0.0128591043847745,0.4006651881956495,393.47,5,0.05,0.00136,0,0.1,35.440876,106.322624,0.24180429,21.264524,-98.56821,36.81792,0.0052303682118306,0.5023564163189148,0.122879454193038
07142300,0.5396697140767062,714.68,2,0.06,0.00212,0,0.12,7.006074,21.018223,0.49438506,4.2036443,-99.56253,37.546535,0.0001789317886002,0.0687844073482565,0.0227199483173716,0.4608440387073363,592.41,5,0.05,0.0007,0,0.1,31.604248,94.812744,0.25434107,18.96255,-98.82245,37.942696,0.002551172571295,0.4786021217489739,0.15302371929414
14185900,0.1067432899596549,767.69,2,0.06,0.02223,0,0.12,8.601861,25.805582,0.4515946,5.1611166,-122.21281,44.586544,7.465616589450062e-05,0.0483300045114777,0.012802867693424,0.1025096876994619,325.96,4,0.055,0.00637,0,0.11,16.204138,50.0,0.3415155,9.722482,-122.44365,44.534492,0.0004203955126039,0.1270943634235727,0.0140767750021114
09447800,0.2842410434919994,1499.55,1,0.06,0.07285,0,0.12,3.6800742,11.040222,0.65678966,2.2080445,-109.61736,33.00357,0.0001046403951583,0.0643585157116358,0.0133429585206519,0.2826698922752344,1052.73,5,0.05,0.00314,0,0.1,23.489653,70.468956,0.28991482,14.093791,-109.51416,32.947544,0.0001714847208536,0.0777092092033672,0.0183301136489697
02361000,0.027154938862421,90.74,1,0.06,0.02235,0,0.12,2.267003,6.801009,0.8133019,1.3602018,-85.4657,31.36003,7.635564444456238e-05,0.0501251651953538,0.0095247926101473,0.0250549948168454,43.92,5,0.05,1e-05,0,0.1,31.493723,94.48117,0.2547345,18.896235,-85.62083,31.343472,4.418488102000833e-05,0.0495048920319647,0.0083020215802893
14301000,0.0142730798035022,628.14,1,0.06,0.02785,0,0.12,5.818232,17.454695,0.53661287,3.4909391,-123.44335,45.743652,0.0014892974750662,0.2444686630232743,0.0883167546902034,0.0058006332794672,12.88,5,0.05,0.00169,0,0.1,31.383625,94.15087,0.25512835,18.830175,-123.77547,45.696884,0.0010271770313634,0.170166411542977,0.0471598011685484
03498500,0.5381585584913234,525.55,1,0.06,0.11176,0,0.12,2.7239885,8.171966,0.7500092,1.6343932,-83.832344,35.713863,0.0001376931173106,0.0713578599430971,0.0231875062473042,0.5360388376425572,259.11,5,0.05,0.0003,0,0.1,22.573378,70.0,0.29504886,13.544026,-83.884735,35.79364,1.1305835926906845e-05,0.0191685188243774,0.0043632417998058
12048000,0.0110839363475398,1232.65,2,0.06,0.03859,0,0.12,5.914255,17.742765,0.5327516,3.548553,-123.27546,47.851154,0.0001398441061002,0.0736140794097694,0.0113980015979634,0.0038373118609003,163.4,4,0.055,0.01731,0,0.11,18.844152,56.53246,0.3195148,11.306492,-123.13569,48.023403,7.194377380642311e-05,0.0425917554432795,0.0047259992371314
14216500,0.0599945145822495,725.99,3,0.055,0.00775,0,0.11,8.008384,30.0,0.46606463,4.8050303,-122.01929,46.271374,7.415753538267476e-05,0.0746328577151247,0.007040445078969,0.0542130896507169,317.69,4,0.055,0.04,0,0.11,17.887087,53.66126,0.32694742,10.732251,-122.00643,46.06953,4.186342817712367e-07,0.0032024242164127,0.0003242113508145
07167500,0.3603456682767212,350.5,4,0.055,0.00282,0,0.11,10.729214,50.0,0.409644,6.437528,-96.40173,37.683826,0.000414693145826,0.1179399629113353,0.0345505414121158,0.3579733046783743,301.23,4,0.055,0.00118,0,0.11,17.662193,52.98658,0.32877755,10.597316,-96.21028,37.712482,0.0004086036403804,0.1235528891224769,0.0409050627847852
12020000,0.0352395578543215,497.76,1,0.06,0.09014,0,0.12,2.9376552,8.812965,0.72543406,1.762593,-123.358475,46.453083,0.0002021404060682,0.0786337849292966,0.0174686396165755,0.0293386026885311,96.22,4,0.055,1e-05,0,0.11,19.451275,58.353825,0.31507602,11.670765,-123.284645,46.63859,2.8443725487780767e-05,0.0308040056942331,0.0065891530151684
03456500,0.574536177750773,1001.6,3,0.055,0.01752,0,0.11,7.790623,30.0,0.47176772,4.6743736,-82.93001,35.36698,0.0001051503573714,0.0568130155230726,0.0124214828869519,0.5723482043430538,805.43,4,0.055,0.0013,0,0.11,17.108313,51.324936,0.33343172,10.264987,-82.88332,35.485302,0.0002289263059141,0.099704793415558,0.0134963882097425
02408540,0.0903706385528037,210.2,1,0.06,0.01029,0,0.12,3.8560545,11.568164,0.643393,2.3136327,-86.20074,32.90315,0.0002321331153847,0.1015458853237652,0.0105236051794886,0.0885031620277677,114.81,5,0.05,7e-05,0,0.1,22.527536,70.0,0.2953136,13.516522,-86.28244,32.913895,1.0930893678595828e-05,0.0171047195259382,0.0043841633942952
11176400,0.0186913633864381,515.37,4,0.055,0.01262,0,0.11,14.147932,50.0,0.36258534,8.488759,-121.58083,37.417747,9.343849227607524e-06,0.0193001545177234,0.0028318569414024,0.0149397685381269,236.49,4,0.055,0.01374,0,0.11,17.693375,53.080124,0.32852182,10.616025,-121.6866,37.5633,5.534357949984864e-05,0.0638176990322493,0.0062571056895716
14309500,0.0671373706109185,566.02,2,0.06,0.02944,0,0.12,6.436786,19.310358,0.5132195,3.8620715,-123.39732,42.783646,0.0005161496042483,0.1273049603636783,0.034656016141375,0.0616180420989412,305.1,4,0.055,0.00189,0,0.11,25.503271,76.50981,0.27958372,15.301963,-123.61956,42.820156,0.0009360735530133,0.159374835269595,0.0408501682182499
08086212,0.2704310408704649,432.74,2,0.06,0.00371,0,0.12,9.547007,28.64102,0.43129513,5.7282043,-99.22313,32.454823,0.0005700178478594,0.137306062300217,0.0305022677505296,0.2613504913515844,361.67,4,0.055,1e-05,0,0.11,30.203632,90.6109,0.25947863,18.122179,-99.10758,32.755627,0.0001021017247882,0.060066208875089,0.0194242223460601
02212600,0.1100132307424924,181.05,1,0.06,0.013,0,0.12,3.5459216,10.637765,0.6676385,2.127553,-83.71002,33.24634,0.0002904792569663,0.0936910117517373,0.0190642638483028,0.1072451982515574,111.75,4,0.055,0.00058,0,0.11,14.714346,50.0,0.3563601,8.828608,-83.7258,33.079548,0.0005063385421218,0.1489311174242514,0.0358627997791329
03186500,0.6168896319366793,731.6,3,0.055,0.00442,0,0.11,14.846818,44.540455,0.3549538,8.908091,-80.37088,38.345875,0.0002380867522664,0.0812915173537202,0.018010231015265,0.6150677534456198,670.26,4,0.055,0.00334,0,0.11,17.611094,52.83328,0.3291981,10.566656,-80.499214,38.382153,0.0002140861437222,0.0902239720548336,0.0297011465110824
01667500,0.0459197293199211,189.67,1,0.06,0.03267,0,0.12,3.3730729,10.119219,0.6825216,2.0238438,-78.260414,38.15613,0.0002664159303314,0.089703244143789,0.0106008321154246,0.0363990846334237,73.2,5,0.05,1e-05,0,0.1,27.832699,83.4981,0.26900792,16.69962,-77.96649,38.35763,7.365482620489458e-05,0.0529873355817222,0.0120915458214717
05489000,0.484934190523249,228.27,1,0.06,1e-05,0,0.12,2.9208984,8.762695,0.7272672,1.752539,-92.94561,41.11087,6.560773664405573e-05,0.051332101468945,0.0079308008782757,0.482466691350747,211.65,5,0.05,0.00036,0,0.1,25.277536,75.83261,0.2806825,15.166522,-92.9146,41.2297,0.0003384779669182,0.1049164780863814,0.0338379869694229
03281500,0.5843082434129301,313.1,1,0.06,0.03766,0,0.12,3.1554382,9.466314,0.7029032,1.893263,-83.71766,37.318462,0.0002165439817123,0.0906713139212263,0.0256444725426804,0.5806337475328881,201.17,5,0.05,1e-05,0,0.1,31.670214,95.01064,0.2541072,19.002129,-83.68684,37.490704,0.0011061408941121,0.2603652192736342,0.0513192364857228
02215100,0.0900373038151572,105.47,1,0.06,1e-05,0,0.12,3.0237136,9.07114,0.71625173,1.8142282,-83.674904,32.221558,3.788306735974831e-06,0.0106052778272972,0.0012655537975503,0.0871996222302458,65.18,5,0.05,1e-05,0,0.1,21.135683,70.0,0.30374062,12.68141,-83.49518,32.231167,3.521738578073611e-05,0.0296090076603918,0.00700285023403
07066000,0.2752112572040458,301.85,1,0.06,0.02912,0,0.12,2.2168446,6.6505337,0.82136965,1.3301067,-91.369064,37.05213,7.640092830534888e-05,0.0556025523567283,0.0169249047713525,0.2730031663423521,188.99,5,0.05,1e-05,0,0.1,26.001774,78.005325,0.27720615,15.601065,-91.3486,37.151318,8.672335577914897e-05,0.0581990452329674,0.0104746839503988
11148900,0.1142264045551095,414.2,1,0.06,0.01906,0,0.12,3.2590685,9.777205,0.6929535,1.9554411,-121.29643,35.95883,0.0002340463615864,0.1092848870234873,0.0266735635617612,0.1101900902065639,254.34,5,0.05,1e-05,0,0.1,19.062391,70.0,0.31789577,11.437434,-121.09107,35.779766,0.000259729583593,0.0954512168738939,0.0179908299853948
14222500,0.0475953948193174,971.55,1,0.06,0.07798,0,0.12,5.512542,16.537624,0.54954326,3.307525,-122.10953,45.819103,0.0012725881826353,0.2104981706345624,0.0646889337918247,0.0403724552084457,103.23,4,0.055,0.0109,0,0.11,17.600557,52.801674,0.329285,10.560335,-122.49261,45.833866,0.0001461108226559,0.0865750037147651,0.014058794387375
13235000,0.470927307029144,1289.69,4,0.055,1e-05,0,0.11,24.440388,73.32116,0.28488415,14.664232,-115.454315,44.100838,1.416218723935772e-06,0.0072088888662596,0.0006094792859399,0.4683557034833266,1155.45,4,0.055,1e-05,0,0.11,27.20333,81.609985,0.27173615,16.321997,-115.63401,44.081974,0.0001995476142722,0.0801291915372777,0.0150250931730084
06921070,0.5135185497358205,299.92,4,0.055,0.00137,0,0.11,19.051119,57.15336,0.31797874,11.430672,-93.28542,37.501236,4.81454542088046e-05,0.0413257792926266,0.0088116802375063,0.5093598586974288,265.08,5,0.05,1e-05,0,0.1,23.816534,71.44961,0.28815255,14.289921,-93.40492,37.679863,1.27773343015428e-05,0.0325211113481493,0.0012125337144105
12175500,0.0495145756965614,1802.16,1,0.06,0.08641,0,0.12,5.337303,16.01191,0.55743164,3.202382,-120.858826,48.56741,0.0012178590338067,0.2333423240404935,0.0647120254377527,0.0433232215689765,373.83,4,0.055,0.00375,0,0.11,16.520163,50.0,0.3386177,9.912097,-121.07587,48.67635,6.626256526973205e-05,0.0765568986212416,0.0030071622846857
02177000,0.1261589926130773,862.6,1,0.06,0.03709,0,0.12,4.568968,13.706903,0.59699774,2.7413807,-83.14765,34.980247,0.0005224475796797,0.1677159283054879,0.044177763606892,0.1208546629494188,358.82,4,0.055,0.00805,0,0.11,20.667225,62.001675,0.30675903,12.400334,-83.31357,34.799866,0.0004817429522353,0.1331567671037847,0.0350844529335173
12189500,0.0304517555342291,116.81,1,0.06,0.00139,0,0.12,4.72999,14.18997,0.5879447,2.8379939,-121.547966,48.326176,3.27444630256939e-07,0.0040583112366087,0.0004598108307119,0.0257521860823194,78.58,5,0.05,0.00032,0,0.1,31.548979,94.646935,0.25453755,18.929388,-121.58968,48.44109,4.309891129782639e-05,0.0383992331684503,0.0052444178485958
02350900,0.1397933216334496,109.67,1,0.06,0.00927,0,0.12,2.8743713,8.623114,0.7324375,1.7246228,-84.39866,31.866306,0.0001543019307791,0.0684526819418743,0.0234391134280762,0.135157842490731,66.7,5,0.05,4e-05,0,0.1,28.888968,86.6669,0.26462343,17.333382,-84.25073,31.754372,9.560829221847636e-05,0.057295070758327,0.0186925176900757
12186000,0.0402971458626856,323.22,4,0.055,0.00545,0,0.11,17.767437,53.30231,0.32791695,10.660462,-121.42156,48.130848,6.176143045159369e-05,0.0498534494130965,0.0050387529728744,0.0385783034379971,278.72,4,0.055,1e-05,0,0.11,18.693523,56.080574,0.3206481,11.216115,-121.47279,48.172424,8.705960342183234e-07,0.0046174208785199,0.0008315118760389
12082500,0.031943527107918,630.12,4,0.055,0.01964,0,0.11,14.169277,50.0,0.36234426,8.501566,-121.90719,46.73734,5.519182656142861e-05,0.0418922541820866,0.0064374365927095,0.0257888175307999,417.38,4,0.055,0.0132,0,0.11,18.104652,54.313953,0.3252082,10.862791,-122.11407,46.746727,0.0002467295542598,0.0948891927859467,0.0055903661328923
12167000,0.0107881897400749,85.9,3,0.055,1e-05,0,0.11,18.243746,54.731236,0.32411197,10.946247,-121.8301,48.282978,0.0001155998341224,0.0616353083595084,0.0136187478656906,0.0049614676825226,31.42,4,0.055,0.00415,0,0.11,22.596243,67.788734,0.2949171,13.557746,-122.053604,48.25094,1.3296822555996656e-05,0.0196264355706261,0.0030850094892989
05495500,0.4506135687433174,170.64,4,0.055,1e-05,0,0.11,16.981737,50.94521,0.33452588,10.189042,-91.256714,40.28344,0.0001635406503168,0.1040579459359712,0.0107923503298349,0.4471639159833445,157.25,5,0.05,1e-05,0,0.1,24.727947,74.18384,0.2834178,14.836768,-91.34434,40.138695,0.0001209819648479,0.0662152070153043,0.0168323185045608
04059500,0.2731536024514697,310.27,1,0.06,0.00108,0,0.12,5.6907444,17.072233,0.5418837,3.4144466,-87.5559,46.004,0.001402296940523,0.3380587091414833,0.0108930274674524,0.2520822580356956,198.28,4,0.055,0.00276,0,0.11,27.103983,81.31194,0.2721751,16.26239,-87.172104,45.714657,0.0008221778866889,0.1830355996372697,0.0646767224365387
09430500,0.318971274564874,2074.03,1,0.06,0.12843,0,0.12,3.2385097,9.7155285,0.6948909,1.9431057,-108.32389,33.03419,0.0002219405079262,0.1206273690670352,0.0362438998555362,0.3126380884144653,1411.77,6,0.05,0.00332,0,0.1,44.572533,133.7176,0.21854416,26.74352,-108.535484,33.03639,0.0004976829370993,0.1267357598585252,0.0289423148562499
12411000,0.7169974309045275,1412.45,1,0.06,0.16654,0,0.12,2.349328,7.047984,0.80060315,1.4095968,-116.03202,47.869686,0.0001075494557384,0.0849158396807263,0.0251408716128544,0.71249629743888,756.75,5,0.05,0.0005,0,0.1,25.970043,77.91013,0.27735555,15.5820265,-115.95818,47.69815,0.0004176651053366,0.1230856133357115,0.0296801562472504
07071500,0.2579985882278495,234.28,1,0.06,0.00459,0,0.12,2.6148844,7.844653,0.7636576,1.5689306,-91.13603,36.7232,0.0001236517898551,0.0646729291306806,0.0165965852539282,0.2559628728471206,124.01,5,0.05,1e-05,0,0.1,32.575123,97.72537,0.25096846,19.545074,-91.18856,36.63409,3.0831611151649902e-06,0.0098443210382027,0.0019484322320063
12488500,0.3758558783545632,1450.28,1,0.06,0.14347,0,0.12,4.023353,12.07006,0.6314498,2.414012,-121.28851,46.89346,0.0003871481288651,0.1243055385354126,0.0353652655913115,0.3716714116929197,841.04,5,0.05,0.01125,0,0.1,20.232018,70.0,0.3096529,12.13921,-121.1249,46.98069,0.0012443472319856,0.2229277068487527,0.0698162337746299
13023000,1.1233437069114656,2073.99,1,0.06,0.0745,0,0.12,6.0486298,18.14589,0.5274973,3.6291778,-110.77253,42.962723,0.0002042519464322,0.0848660091053124,0.0170469460785705,1.1147481159351886,1730.65,4,0.055,0.00458,0,0.11,26.987673,80.96301,0.272692,16.192604,-110.9939,43.15171,0.0006179175968201,0.1537285823247508,0.0277097125058315
05131500,0.1355490505458991,349.78,2,0.06,0.00048,0,0.12,11.076704,33.23011,0.4039239,6.6460223,-93.53773,48.30558,0.0008157806173791,0.1952850503207466,0.0512614364445857,0.1322846148259926,332.07,5,0.05,0.0002,0,0.1,42.263832,126.791504,0.22373281,25.358301,-93.55597,48.40203,0.0003400646332284,0.1360947390516491,0.0299593672286194
05514500,0.4363422469333277,173.18,3,0.055,0.00728,0,0.11,5.9781127,30.0,0.53023344,3.5868678,-91.010605,39.106773,0.0001438701334648,0.0786746024032268,0.0239446585155799,0.4346849823111108,140.19,6,0.05,1e-05,0,0.1,34.499233,103.497696,0.24469414,20.69954,-90.94505,39.01455,0.0001236527398337,0.0751404704947895,0.0181054552893835
01013500,0.025716931288077,323.77,1,0.06,0.03257,0,0.12,4.273518,12.820554,0.614867,2.5641108,-68.758896,47.114532,0.0001082738833072,0.0733777847865869,0.0139630352878889,0.0199497574982006,155.87,5,0.05,0.00082,0,0.1,33.982452,101.94735,0.24632889,20.389471,-68.580925,47.249184,0.0002291623390871,0.1051663561888692,0.0176469148886929
08101000,0.1431465594928954,452.37,1,0.06,0.02543,0,0.12,2.8128004,8.438401,0.739468,1.6876802,-98.19636,31.543419,0.0001442913567351,0.078682553194658,0.0236977665234723,0.1262932004660099,229.2,4,0.055,0.00299,0,0.11,27.155838,81.467514,0.2719457,16.293503,-97.86558,31.279396,0.0005005379750308,0.165057233840459,0.0328914997425574
03161000,0.6769387448041903,915.38,4,0.055,0.0013,0,0.11,15.0767355,50.0,0.35255545,9.0460415,-81.59577,36.260212,0.0005036191017841,0.1406858756413814,0.074029762443186,0.6687485017681742,808.37,4,0.055,0.00305,0,0.11,20.89575,62.687252,0.3052744,12.537451,-81.40395,36.411606,1.4829852628494727e-05,0.0222161412438366,0.0039397485135818
03164000,0.6586611886511259,806.46,2,0.06,0.02147,0,0.12,5.370436,16.11131,0.5559118,3.2222617,-81.094284,36.74099,0.0001800715192028,0.0919018879191761,0.0148884986242596,0.6554794563944554,670.48,5,0.05,1e-05,0,0.1,37.02299,111.06898,0.23718989,22.213795,-80.97516,36.68697,0.0002849378635921,0.1014474757064593,0.0142207373332279
01423000,0.1263548605113621,375.94,1,0.06,1e-05,0,0.12,2.1338117,6.4014354,0.8353202,1.280287,-75.03704,42.16691,1.0393741823961598e-05,0.0170618762357365,0.0054290425385663,0.1249224987300987,359.58,4,0.055,1e-05,0,0.11,24.32119,72.96357,0.28549927,14.592713,-75.14807,42.153706,2.646826256073591e-05,0.0257947611221988,0.0054433142917758
01539000,0.0550004433269548,246.63,2,0.06,0.01825,0,0.12,4.3101907,12.930572,0.6125535,2.5861144,-76.390434,41.206917,2.386585028452072e-05,0.0277050726061152,0.0052014937454883,0.05085709618639,164.58,5,0.05,0.0009,0,0.1,22.888926,70.0,0.2932474,13.733355,-76.433754,41.064785,0.0004163248096443,0.1329057124525429,0.0233116098782325
01022500,0.0054742260404101,55.25,1,0.06,0.00451,0,0.12,3.746817,11.240452,0.65160215,2.2480903,-68.11651,44.717903,0.000401031386801,0.1226739218982499,0.0174181614814196,0.0019396853733049,14.82,5,0.05,0.01082,0,0.1,21.830118,70.0,0.29943934,13.098071,-67.92784,44.606155,0.0003995750443499,0.1449379563004909,0.0115774136489562
06921200,0.5111935829344029,312.52,3,0.055,0.00399,0,0.11,7.3006945,30.0,0.4854818,4.3804164,-93.11964,37.74215,1.7664298677901258e-05,0.0302663204602363,0.003823512687168,0.5081985721036533,267.93,4,0.055,0.00077,0,0.11,17.779709,53.339127,0.32781705,10.667826,-93.282745,37.776752,0.0013491734944617,0.2090775931757896,0.0768854037842082
05488200,0.4883841280001883,249.68,3,0.055,0.00208,0,0.11,10.7452,32.2356,0.409375,6.44712,-93.18231,41.19816,0.000138828861038,0.0669745413797053,0.0117490429470515,0.4847025531508763,221.83,4,0.055,0.00055,0,0.11,15.7939205,50.0,0.3454008,9.476352,-93.03846,41.309566,0.0004210490394551,0.1282390590557299,0.0442965922260112
07014500,0.4197035343338178,241.46,1,0.06,0.01922,0,0.12,3.3368578,10.010573,0.6857797,2.0021148,-91.20025,38.081924,0.0002578539604925,0.0941565761083349,0.0236819895009993,0.4172687279209477,177.57,7,0.045,0.00027,0,0.09,40.42911,121.28734,0.2281567,24.257467,-91.10683,38.175983,0.0002462219597224,0.1072152364663572,0.0298772046450043
06431500,0.9325609372833186,1612.0,4,0.055,0.01066,0,0.11,14.278076,50.0,0.36112353,8.566846,-103.87451,44.30738,0.0002086031436262,0.0789599716436413,0.0134582202545779,0.9277518614632946,1100.66,4,0.055,0.00908,0,0.11,19.296654,57.889965,0.31618735,11.577992,-103.86604,44.49608,0.0002772559944093,0.1233729082918663,0.0102369784838496
07335700,0.1911496703366426,492.59,1,0.06,0.02889,0,0.12,2.2652793,6.7958384,0.8135749,1.3591677,-94.45884,34.678112,7.905470785784643e-05,0.044685347000683,0.0049855580407379,0.1894528331813075,273.46,4,0.055,1e-05,0,0.11,11.874314,50.0,0.39172104,7.1245885,-94.616974,34.636055,9.644522038536271e-06,0.0155507107992584,0.003667654297209
08164300,0.0345432540356338,108.7,2,0.06,0.002,0,0.12,6.0434985,18.130497,0.5276948,3.6260993,-96.927635,29.78455,0.0001352776595421,0.0665272067462783,0.0096431482198173,0.0235420204268171,50.55,4,0.055,1e-05,0,0.11,24.533215,73.59965,0.2844081,14.71993,-96.80248,29.436783,4.4269153137152325e-05,0.0412074609264809,0.0104931079320745
11478500,0.0127316248373483,258.07,4,0.055,0.01449,0,0.11,19.360289,58.080864,0.31572843,11.616173,-123.779106,40.5291,0.0002310080066761,0.0808923240345913,0.0166382089982337,0.0090377938882401,106.42,4,0.055,0.00414,0,0.11,21.847782,65.54335,0.2993325,13.108669,-123.925575,40.47793,0.0007550109724706,0.1643073647803053,0.0517253040838356
04057510,0.2724984673630088,255.54,1,0.06,6e-05,0,0.12,4.5766883,13.730064,0.59655327,2.746013,-86.74381,46.266,0.0007423937549032,0.1875128438088188,0.0029031310551302,0.2514570647441551,182.44,3,0.055,0.00041,0,0.11,20.324314,60.97294,0.30903172,12.194588,-86.68331,45.873714,0.0006590863421249,0.1735731004282625,0.0953998640790919
11274630,0.0612008342583132,630.73,1,0.06,0.21669,0,0.12,2.4932847,7.4798536,0.7798705,1.4959707,-121.31898,37.448685,0.0001085081063209,0.0613527122212579,0.0200679024068595,0.059276806951152,40.38,4,0.055,0.0056,0,0.11,14.540481,50.0,0.35823375,8.724288,-121.16744,37.50185,1.2472173908640467e-05,0.0199847342396899,0.0040629533894804
08164000,0.0263797867890865,87.08,1,0.06,0.00206,0,0.12,8.871155,26.613464,0.44549453,5.322693,-97.09646,29.115149,0.0041292384899879,0.5162657718266377,0.1848811925451297,0.0081993965457547,7.07,5,0.05,0.0017,0,0.1,33.140938,99.42282,0.24906902,19.884563,-96.69024,28.952969,0.0004103352386574,0.1441259191402709,0.0134619202315787
11274500,0.097825672945208,333.59,2,0.06,0.05785,0,0.12,3.8901575,11.670472,0.6408985,2.3340945,-121.25791,37.318737,9.52412137730637e-05,0.0589498431130045,0.0105659042012811,0.0937614240957881,52.22,4,0.055,0.00299,0,0.11,17.998474,53.995426,0.32605317,10.799085,-121.08992,37.337048,0.00030497339799,0.1428089709480905,0.0381999178635722
06903400,0.4932206383529657,298.79,3,0.055,1e-05,0,0.11,15.02331,45.069927,0.35310805,9.013986,-93.41502,40.94574,0.0001742073243174,0.0753878567720469,0.0127567299807836,0.4899791902357814,283.66,4,0.055,0.00088,0,0.11,20.019918,60.059757,0.31109595,12.011951,-93.24196,40.941696,0.0003639784206201,0.1046550022145236,0.0332570267019884
08189500,0.0308225316602787,102.48,1,0.06,0.00897,0,0.12,3.591959,10.775877,0.6638497,2.1551754,-97.82531,28.589188,0.0002876315778755,0.0894570715527239,0.0251578812955663,0.0070685918325728,1.45,5,0.05,1e-05,0,0.1,31.479652,94.43896,0.2547847,18.88779,-97.26369,28.24659,0.0012455074486843,0.3045720152254696,0.0378419555067556
06919500,0.5188375101116492,256.12,2,0.06,0.00185,0,0.12,8.637496,25.912487,0.4507717,5.1824975,-94.01242,37.750385,0.0011123414012553,0.2214310854716287,0.0276186668329837,0.514013846908465,228.59,5,0.05,1e-05,0,0.1,26.177246,78.53174,0.27638483,15.706347,-93.86232,37.839176,0.0001542982972959,0.0741089377517316,0.0268376772530397
05501000,0.4484982460014922,165.55,4,0.055,0.00138,0,0.11,14.662207,50.0,0.3569186,8.797324,-91.71195,39.747036,6.374685625019759e-05,0.0469080535291035,0.0088405965772338,0.4446623332220799,146.28,5,0.05,0.00042,0,0.1,24.945112,74.835335,0.2823266,14.967067,-91.50697,39.82027,0.0008315940591592,0.1895340570984306,0.0156221695516136
06918460,0.5319675151878988,363.2,1,0.06,0.00694,0,0.12,3.4345,10.3035,0.67710894,2.0607,-93.669876,37.286076,0.0002777204797583,0.0991326211844197,0.0228908582003689,0.5282694544501064,268.6,5,0.05,1e-05,0,0.1,22.07528,70.0,0.29796764,13.245168,-93.80216,37.405087,1.2181376328631646e-05,0.027338639506411,0.0020388149805929
06037500,1.4974495291983858,2188.72,4,0.055,0.00253,0,0.11,18.61108,55.83324,0.32127398,11.166648,-110.83442,44.570953,0.0004364308748498,0.1364339738478588,0.0218120024677934,1.480765654335472,2018.71,4,0.055,0.00371,0,0.11,26.62113,79.86339,0.27434215,15.972677,-111.06901,44.668545,9.150625006905188e-05,0.0688382235273332,0.0052934806362262
06188000,1.2938389598390838,2047.35,3,0.055,0.00682,0,0.11,15.7150755,47.145226,0.34616426,9.429045,-110.131226,44.89187,0.000288053773593,0.170241699408895,0.0052012919525638,1.2829575368610882,1818.78,5,0.05,1e-05,0,0.1,30.788937,92.366806,0.25729075,18.473362,-110.40154,44.929092,3.0470777178040237e-05,0.032916878521776,0.0011357323302087
07315700,0.2663277335768765,286.31,1,0.06,0.00014,0,0.12,2.3668795,7.1006384,0.7979785,1.4201276,-97.9011,34.097797,8.933056453425895e-05,0.0551217031937957,0.0019870230504246,0.2551420111958237,225.64,4,0.055,1e-05,0,0.11,29.270641,87.81192,0.26309556,17.562384,-97.55187,33.996407,5.348414391634204e-05,0.0559193992457047,0.0147162129342779
01181000,0.0325109251609616,466.71,1,0.06,0.01659,0,0.12,2.9531977,8.859593,0.7237472,1.7719187,-73.041336,42.240757,0.0001912146839581,0.0976786123335182,0.0117273800869932,0.0289584242096408,109.91,3,0.055,0.00148,0,0.11,15.892314,47.67694,0.34445572,9.535388,-72.8768,42.231983,4.083082001969621e-05,0.0485935245494615,0.0075755692436989
05466500,0.4764878761682589,243.15,1,0.06,0.01268,0,0.12,3.322156,9.966468,0.6871169,1.9932935,-90.712494,41.295002,0.0002664655058581,0.0949626048965137,0.0211511628755067,0.4678342524683257,164.45,5,0.05,0.00049,0,0.1,26.911291,80.73387,0.27303317,16.146774,-90.975975,41.147717,5.850325801727055e-05,0.053865840458434,0.0141657315243108
09223000,0.601861600576508,2468.27,1,0.06,0.04123,0,0.12,3.1626742,9.488023,0.70219326,1.8976045,-110.72387,42.22057,0.0001860727789013,0.0867346347407692,0.0268099034339945,0.5996568989266562,2268.96,4,0.055,0.00206,0,0.11,17.663218,52.989655,0.32876915,10.597931,-110.69429,42.107964,3.654119284070274e-05,0.0418429381476863,0.0105653709452191
08190500,0.1338344180235606,528.9,4,0.055,0.00369,0,0.11,25.492502,76.47751,0.27963582,15.295502,-100.39324,29.751167,0.0002353671287014,0.0924193079667257,0.0179899806045596,0.1198613835561421,402.18,4,0.055,0.00597,0,0.11,31.267252,93.80176,0.25554684,18.760351,-100.22253,29.479315,1.339497790971231e-06,0.0069597906080554,0.0006210104025135
01047000,0.0455711904605377,395.9,1,0.06,0.01824,0,0.12,7.070065,21.210196,0.49240595,4.242039,-70.0886,45.12239,0.0026132816259041,0.3241612741326984,0.0580465351992613,0.0331593753742124,93.72,4,0.055,0.00164,0,0.11,24.875978,74.62794,0.2826725,14.925588,-69.92063,44.858055,0.0007730455233453,0.2022476025631015,0.0608137027342627
08109700,0.0881531116826808,109.79,4,0.055,1e-05,0,0.11,19.129902,57.389706,0.31740034,11.4779415,-97.063095,30.384027,0.0001809371518107,0.079521796592848,0.0108233232137785,0.0820156617727252,88.5,4,0.055,1e-05,0,0.11,21.878696,65.63609,0.29914585,13.127218,-96.86804,30.33591,3.858504625464128e-05,0.0448022661270282,0.0037193686985117
05129115,0.1914688433579914,400.84,2,0.06,0.00242,0,0.12,4.891494,14.674481,0.5793,2.9348962,-92.74872,48.2237,0.0004112352527544,0.1410362364969318,0.0311691425769758,0.1865322989056219,354.49,5,0.05,0.00107,0,0.1,34.15361,102.46084,0.24578351,20.492167,-92.564095,48.26562,1.2646412816651628e-05,0.0204370969449892,0.003781652308303
06876700,0.5613106831529786,454.27,1,0.06,0.01148,0,0.12,3.4793015,10.437904,0.6732484,2.087581,-97.99314,39.075325,2.0422908291412784e-05,0.0270132758505811,0.0048265355820245,0.5581533069923187,382.66,5,0.05,0.00033,0,0.1,26.117315,78.351944,0.27666447,15.670389,-97.81294,39.14288,0.0007221176874338,0.203789526168578,0.0439511837531329
08165300,0.1019853507947011,574.0,3,0.055,0.01392,0,0.11,17.041298,51.123894,0.33400956,10.224779,-99.457115,30.059856,2.1048956107865467e-06,0.0086858894068973,0.0009933192419468,0.1003206778762623,546.86,3,0.055,0.00337,0,0.11,19.328636,57.98591,0.3159564,11.597182,-99.37526,30.066051,2.366046216736417e-05,0.0292552576714154,0.0042391457046253
06888500,0.52220510818551,382.02,1,0.06,0.01935,0,0.12,2.877085,8.631255,0.7321327,1.726251,-96.35514,38.983875,0.0001687952891398,0.0840754550541907,0.0274335011807214,0.5178885780724778,292.03,5,0.05,1e-05,0,0.1,24.802273,74.406815,0.2830428,14.881363,-96.137314,39.062893,0.0001332873135708,0.0748125263558568,0.0293208478103347
07068000,0.2623428225557838,115.26,6,0.05,1e-05,0,0.1,43.895943,131.68784,0.22002393,26.337566,-90.94309,36.765293,2.770432986233041e-05,0.0291056109713323,0.0087093079264617,0.2600510188044215,99.46,6,0.05,0.00171,0,0.1,45.08205,135.24615,0.217451,27.04923,-90.83857,36.616837,6.618312063681026e-05,0.055560261725218,0.008281991266678
06889200,0.5140357407259519,325.06,2,0.06,0.00448,0,0.12,7.2531605,21.759481,0.4868829,4.3518963,-95.885284,39.35932,0.0001748577157849,0.0898160096186584,0.0116047751475403,0.5115236373789878,287.12,4,0.055,1e-05,0,0.11,18.905539,56.716618,0.3190567,11.343324,-95.87447,39.197456,2.805974167061244e-05,0.0360632969980501,0.0081852902435067
01144000,0.0712870844124567,319.87,1,0.06,0.04281,0,0.12,4.5369344,13.610804,0.5988537,2.7221606,-72.53806,43.85533,0.0006939074306021,0.178892861689164,0.0395668535666463,0.0670885124225101,111.97,5,0.05,0.0016,0,0.1,31.189915,93.56975,0.25582618,18.71395,-72.40819,43.702057,1.9093650934468927e-06,0.0079202066482238,0.0011591234119061
01552000,0.0584582921362051,245.45,5,0.05,0.00204,0,0.1,23.732546,71.19764,0.288602,14.239528,-76.70853,41.415146,0.0002370849656699,0.128065679195299,0.0065561915176656,0.0532713260993874,179.24,5,0.05,0.00259,0,0.1,26.641724,79.92517,0.27424854,15.985035,-76.91272,41.320335,1.0453169224471804e-05,0.0210853963079796,0.0052195034720158
11522500,0.0225606887469789,1048.03,1,0.06,0.20454,0,0.12,3.835681,11.507043,0.6448985,2.3014085,-123.339615,41.455864,0.0004076651361434,0.1219812793279312,0.0305144298687588,0.019390873662881,144.25,5,0.05,1e-05,0,0.1,32.040253,96.12076,0.25280827,19.224152,-123.49338,41.37766,1.9374442049408721e-07,0.0018167185230596,0.0004601078196298
06892000,0.5038662912914045,258.46,3,0.055,1e-05,0,0.11,9.995039,30.0,0.42265648,5.997023,-95.07401,39.224567,2.525389619162198e-05,0.0293140732180333,0.0117653236393427,0.5013496221511997,246.01,5,0.05,4e-05,0,0.1,26.395037,79.185104,0.2753764,15.837022,-95.01846,39.104515,0.0003943966358175,0.1215055826872622,0.0269932077398197
07067000,0.2706705733335867,247.73,2,0.06,0.01049,0,0.12,5.200257,15.600771,0.5638656,3.1201541,-91.20673,37.00801,0.0004156008620001,0.1160367063668887,0.0194638125479404,0.2664524788774454,139.88,6,0.05,0.0033,0,0.1,42.048763,126.146286,0.22423695,25.229258,-91.00833,36.988995,8.016388139550986e-06,0.0145518381679912,0.0029446613113926
06889500,0.5118038395895436,295.47,4,0.055,0.00156,0,0.11,12.892925,50.0,0.37775305,7.735755,-95.757126,39.233402,3.1829261065294264e-05,0.0449529533785345,0.010432715763608,0.5074929945905425,266.45,5,0.05,1e-05,0,0.1,23.419367,70.2581,0.29029834,14.05162,-95.70664,39.104973,0.0001742302527013,0.0743832052729142,0.018723569134522
03070500,0.6909043025110826,695.53,1,0.06,0.02043,0,0.12,4.142093,12.42628,0.6233989,2.485256,-79.51025,39.763363,0.000354564372931,0.1385005402761621,0.0285554584676437,0.6852517319589846,410.91,5,0.05,0.019,0,0.1,20.517857,70.0,0.30774227,12.310714,-79.72226,39.626354,0.0003532315964408,0.1167262524184405,0.0162844174382681
03066000,0.7037482029825012,986.14,1,0.06,0.00384,0,0.12,3.240663,9.721989,0.6946871,1.9443978,-79.45971,39.018326,3.0891121886788354e-06,0.0110461074571069,0.0011295954142685,0.7000280100033794,933.21,4,0.055,0.01276,0,0.11,15.508522,50.0,0.34819078,9.305113,-79.47831,39.116,0.0001101402423817,0.069197552655118,0.0115673045990282
01632000,0.1171856651130402,956.78,1,0.06,0.11645,0,0.12,4.615566,13.846698,0.59433115,2.7693396,-79.072174,38.70349,0.0006751174474293,0.1351783196799367,0.0252632821548958,0.1064137767730074,321.61,4,0.055,1e-05,0,0.11,21.121212,63.363636,0.30383244,12.672727,-78.841965,38.63345,4.655639479681285e-07,0.0036972133228902,0.000467353265509
08104900,0.1237611220938371,343.2,1,0.06,0.00919,0,0.12,4.413893,13.24168,0.60616195,2.6483362,-97.97013,30.832884,0.0005390280993579,0.1401735210354724,0.0384652169493791,0.1116296147994315,201.23,4,0.055,0.00156,0,0.11,25.953823,77.86147,0.277432,15.572294,-97.65931,30.654669,0.0004396649349764,0.1434739790136603,0.0304021934192292
06917000,0.5336185024630348,325.47,1,0.06,0.01767,0,0.12,3.2255304,9.676592,0.6961231,1.9353182,-94.92796,38.043037,0.0002332261902845,0.0914347328390378,0.0255560296571691,0.5279419580067021,239.93,4,0.055,0.00131,0,0.11,23.397943,70.19383,0.29041559,14.038766,-94.70682,38.01087,7.986710560644388e-05,0.0604898937189077,0.0127514332790016
03076600,0.6838572240298417,808.22,1,0.06,0.03118,0,0.12,5.2289753,15.686925,0.56249726,3.1373851,-79.39361,39.573967,0.0009864491693277,0.2318920858593624,0.0723634465215116,0.6803543775948515,444.07,5,0.05,0.0114,0,0.1,24.620764,73.86229,0.28396147,14.772458,-79.399315,39.669395,2.4373554651878403e-05,0.0256763605491324,0.00470818793704
05495000,0.4556582095838267,181.91,3,0.055,0.00086,0,0.11,8.5760355,30.0,0.45219404,5.1456213,-91.81625,40.475353,0.0002935321214967,0.1137029639633303,0.027213557191182,0.4505132139047108,156.59,5,0.05,0.00131,0,0.1,25.904026,77.71208,0.27766716,15.542416,-91.58296,40.365986,0.0007091505743548,0.2141542648957113,0.0475465111780789
05087500,0.0548831996762681,345.86,1,0.06,0.00089,0,0.12,3.6797378,11.039213,0.6568161,2.2078426,-96.259544,48.2847,0.0004057330110382,0.1228720569154325,0.030648702872603,0.0323508324073893,247.82,4,0.055,0.00059,0,0.11,22.80109,68.403275,0.29374525,13.680655,-96.954704,48.36957,0.0012337460650734,0.2447924177431118,0.0933257214232231
03069500,0.6981531188971032,658.39,1,0.06,0.05995,0,0.12,2.7401752,8.220526,0.74805135,1.6441051,-79.73284,39.064537,0.0001464084297721,0.063445032396816,0.016085721349085,0.6960974887509591,485.19,5,0.05,0.00271,0,0.1,31.535843,94.60753,0.2545843,18.921507,-79.69015,39.13735,7.951352950024939e-05,0.0542822734646513,0.009135654951029
06043500,1.428849009499195,2386.48,2,0.06,0.17388,0,0.12,4.0703306,12.210991,0.6282242,2.4421983,-111.490746,45.425316,1.9660182605456e-05,0.0305486705298913,0.0058122270774882,1.4260847203877307,1587.15,5,0.05,0.36,0,0.1,32.993923,98.98177,0.24955803,19.796354,-111.27025,45.49986,3.004582167041682e-06,0.0140740029819656,0.0002244547170257
07197000,0.2936954688469308,342.28,1,0.06,0.01789,0,0.12,3.2014685,9.604405,0.6984265,1.9208812,-94.69181,36.031483,0.0002222846843456,0.1197520533395424,0.0430843111294426,0.2908002310064791,216.96,5,0.05,0.00172,0,0.1,24.007008,72.02102,0.28714168,14.404204,-94.84943,35.90784,0.0001034250112584,0.0703924462322701,0.012506448885047
05291000,0.7287049854891788,347.72,4,0.055,1e-05,0,0.11,13.209506,50.0,0.37373185,7.925704,-96.82682,45.399517,0.0002312531432619,0.1069687754926223,0.0177068926256664,0.7172075388481267,300.7,6,0.05,0.00174,0,0.1,26.005522,80.0,0.27718854,15.6033125,-96.46463,45.277348,5.521391250994019e-05,0.0505192200427743,0.0147599843664015
01543000,0.0881703841560032,330.16,4,0.055,1e-05,0,0.11,15.116207,50.0,0.352149,9.069724,-78.27344,41.526863,1.2816012797224322e-05,0.0223918679490147,0.0024815379380399,0.0851326186072302,273.36,5,0.05,0.00286,0,0.1,23.37215,70.116455,0.29055694,14.023291,-78.19816,41.408695,0.0001061250387423,0.0621006662396649,0.0083331607873535
01439500,0.090340651246956,388.33,1,0.06,0.02876,0,0.12,3.6877923,11.063377,0.6561828,2.2126753,-75.150444,41.22308,0.0002151315645066,0.0919547826983843,0.0222536204784956,0.0851629809072127,123.08,4,0.055,0.00596,0,0.11,17.157732,51.473198,0.33300766,10.29464,-75.029106,41.082943,1.2827114826600023e-05,0.0205604153852595,0.0035676207947958
05503800,0.4570912101334937,243.77,1,0.06,0.00394,0,0.12,4.238014,12.714043,0.6171342,2.5428085,-92.22443,39.697163,0.0005326414896315,0.1521987029447158,0.0432731720540931,0.4523820902922876,198.64,3,0.055,0.00139,0,0.11,15.204221,45.612663,0.3512482,9.122533,-91.98088,39.58275,0.0002226728972513,0.1013520194700122,0.0243321672849657
03173000,0.6383776996441708,700.61,1,0.06,0.02618,0,0.12,3.6279118,10.883736,0.6609392,2.176747,-80.915,37.1563,0.00032574903939,0.1164556192098226,0.0363234366582579,0.6315153601122119,506.25,5,0.05,0.00366,0,0.1,23.437923,70.313774,0.29019693,14.062755,-80.693146,37.271797,1.8377975171136357e-05,0.0246679551193418,0.0038447814707877
01532000,0.0910050940175633,315.63,4,0.055,0.00136,0,0.11,13.230885,50.0,0.37346533,7.9385304,-76.7382,41.662582,9.048238238286982e-06,0.0167833811615539,0.0030274358940992,0.0857214994462841,230.08,5,0.05,0.00334,0,0.1,22.525162,70.0,0.29532734,13.515097,-76.465836,41.722546,0.000591657339371,0.1402116768643917,0.0329855538151532
01440400,0.0877892110295943,536.9,1,0.06,0.00526,0,0.12,2.5825117,7.7475348,0.7678662,1.549507,-75.25549,41.254803,1.6341497980781324e-05,0.0275545160476406,0.0024564390398659,0.0838650342812138,176.5,3,0.055,0.003,0,0.11,14.296198,42.888596,0.3609215,8.577719,-75.21427,41.075203,0.000241378530177,0.0942437475226703,0.0206925434537713
03050000,0.7138067474765384,759.73,1,0.06,0.07431,0,0.12,1.7556523,5.266957,0.9103919,1.0533913,-80.003235,38.706177,3.933279710953285e-05,0.0389135254910195,0.0070938891195578,0.7106515781700532,592.53,4,0.055,1e-05,0,0.11,20.13588,60.40764,0.31030428,12.081528,-79.884575,38.816257,0.000326602526069,0.1260908817285844,0.0118704746389021
03213700,0.5869237613453325,350.62,2,0.06,0.02412,0,0.12,4.0091643,12.027493,0.6324348,2.4054985,-82.214386,37.525043,0.0001016452256951,0.0537123096038295,0.011472377192406,0.5809875225188306,192.72,6,0.05,1e-05,0,0.1,34.626934,103.880806,0.2442956,20.776161,-82.30117,37.68092,0.0001089304982263,0.0649617210096799,0.0167530174558984
08150800,0.1445090423863789,560.03,2,0.06,0.00635,0,0.12,8.161041,24.483122,0.46219817,4.8966246,-99.19979,30.410994,0.000118034644207,0.0582070164929203,0.0193397419075725,0.1367582003960913,377.93,4,0.055,0.00415,0,0.11,21.042423,63.12727,0.3043338,12.625454,-99.092834,30.658253,3.125488773662819e-05,0.0302661863660567,0.0079944942066227
02216180,0.0602303201310533,97.68,1,0.06,0.00571,0,0.12,3.7001433,11.1004305,0.6552156,2.220086,-83.11504,32.046707,0.0003249137238737,0.1089326970580154,0.0273184294604327,0.0568785830041487,53.88,4,0.055,0.0016,0,0.11,12.803164,50.0,0.37891915,7.681898,-82.91328,31.989832,0.0001304655970191,0.0816107673177697,0.0110008193898485
05458000,0.5407452715680533,328.93,2,0.06,0.00226,0,0.12,7.138902,21.416706,0.49030554,4.2833414,-92.680824,43.209904,0.0001489245758949,0.0821665043492503,0.0150912879257176,0.5346491165842893,297.85,4,0.055,0.00017,0,0.11,23.373247,70.11974,0.29055092,14.023949,-92.50357,43.02469,6.639730476434353e-05,0.0661619558351283,0.0089491405369293
05062500,0.1182091102427653,368.25,4,0.055,0.0015,0,0.11,19.788843,59.36653,0.31269342,11.873306,-95.92198,47.303852,1.573528845925329e-05,0.0258439587146169,0.0030777486645996,0.1119057978489641,308.72,5,0.05,0.00104,0,0.1,34.49417,103.482506,0.24470998,20.6965,-96.27303,47.277943,0.0007681038961784,0.2280413392141625,0.0687170885658068
03028000,0.701759827659278,661.4,1,0.06,0.04874,0,0.12,2.8218372,8.465511,0.73842233,1.6931022,-78.66362,41.699497,0.0001658858724064,0.0744507814048851,0.0112382009416968,0.6993470917505084,454.31,4,0.055,0.00209,0,0.11,14.1968975,50.0,0.3620331,8.518139,-78.68385,41.54638,0.0002679663629659,0.1036120054069272,0.0302125692843526
06191500,1.275760113526224,1661.6,6,0.05,0.00906,0,0.1,46.818775,140.45633,0.21385475,28.091265,-110.63658,45.0214,0.0019963739160635,0.3086808507920422,0.0622054293486524,1.2686673519763576,1544.54,6,0.05,6e-05,0,0.1,49.322823,147.96846,0.20899506,29.593693,-110.80856,45.135544,0.0004561671004875,0.1397365987500102,0.0173489237915918
01638480,0.0584822806939914,163.67,1,0.06,0.01407,0,0.12,2.6239922,7.871977,0.76248705,1.5743953,-77.706184,39.157127,0.0001290549656335,0.0786838583450531,0.0232011870403421,0.0557064853333248,76.5,4,0.055,0.00204,0,0.11,15.717766,50.0,0.34613812,9.430659,-77.56151,39.27074,0.0003030460971624,0.0904449098815647,0.0591679110861646
01644000,0.0576124279086585,154.4,2,0.06,0.00695,0,0.12,4.0148516,12.044555,0.63203937,2.408911,-77.78197,38.888702,1.1399801434436778e-05,0.0201521102472857,0.0038445209937226,0.053139725012269,76.76,5,0.05,0.00263,0,0.1,24.299034,72.8971,0.2856141,14.57942,-77.57571,39.018093,1.2917845515304155e-05,0.0196298908419079,0.0028529062576943
07057500,0.2710890121275301,236.31,2,0.06,0.00689,0,0.12,8.207149,24.621445,0.4610508,4.9242887,-92.149414,36.738773,0.0004327658324184,0.1494086570725317,0.0442174853372968,0.2680164810816428,182.45,6,0.05,0.00146,0,0.1,29.042324,87.126976,0.26400605,17.425394,-92.25447,36.61614,6.437030450504073e-05,0.0459716587197402,0.0140001704536588
01568000,0.0378070284526125,247.34,1,0.06,0.00819,0,0.12,6.704158,20.112473,0.50408673,4.022495,-77.28847,40.389606,0.0020730395268842,0.3371199281339942,0.1045239759722263,0.0329262245723316,126.31,4,0.055,0.00137,0,0.11,21.073706,63.221115,0.30413443,12.644223,-77.15194,40.337406,0.0002416131357576,0.0950977377087232,0.0144980391337371
07261000,0.2435331616576943,169.8,2,0.06,0.00423,0,0.12,5.5380554,16.614166,0.5484249,3.3228333,-92.20907,35.401176,0.0001204610340516,0.0706664763317992,0.0120604609379254,0.2388885198327948,100.83,5,0.05,0.01271,0,0.1,19.572023,70.0,0.31421694,11.743214,-92.441376,35.289604,7.847666049867282e-06,0.0150834285121832,0.0023781327667778
05508805,0.4432751623087612,172.52,2,0.06,0.00501,0,0.12,7.347547,22.04264,0.48411357,4.4085283,-91.47569,39.471455,1.0551158130011489e-05,0.0159436566972466,0.0038205562153413,0.4414976441088019,151.95,5,0.05,1e-05,0,0.1,20.779459,70.0,0.30602697,12.467675,-91.33901,39.52359,8.390623581788956e-06,0.014878337943111,0.0026294017570585
01580000,0.0106628053784664,221.73,1,0.06,0.02075,0,0.12,3.5933683,10.780106,0.66373485,2.156021,-76.57755,39.72146,0.000327980578802,0.1129226209480212,0.029453247781995,0.006518858702751,74.11,4,0.055,0.00119,0,0.11,16.45247,50.0,0.33923164,9.871482,-76.37743,39.629456,0.001074384734814,0.1997640415700138,0.0659990119289122
01518862,0.1136317118982442,613.66,1,0.06,0.05891,0,0.12,2.845849,8.537547,0.73566705,1.7075094,-77.72934,41.942886,1.407094768405525e-05,0.0262445141883984,0.0015694578592061,0.1108552261583371,404.36,4,0.055,0.00013,0,0.11,15.892923,50.0,0.3444499,9.535754,-77.52148,41.925156,3.712072136931461e-06,0.0139372501675643,0.0014912386582033
05507600,0.4511558390276549,225.49,2,0.06,0.00018,0,0.12,7.5003843,22.501154,0.47973636,4.500231,-91.71451,39.287834,0.0001559729303546,0.086344590968389,0.0074708043621043,0.4487292752704475,192.42,4,0.055,0.00096,0,0.11,16.42291,50.0,0.33950087,9.853746,-91.68178,39.442184,0.0002620729735807,0.0908186821844464,0.0283852849311276
11482500,0.0058121189184405,474.48,1,0.06,0.23092,0,0.12,2.5697443,7.7092333,0.7695469,1.5418466,-123.93655,41.172287,0.0001249677994233,0.0702391224928711,0.0179394038894357,0.0002306658278538,2.8,5,0.05,0.00213,0,0.1,22.974611,70.0,0.2927644,13.784767,-124.08937,41.288734,0.0002306658278538,0.1071791887934931,0.0137103020106487
03281100,0.5922270694071825,314.05,1,0.06,0.02522,0,0.12,2.9428537,8.828561,0.7248685,1.7657123,-83.81192,36.992958,0.0001756464970402,0.074844104126646,0.0155602874699909,0.58846598424523,252.66,5,0.05,0.00078,0,0.1,20.669855,70.0,0.3067418,12.401914,-83.76124,37.16449,0.0002451581270445,0.1003117654533644,0.0211929660598136
11451100,0.0701465570160739,1167.34,1,0.06,0.25874,0,0.12,2.6057146,7.817144,0.7648421,1.5634288,-122.83945,39.236397,0.0001265688482707,0.062536989696684,0.0132822574896323,0.0669871483915978,468.92,4,0.055,0.00307,0,0.11,14.352766,50.0,0.36029327,8.61166,-122.613075,39.1648,0.0002139576658144,0.0974714950770242,0.0120076672624905
08086290,0.2657155692737953,459.04,1,0.06,1e-05,0,0.12,7.198346,21.595037,0.4885151,4.319008,-99.00664,32.448013,0.0003202954341443,0.118051857968959,0.0204150601904264,0.2595041768495575,363.81,4,0.055,1e-05,0,0.11,22.984917,68.95475,0.29270646,13.790951,-98.99922,32.653557,1.1072522946388384e-05,0.0162212610611921,0.0029431277030473
03170000,0.647156698352103,747.04,1,0.06,0.05322,0,0.12,2.7008862,8.102659,0.7528327,1.6205318,-80.42194,37.026665,0.0001365291643107,0.0809931482088585,0.021753483724625,0.6421620401715319,555.47,5,0.05,0.00108,0,0.1,23.721842,71.16553,0.28865945,14.233105,-80.563324,37.03696,2.907792710098485e-05,0.0348883282343442,0.0067764307532103
01543500,0.0869884450582482,298.85,1,0.06,0.01984,0,0.12,3.2781165,9.83435,0.69117427,1.96687,-78.37254,41.313103,9.677753030791099e-08,0.0012600706268562,0.0005587782082581,0.0819871894078902,233.99,6,0.05,0.00072,0,0.1,31.199636,93.598915,0.255791,18.719782,-78.08867,41.318123,0.0001865102576313,0.0771684599338497,0.0178868244578341
01550000,0.0628369264156626,499.59,1,0.06,0.00777,0,0.12,3.4410243,10.323073,0.6765422,2.0646145,-76.9726,41.530746,7.020419644900849e-05,0.0641778512632443,0.0029977574514382,0.0596943842188811,209.67,4,0.055,0.00251,0,0.11,19.642748,58.92824,0.31371734,11.785648,-77.043816,41.408344,0.0001370392935012,0.0628967002557149,0.0139054350125062
11151300,0.0677330940598866,563.47,2,0.06,0.09988,0,0.12,5.802574,17.407722,0.53725123,3.4815447,-120.867905,36.300884,0.0002050697572063,0.0967699931992003,0.0183741975068928,0.0626631507566459,133.54,5,0.05,0.00181,0,0.1,21.564693,70.0,0.30105978,12.938815,-121.07307,36.267673,3.52020523750791e-06,0.0100012134617724,0.0021397975197305
11528700,0.0324160846405646,833.01,3,0.055,1e-05,0,0.11,6.747755,30.0,0.5026473,4.048653,-123.36105,40.702732,9.589877188012007e-08,0.0012556589876956,0.0004919493063224,0.0275267573253385,376.68,5,0.05,0.00494,0,0.1,32.529964,97.58989,0.25112212,19.517977,-123.49918,40.665077,0.0001312146668294,0.0624105966511451,0.0132718038915623
11473900,0.0430012830172785,382.89,4,0.055,0.00234,0,0.11,15.144009,50.0,0.35186365,9.086405,-123.117294,39.641544,0.0002569544232669,0.0992411358467521,0.012487063173273,0.0384088486659374,283.57,6,0.05,0.00876,0,0.1,31.966387,95.89916,0.25306582,19.179832,-123.33144,39.707546,9.08431915722352e-05,0.0752809338838665,0.0062393956632138
11523200,0.0598151883984717,1891.42,1,0.06,0.10905,0,0.12,3.4085484,10.225645,0.67937845,2.045129,-122.575424,41.230278,0.0002870679415123,0.0832414796193232,0.0168385258881053,0.0542094836276999,778.26,4,0.055,0.02818,0,0.11,18.758791,56.27637,0.32015544,11.255274,-122.70863,41.100273,3.347483808583328e-05,0.0307886581219942,0.0043312825104684
11480390,0.0268124747367585,871.29,4,0.055,0.00475,0,0.11,12.604551,50.0,0.3815418,7.5627313,-123.243996,40.183495,0.0001498999952895,0.0720966677714733,0.0082268462829393,0.0245066920187491,819.75,4,0.055,0.00184,0,0.11,15.967137,50.0,0.34374267,9.580282,-123.34158,40.295387,0.0005448285181762,0.1694907035242625,0.0180996963983058
08025500,0.0633234355040874,93.06,1,0.06,0.00443,0,0.12,4.3457804,13.037341,0.6103352,2.6074681,-93.43112,31.428802,0.0005180676044888,0.1800284483135926,0.0632109391184115,0.0593241413919528,44.99,4,0.055,0.00138,0,0.11,19.223026,57.66908,0.31672105,11.533815,-93.51781,31.301744,6.445811185116135e-05,0.0481138394092687,0.0114491761961139
06847900,0.6042308061885762,758.94,1,0.06,0.024,0,0.12,2.0439827,6.131948,0.85132164,1.2263896,-100.23539,39.70688,6.238307159290453e-05,0.0466983645403927,0.0107941695004042,0.6022350608781994,710.36,4,0.055,0.00079,0,0.11,29.640604,88.921814,0.2616417,17.784363,-100.084305,39.76754,7.663229266367514e-05,0.0547321822822926,0.0180451204388757
01606500,0.1086811624134386,436.53,2,0.06,0.07711,0,0.12,4.9454923,14.836476,0.5765009,2.9672954,-79.29551,38.82693,5.2282634838439804e-06,0.012190004258379,0.00300699472517,0.1047610032883741,292.18,5,0.05,0.00031,0,0.1,30.519915,91.559746,0.25828886,18.311949,-79.161865,39.001358,4.931880855775421e-05,0.0644214618794346,0.0098787812227365
01605500,0.1176984475418962,682.44,3,0.055,1e-05,0,0.11,13.67291,41.01873,0.3680898,8.203746,-79.49508,38.500477,1.5800564947920322e-06,0.0079843881055906,0.0007235594239715,0.1124271634079351,503.71,4,0.055,0.0054,0,0.11,20.292484,60.877453,0.30924547,12.175491,-79.31794,38.659912,2.3286671913580087e-05,0.030398271048469,0.0044348292258741
01634500,0.0837051995082446,347.45,2,0.06,0.01216,0,0.12,8.694508,26.083523,0.44946525,5.216705,-78.51138,38.99064,0.0010752060705491,0.2371203374285996,0.033504512376354,0.0785719583316187,198.15,4,0.055,0.00064,0,0.11,16.669497,50.008488,0.337276,10.001698,-78.33175,39.07403,9.583778806737772e-05,0.0594487871140257,0.0230822595053656
01669520,0.0109756904217857,26.38,1,0.06,0.00574,0,0.12,3.3690863,10.107259,0.6828778,2.0214517,-76.733215,37.738914,0.0002640243064498,0.1098829394345567,0.0133425607328755,0.0087495810727344,7.2,4,0.055,0.00046,0,0.11,16.818075,50.454224,0.3359582,10.090845,-76.68614,37.6212,0.0005079506712937,0.1397248685000787,0.028007376929361
01639500,0.0679498348543909,162.65,1,0.06,1e-05,0,0.12,1.1080447,3.324134,1.1153502,0.6648268,-77.02472,39.666515,1.0297299792243837e-05,0.0185610059717953,0.0024732843397979,0.0632420413919413,103.05,4,0.055,0.00157,0,0.11,16.472345,50.0,0.339051,9.883407,-77.24893,39.60911,0.000308286791501,0.102185727692492,0.0391835115077078
01664000,0.0489726725500896,162.4,2,0.06,0.00401,0,0.12,12.562412,37.687237,0.3821059,7.5374475,-78.192825,38.52493,0.0017703988288485,0.2985841232559367,0.0615403199260988,0.0361724893461824,79.01,5,0.05,1e-05,0,0.1,30.25422,90.76266,0.25928715,18.152533,-77.80403,38.51533,0.0007231801360377,0.1750612986188187,0.0282910218200961
02013000,0.0916234514766057,481.35,4,0.055,0.0053,0,0.11,14.535739,50.0,0.3582853,8.721443,-80.18427,37.741932,0.0001517098598898,0.0838263171546702,0.0147231289775867,0.0883343276588822,378.95,4,0.055,1e-05,0,0.11,19.22676,57.680283,0.31669393,11.5360565,-80.006714,37.803455,0.0001376495297747,0.0687434488166221,0.0193281683569797
02016000,0.0854746011147651,353.72,4,0.055,0.00095,0,0.11,25.392387,76.17716,0.2801217,15.235432,-79.7491,37.90852,0.0002090279194974,0.100809079100529,0.0221365521044925,0.0829222280950531,309.42,4,0.055,0.00236,0,0.11,27.16637,81.499115,0.27189916,16.299822,-79.76834,37.800068,0.0001579072941585,0.0724231890137229,0.0125195728175395
02018000,0.0859441536178633,422.6,1,0.06,0.04371,0,0.12,2.591177,7.773531,0.7667322,1.5547062,-79.98423,37.5595,0.0001216950514251,0.0736358814372379,0.0170449246736824,0.0819631539956955,302.21,4,0.055,1e-05,0,0.11,24.197363,72.59209,0.28614292,14.518417,-79.91056,37.66907,3.7960488340435387e-05,0.0593948041407883,0.0032267529586561
02014000,0.0904932236928658,695.04,1,0.06,0.08971,0,0.12,2.9203718,8.761115,0.7273251,1.752223,-80.128685,37.63657,7.606781591783586e-05,0.0660000428289519,0.0178574624020586,0.0882748999631041,385.95,4,0.055,0.00015,0,0.11,18.713465,56.140392,0.32049733,11.228078,-80.03311,37.732048,0.000143582574214,0.0694942942048714,0.0135165299327363
02017500,0.0925793734527282,984.1,1,0.06,0.15888,0,0.12,2.7614727,8.284418,0.74550056,1.6568836,-80.26932,37.508625,0.0001466557547514,0.0770506021283286,0.0213641289280434,0.0882695225746213,378.62,4,0.055,0.00037,0,0.11,21.00091,63.002728,0.30459908,12.600546,-80.098145,37.506523,5.328560281718926e-05,0.0415348209244912,0.011493695172877
02028500,0.06096037409636,264.29,1,0.06,0.01372,0,0.12,4.0794353,12.238306,0.6276052,2.4476612,-78.82433,38.011444,0.0004651696483532,0.1155038758678117,0.028252389289455,0.0583303379621242,161.28,4,0.055,1e-05,0,0.11,15.92714,50.0,0.34412324,9.556284,-78.82602,37.8673,3.225334810526746e-06,0.0087189466351632,0.0023136534204847
02059500,0.0681190834191031,303.28,1,0.06,0.014,0,0.12,2.8927274,8.678183,0.7303834,1.7356365,-79.545166,37.301888,0.0001676682877673,0.0675999110386367,0.0142110286150935,0.0652670729201138,183.96,4,0.055,1e-05,0,0.11,20.343227,61.029682,0.30890495,12.205936,-79.50976,37.166008,0.0001694626231664,0.0827139789490313,0.018165126155546
02027500,0.0639679980679713,991.47,1,0.06,0.10181,0,0.12,2.8846571,8.653972,0.73128414,1.7307943,-79.12852,37.821205,0.0001674351992023,0.0707758858336964,0.009971150634671,0.0613000016307701,184.54,4,0.055,0.00565,0,0.11,13.283078,50.0,0.3728172,7.9698467,-79.00443,37.69798,0.0001066537847294,0.0672383658035575,0.0097620279440708
02027000,0.0647905123447415,979.57,1,0.06,0.20736,0,0.12,3.1608682,9.482605,0.7023702,1.896521,-79.06393,37.829823,0.0002191152027007,0.0830740750503281,0.023525245634431,0.0613643990627642,173.75,4,0.055,0.00335,0,0.11,16.090485,50.0,0.34257764,9.654291,-78.97268,37.7032,0.0003171451383183,0.1131978386370385,0.0282170328756528
02056900,0.0808683150397128,416.2,1,0.06,0.01728,0,0.12,2.380271,7.140813,0.79599476,1.4281626,-80.05001,36.985756,9.410002577624547e-05,0.0554371802040956,0.0142282313314654,0.0759889361573626,267.35,4,0.055,0.00417,0,0.11,16.991924,50.975773,0.3344374,10.195155,-79.83483,37.033524,2.3424687569940143e-05,0.027313693332651,0.0047570400251535
02065500,0.0560521524863961,156.53,2,0.06,0.00903,0,0.12,4.890913,14.67274,0.5793303,2.934548,-78.72193,37.197956,0.0003462686118902,0.1179690934570754,0.0269868746862245,0.0539221019740405,113.31,4,0.055,1e-05,0,0.11,16.118694,50.0,0.342313,9.671217,-78.75947,37.076847,5.234895611418606e-05,0.0483138178045407,0.0094640470180119
02053800,0.0883348025750011,1008.73,1,0.06,0.05326,0,0.12,3.4683948,10.405185,0.67418164,2.0810368,-80.16856,37.16238,0.0002854256204889,0.1009409175132226,0.0311465734911085,0.0855062164875864,404.72,5,0.05,0.00416,0,0.1,16.88893,70.0,0.33533564,10.133358,-80.238144,37.16375,2.839520007640744e-05,0.0303372962794021,0.0072289727459865
02074500,0.0603108843170355,213.33,4,0.055,0.00199,0,0.11,9.796504,50.0,0.4264142,5.8779025,-79.63886,36.666046,0.0003222522628929,0.1253504234045264,0.0406198898524084,0.0581362470332061,138.73,5,0.05,0.00055,0,0.1,16.787369,70.0,0.33622918,10.072421,-79.496376,36.61633,3.399755470818974e-05,0.0329099008720988,0.0086233921894799
02064000,0.0604180037469369,230.22,1,0.06,1e-05,0,0.12,1.5121181,4.536354,0.97238874,0.90727085,-79.086716,37.21582,2.4851108351739e-05,0.0268091170809689,0.0013999468975887,0.0570757479532384,126.86,4,0.055,1e-05,0,0.11,19.255287,57.765858,0.31648687,11.553172,-78.957794,37.116367,6.36878801925348e-05,0.0526544601419803,0.0058949991221104
02046000,0.0401021434229155,90.65,1,0.06,0.00912,0,0.12,2.8263345,8.479004,0.7379037,1.6958007,-77.77524,37.1122,0.0001562005290104,0.0730964972434057,0.0162808299072433,0.037119312081368,39.2,4,0.055,0.00102,0,0.11,17.051777,51.15533,0.333919,10.231066,-77.5923,37.060562,1.0759218418553648e-05,0.0166457333813086,0.0039748295780948
02081500,0.0479976527389654,157.69,1,0.06,0.01303,0,0.12,2.909269,8.727807,0.72854835,1.7455615,-78.734055,36.22966,0.0001614028409204,0.0772829140570485,0.0130819585029366,0.0455318124182577,91.95,5,0.05,1e-05,0,0.1,19.243881,70.0,0.3165696,11.546329,-78.57016,36.190815,6.158604200686796e-05,0.0633882687700009,0.0044687822129625
02053200,0.022173051848637,19.67,1,0.06,0.0038,0,0.12,3.0197697,9.059309,0.71666425,1.8118618,-77.23051,36.344963,0.0001879353509184,0.0928644330142923,0.0177885306204541,0.0175831390212842,3.56,4,0.055,0.00046,0,0.11,21.449602,64.34881,0.3017714,12.869761,-77.01162,36.3811,0.0006804303582825,0.1488306567480339,0.0450597799987952
02051500,0.0393053406644842,116.88,1,0.06,0.00965,0,0.12,1.5006937,4.502081,0.9756476,0.9004162,-78.05675,36.68711,2.4138121493834827e-05,0.0284868029146725,0.0024662741119006,0.0349156440250212,45.07,5,0.05,1e-05,0,0.1,29.107273,87.321815,0.263746,17.464363,-77.81842,36.718567,7.470898743680503e-05,0.0568551067498169,0.0074852960497886
03010655,0.735405406746054,478.0,1,0.06,0.00206,0,0.12,6.627959,19.883877,0.5066353,3.9767754,-78.02176,42.010906,0.0012088633349945,0.23856868036179,0.0317551444292999,0.730828490006425,445.05,4,0.055,0.00043,0,0.11,18.51272,55.538162,0.32202592,11.107633,-78.20088,41.969032,6.882054293197752e-05,0.0499797511815514,0.0099183950740725
02102908,0.0466104231485057,102.12,1,0.06,0.00864,0,0.12,3.3822076,10.146623,0.6817077,2.0293245,-79.35239,35.163082,3.0986744675070344e-05,0.0309924369105131,0.0070573434792299,0.0439277975460029,57.61,4,0.055,0.00352,0,0.11,18.98718,56.961544,0.31845072,11.392308,-79.1707,35.18526,3.5178821572370744e-05,0.0485363757295758,0.0048974664873938
04122500,0.2752560262977675,255.9,1,0.06,0.00237,0,0.12,4.950413,14.85124,0.576248,2.970248,-85.88091,43.69956,0.0001259125735173,0.0743099468418903,0.0198661809263804,0.2537009988420334,182.59,5,0.05,0.001,0,0.1,31.153635,93.46091,0.25595757,18.69218,-86.2877,43.935043,0.0001393121329847,0.0949048583229184,0.0118951133415362
04122200,0.2644907349002375,220.39,3,0.055,1e-05,0,0.11,20.839022,62.517067,0.30564076,12.503413,-86.02314,43.580177,1.9256531039702338e-05,0.0252838967737969,0.0034120431406131,0.255877897136623,181.76,4,0.055,0.00075,0,0.11,26.521563,79.56469,0.27479604,15.912937,-86.24917,43.456406,0.0004034388865075,0.1329570200803463,0.0340980949124678
03015500,0.7090669240938223,477.63,1,0.06,0.02509,0,0.12,3.9423099,11.826929,0.63714415,2.3653858,-79.452255,41.91259,0.0001877163856217,0.0928112944677388,0.0247580110452089,0.7057408468692079,363.04,4,0.055,0.00224,0,0.11,24.132496,72.39749,0.28648198,14.479498,-79.29799,41.85009,0.0009078991237337,0.1645576901565954,0.0385024562625647
04074950,0.337331918005054,414.43,5,0.05,0.00212,0,0.1,26.485811,79.457436,0.27495962,15.891486,-88.80566,45.245296,7.509040271762779e-05,0.0627522325174131,0.0052114595999683,0.333254838862986,381.93,5,0.05,1e-05,0,0.1,27.224323,81.672966,0.27164367,16.334593,-88.73435,45.182953,2.0916930356971924e-05,0.0356781658568952,0.0008407580046172
02128000,0.0461496457741648,187.06,3,0.055,0.00191,0,0.11,10.059799,30.179396,0.42145392,6.035879,-79.846535,35.554287,5.913706433382981e-05,0.0485512424907853,0.0080361547846186,0.0426261963344957,127.35,4,0.055,0.00342,0,0.11,16.452599,50.0,0.33923048,9.871559,-79.83355,35.38423,3.035534318233816e-05,0.0324823494190874,0.0071470130356209
02118500,0.0652170640201663,315.23,3,0.055,0.00415,0,0.11,6.1924205,30.0,0.52205795,3.7154522,-80.858154,36.141857,0.0002137671112755,0.1010486348244929,0.0173283481157483,0.0624777238944039,226.35,5,0.05,1e-05,0,0.1,18.735847,70.0,0.32032835,11.2415085,-80.744545,35.99864,3.69737032370864e-05,0.0428009517557785,0.0034398605356626
02374500,0.0254472622858147,106.02,2,0.06,0.00371,0,0.12,5.9623384,17.887016,0.53085184,3.577403,-87.1011,31.61345,0.0004342960267356,0.1079790665917468,0.0269885738732612,0.0213833008939319,55.26,4,0.055,0.00148,0,0.11,19.602564,58.807693,0.31400087,11.7615385,-86.98396,31.408985,0.0001028578630264,0.0714353709963043,0.0113988374588224
06479215,0.7630153785936764,607.61,1,0.06,0.00789,0,0.12,2.3896363,7.168909,0.79461694,1.4337819,-97.06019,45.289597,0.0001078695929902,0.0652313856367921,0.0169769789943839,0.7569221375644066,542.82,4,0.055,1e-05,0,0.11,14.948317,50.0,0.35388848,8.96899,-97.18726,45.168385,4.800213909739924e-05,0.0458825060028661,0.0071925922700157
06479438,0.7595281509527546,618.6,1,0.06,0.00667,0,0.12,4.466904,13.400713,0.60297775,2.6801426,-97.07966,45.253693,0.0006787142619123,0.2066814717780263,0.0754769251406206,0.751196211852032,527.69,5,0.05,1e-05,0,0.1,21.959412,70.0,0.29866025,13.175648,-97.15618,45.00268,9.090698295000484e-05,0.0574768551547336,0.0065169651447205
01510000,0.1151832478151346,357.3,3,0.055,0.00214,0,0.11,14.799126,44.397377,0.355458,8.879476,-75.802345,42.63357,0.0001946831353954,0.0834751031540303,0.0120878476114903,0.1128179780827863,311.23,4,0.055,1e-05,0,0.11,18.651318,55.953953,0.32096803,11.19079,-75.90071,42.53626,0.0002591817923191,0.0984761753544239,0.013887454344099
01491000,0.0176619868099404,18.54,1,0.06,0.0021,0,0.12,3.1206195,9.361858,0.70635253,1.8723717,-75.7165,39.125835,0.0002147846707946,0.1091097044576857,0.0176685821255708,0.0144145950237963,2.13,5,0.05,1e-05,0,0.1,17.854898,70.0,0.32720733,10.712938,-75.78812,38.99038,0.0001689004737809,0.0817510824623037,0.0180575288674419
02111180,0.085013091595878,412.45,3,0.055,1e-05,0,0.11,10.041433,30.1243,0.42179382,6.02486,-81.52616,36.072334,0.0003146180687032,0.110386360980263,0.0252686313800205,0.0823337935390683,325.67,5,0.05,0.00026,0,0.1,19.610172,70.0,0.31394714,11.766103,-81.39261,36.06744,0.0003035060047799,0.1208869983467186,0.0191846054006614
02140991,0.1216173888560798,359.7,4,0.055,0.00367,0,0.11,12.739448,50.0,0.3797541,7.6436687,-81.68691,35.978756,3.4265329890705625e-05,0.0399680634432849,0.0046594937278883,0.1183314565269706,307.68,5,0.05,0.00109,0,0.1,20.536116,70.0,0.3076215,12.32167,-81.70718,35.81817,0.0003105617259389,0.1125176173977028,0.0226871981698304
02143000,0.1003959344869328,382.55,2,0.06,0.01261,0,0.12,5.178688,15.536063,0.5649005,3.1072128,-81.637474,35.66661,7.436028204555367e-05,0.0476382490929553,0.0142560425508244,0.096185812351334,269.55,4,0.055,1e-05,0,0.11,15.477263,50.0,0.34850085,9.286358,-81.38855,35.700863,4.9473448364023886e-05,0.0404816986861416,0.0074267968659956
08190000,0.1165099232780967,412.81,5,0.05,0.00279,0,0.1,29.699923,89.09977,0.26141104,17.819954,-99.99891,29.606989,0.0002808098590184,0.09658957936881,0.0124303314130108,0.108446479531641,335.96,5,0.05,1e-05,0,0.1,32.012154,96.03646,0.25290614,19.207293,-100.00032,29.402067,0.0001386267811254,0.0793262357352432,0.0086889184462555
04213075,0.1031455825248452,365.55,2,0.06,0.0082,0,0.12,3.6126382,10.837915,0.6621705,2.167583,-80.13695,41.944534,1.3680185523790869e-05,0.0190005089626464,0.0038737727441315,0.0990011329049337,212.66,4,0.055,1e-05,0,0.11,15.157614,50.0,0.3517243,9.094568,-80.29924,41.98793,4.2729514254594905e-05,0.0403662776035003,0.0093162267296595
02202600,0.0225407353353358,35.74,2,0.06,0.00286,0,0.12,6.9098854,20.729656,0.49740955,4.1459312,-81.66225,32.342937,8.966103463663404e-05,0.0658526743620279,0.0150919538933857,0.0161473250364769,7.16,5,0.05,0.00032,0,0.1,23.228996,70.0,0.29134557,13.937398,-81.4529,32.141926,0.0001261942093772,0.0586322702486425,0.0130504304096452
02137727,0.1277329801194046,690.53,1,0.06,0.11773,0,0.12,2.447362,7.3420854,0.786293,1.4684172,-82.2251,35.621876,0.0001003749688515,0.0650928398080092,0.0191274382425583,0.1252259596206879,377.38,4,0.055,1e-05,0,0.11,17.546919,52.64076,0.3297287,10.5281515,-82.05595,35.686737,1.2545512366354674e-06,0.0056454134435055,0.00062430569434
04213000,0.1019807850281007,234.75,4,0.055,1e-05,0,0.11,18.61643,55.84929,0.32123324,11.169858,-80.512856,41.909275,1.933750034194033e-05,0.0242374448261895,0.0044185299665697,0.0989319439752065,185.97,4,0.055,0.00125,0,0.11,19.60374,58.811222,0.31399256,11.762244,-80.58931,41.933746,0.0002671047788812,0.110568385607842,0.0272651683483663
