basin,std_obs,NSE,NNSE,MSE,RMSE,MAE,KGE,Pearson-r,low_var_flag,neg_basin_flag
01013500,22.67940341600964,0.12206892605964836,0.5325009069165457,451.56853542396703,21.250142009501186,15.87705340814491,0.09964039512657463,0.35047568854651884,False,False
01022500,10.991757631823756,-0.0028515594385303267,0.49928812511713805,121.16325764328238,11.00741830054997,8.319458377114303,0.3187928085825813,0.5279897296857963,False,True
01030500,99.94551761307223,-0.03834889174088785,0.4905931482347619,10372.177654354378,101.84388864509435,56.37582584645464,-0.16702055476002609,0.4167962663431244,False,True
01031500,26.878528724023617,0.1824432526036356,0.5501891489399118,590.648210413599,24.303255140281085,13.353819955215002,0.0837496767503294,0.49522279728826074,False,False
01047000,32.39637096101579,0.08092540450241059,0.5210844864218078,964.5916283053298,31.057875463484777,14.167146611522814,-0.06309779740142951,0.40034587171031233,False,False
01052500,3.5046616758806803,-0.3559237988636843,0.42446194587546626,16.654342142845667,4.080973185754308,2.876389201754762,0.24491936695191097,0.31859509701594124,False,True
01054200,12.764782617661401,0.17177340146722253,0.5469781485525583,134.95097302000158,11.616840061738028,4.173365920809274,0.08544112868344356,0.45752569200558535,False,False
01055000,0.13454440773655302,0.13089746342219588,0.5350161269541317,0.015732665898011363,0.12542992425259358,0.05856374797797433,0.04519781752303231,0.3753132378459642,False,False
01057000,5.736393024294093,0.19043985744169267,0.5526204830010386,26.63955195351169,5.1613517564211495,3.2233581526114166,0.25240871908520046,0.4988018907651549,False,False
01073000,0.5719339811571569,0.08978282023571271,0.523500683897836,0.297739757052393,0.5456553463976991,0.3508539155010781,0.15390224714292122,0.3708785427890266,False,False
01123000,2.246446498355376,0.18848581476793624,0.5520243827800306,4.095324083567034,2.0236907084747497,0.8532044269748427,0.18538830542745532,0.4490609909323088,False,False
01134500,3.826007438809261,-0.2243437455426074,0.44957080127741655,17.922351358005415,4.233479816652657,3.05970461555903,0.1323968502645989,0.4606938869734574,False,True
01137500,0.1846225802767279,0.2219682684157498,0.5624196589050672,0.02651959836799712,0.16284839074426594,0.08721469390476189,0.23708371906940084,0.4747322027510094,False,False
01139000,4.5943351729462725,-0.24724929596644674,0.4449884584655937,26.326832972909422,5.130968034680144,3.3961020701637423,0.05443244972621142,0.47170114797565593,False,True
01139800,0.9456430164745946,0.21662793488616572,0.5607354850745456,0.7005231953106901,0.8369726371337896,0.3687118102842736,0.14059697975704233,0.5139497177991584,False,False
01142500,1.873326094975751,0.18630336449953178,0.55136012298113,2.8555468233012355,1.6898363303294304,0.8404287560602649,0.2899708004635141,0.44561511818750477,False,False
01144000,30.787593389274758,0.1758424051792099,0.5481982493394397,781.1991274571795,27.949939668220743,16.7712500412187,0.14049428771210803,0.46263308271304665,False,False
01162500,1.4017285489034685,0.04325180370092452,0.5110519595170011,1.8798599243239469,1.3710798387854541,0.8309634337712085,0.28676277206497347,0.39656350621689834,False,False
01169000,7.445569587563618,0.18733696716672743,0.5516745152776441,45.05119948836117,6.7120190321810895,3.569377200026143,0.13878267509194442,0.4547067375131873,False,False
01181000,8.413099761785636,0.21501954046142646,0.5602302224969483,55.56111128868165,7.453932605590263,3.421402665598336,0.200993605590281,0.4720056872666821,False,False
01333000,3.4480524377803854,0.17651263017371255,0.5483997402708986,9.79049537190418,3.128976729204642,1.5283245971561734,0.18704848875790847,0.42341076169796465,False,False
01411300,0.18439511412586798,-0.29948747316372515,0.43487951627071086,0.04418459883653112,0.21020132929296884,0.1215682937619212,0.17347123892982597,0.21346407022225838,False,True
01413500,0.560647662258042,0.0649938668222968,0.5167942276016363,0.29389655193370146,0.542122266590943,0.18193824728283373,-0.1006075365734147,0.2940604066774247,False,False
01423000,21.4791491272772,0.12722504843259397,0.5339669879517862,402.65808167318187,20.066342010271377,9.882905399299146,0.07202809554427214,0.4082352650655686,False,False
01434025,0.49329044847219516,0.04752944549621074,0.5121716164647333,0.23176986675903086,0.4814248298114991,0.12897115271632673,-0.15104933321153458,0.2721134171131574,False,False
01439500,8.310973873234664,0.16428930937880015,0.5447481485558068,57.72444843888483,7.597660721490848,3.765770342357335,0.15559071683236447,0.5209287487334975,False,False
01440400,0.01145941999381803,-2.6239412472073202,0.2162657236624624,0.0004758898277820099,0.02181489921549054,0.013158561566767514,-0.1639425124566496,0.255250507915575,False,True
01451800,5.505915556685523,0.11530709944400364,0.5305904212325486,26.81955916162267,5.178760388512165,1.8208902378581429,0.019653638004174856,0.4029236286613144,False,False
01466500,0.12680552144331358,-0.435437861590263,0.4106037833160038,0.023081324442171633,0.1519253910384029,0.10217134233386714,-0.0966815425796308,0.36628165608400604,False,True
01484100,0.04503032874455597,-1.376645609870704,0.296151896153026,0.004819196807088799,0.06942043508282557,0.04608614673240439,0.06152823984626743,0.1536520925303213,False,True
01485500,4.510602232307596,0.14916280053107334,0.540296034835985,17.310735892385964,4.160617248965106,1.6043061619007497,0.06905690026429423,0.40494833147754405,False,False
01486000,0.2897382795267029,0.3064299189076716,0.5904686266983498,0.05822400886361992,0.24129651647634684,0.08408169206430864,0.27917062677848514,0.5758931428418214,False,False
01487000,2.7631728307974814,-0.1122235698560945,0.4734347321330809,8.491964974852097,2.9140976261704234,1.6641503085816998,0.2795082674819779,0.31635184487271045,False,True
01491000,7.795501135523845,0.15137530690027357,0.5409426822722062,51.570785083393936,7.181280184158945,3.690914677845832,0.20362679567286257,0.40259521790040237,False,False
01510000,11.508916541359378,0.16359046454247173,0.5445408448888592,110.7867588077301,10.525528908692907,5.670862788283517,0.10555616581868632,0.4342093407721915,False,False
01516500,1.1714554748390007,0.1417889697324104,0.538152009492698,1.1777298020465545,1.0852326027384886,0.365315280316831,0.02634957895356771,0.47260905379986257,False,False
01518862,0.46423966744978795,0.04313677562418761,0.5110219189279177,0.20622169700093373,0.4541163914691186,0.12213627615414903,-0.20166292862293766,0.37070669245797994,False,False
01532000,18.367043078383105,0.14076216371135286,0.5378548029100834,289.86239883055384,17.025345777121647,6.699316598698283,0.09706469096498571,0.37633722792416063,False,False
01539000,0.5279809454295035,0.08436533708218319,0.5220202052915667,0.25524587014067945,0.5052186359791961,0.1380084377575393,-0.06614048469053468,0.34673834433426715,False,False
01542810,0.5535799228850836,0.043478081122899304,0.5111110641550729,0.29312684127793254,0.5414118961363267,0.23623796037655806,-0.10212497992907532,0.4183017779788988,False,False
01543000,19.658447540859715,0.23607857603202498,0.5669186769955324,295.22091755772385,17.181993992483058,9.305936016979272,0.19390903657226444,0.5175031090326014,False,False
01543500,46.88806974720484,0.09378278530753614,0.5245991864370678,1992.3104672294132,44.635305165635565,23.68914904517838,-0.012380924224615564,0.4437857428015164,False,False
01544500,0.12012171793265579,0.03995144470388612,0.5101914426037906,0.013852758649724281,0.11769774275543385,0.03157490282544004,-0.1661793523695032,0.21418383286253068,False,False
01545600,2.002935115977121,0.12105315453726351,0.5322130332823362,3.526114197611853,1.8777950361026767,1.0292149235300014,0.14988242631958115,0.4105722530514839,False,False
01547700,3.301186362324797,0.11113790213218766,0.5294192737144873,9.686669279346395,3.112341446458983,1.3133531159291456,0.06873403244191889,0.3379911126568885,False,False
01549500,3.022075556423599,0.1862622798501966,0.5513476336134235,7.431818318038216,2.7261361517793303,1.1576478986386554,0.1291863760722537,0.4544548985164192,False,False
01550000,16.159303613366163,0.1336798393674168,0.5358137478732766,226.2162001056327,15.040485368020299,5.797060526338504,0.03259109329713161,0.43739630211180275,False,False
01552000,41.44400482856814,0.10802824550168966,0.5285491168789502,1532.0556236874224,39.14148213452606,15.867249681093217,-0.011458651982103607,0.40504681181120394,False,False
01552500,1.007593641894773,0.06974953082288782,0.5180674818985079,0.9444320884501873,0.9718189586801583,0.40167107455411055,-0.016701141906358963,0.37458468673686685,False,False
01557500,3.551160998212344,0.182928146783632,0.5503359695049577,10.303884326126877,3.2099664057629758,1.490432811883983,0.13121293716337223,0.4579377872280572,False,False
01567500,0.06543953820071052,0.08245467393220496,0.5215000586456254,0.003929234775551793,0.06268360850774142,0.012524353947557444,-0.10194103343190397,0.41131769965125187,False,False
01568000,0.9722060085691924,0.13430024881753866,0.5359919244059556,0.8182460064674871,0.9045695144473348,0.2492453733753779,-0.006525633932020547,0.5021070525331504,False,False
01580000,0.46184509882303787,0.029875213848934656,0.5075820613138167,0.2069284854453999,0.4548939276857847,0.15981692139807857,-0.001621373311039065,0.2846132662989618,False,False
01583500,3.7094197247710436,0.08739909813699165,0.5228482319682739,12.557201047669235,3.5436141222866286,1.4031432473150593,0.10901517628461321,0.31775494617938355,False,False
01586610,0.07131865650578632,0.09618710737778868,0.5252617018590796,0.004597109398520165,0.0678019866856434,0.014882676687897198,-0.18311031735235228,0.37767580814922375,False,False
01591400,1.7711727227789522,0.1623268578538235,0.5441664118963631,2.627824887711694,1.6210567194616277,0.5947745878151042,0.09953087879140687,0.4157182356037039,False,False
01594950,0.27709779705904575,-0.029362312435285753,0.4927656307956044,0.07903772112413492,0.281136481311364,0.09800934268162174,-0.24967898139790323,0.41390444966138373,False,True
01596500,4.345465364028981,0.1519958905863843,0.5411243378226614,16.012920305361046,4.001614712258172,1.7073647529540559,0.07973800956458732,0.41021560959613035,False,False
01605500,0.31618322132952975,-0.2259576747801324,0.44924484024556954,0.12256123157642831,0.3500874627524218,0.2100428764430488,0.12616525225673436,0.18444891912184375,False,True
01606500,14.067734764910725,-0.212065932631325,0.45206609136214454,239.86925578035832,15.487713058433073,11.101070931126596,0.07653420565792346,0.1752674960900592,False,True
01613050,0.32300200897674763,0.051266319732466537,0.5131537521652082,0.09898166739806216,0.3146135206853993,0.08435717076173471,-0.16109812500543597,0.31918772258648503,False,False
01620500,0.3583616993990397,-0.916637905341275,0.34286052381363064,0.24614059594053606,0.4961255848477642,0.38297743140282364,-0.08774780802944626,0.22967130837314076,False,True
01632000,18.00309707189282,0.12100809875943086,0.5322002715071676,284.89138727311524,16.87872587825027,6.909279654298143,0.02014500366882732,0.3654813012623407,False,False
01632900,0.3402927699571713,0.05899824486172589,0.5151978855005009,0.10896722154085609,0.3301018351067684,0.12110866667846434,-0.07226677756812605,0.32839651671920517,False,False
01634500,0.5301823293355626,0.0494630286858192,0.5126793363605134,0.2671895762626636,0.5169038365718169,0.15553277642206062,-0.14771299113750924,0.2457747729741317,False,False
01638480,7.096634438185672,0.15035744205737045,0.5406449996005211,42.78988572120106,6.541397841532119,2.402663042944081,0.06763020302562339,0.4100715111254247,False,False
01639500,0.46631702215985465,0.07663640973650232,0.519922496745923,0.2007868579108928,0.4480924658046515,0.05066926818816905,-0.08427700835075314,0.6812281069181008,False,False
01644000,0.05967516196605954,0.12565903083816032,0.5335208569053346,0.0031136374450516763,0.05579997710619312,0.025053124266893313,-0.6163217892906634,0.4749628198386362,False,False
01658500,0.4804124452722128,0.15096796437173843,0.5408235123737168,0.19595329751761714,0.44266612420380347,0.24334487748547315,0.10982515234984336,0.39088592432878755,False,False
01664000,35.30975349245684,0.13798447886115806,0.537052451307378,1074.742583668914,32.783266824233884,15.534737721605834,0.06556593185244619,0.4096916820398857,False,False
01666500,0.9392471731115363,-0.0062116775827079085,0.4984518887881781,0.8876651025528862,0.9421598073325386,0.30023224946892185,-0.24882282513747556,0.262516299680494,False,True
01667500,27.433811331375633,0.12339130724625236,0.532876141873026,659.7479783396949,25.685559724088066,11.47739502226379,0.07499198708769794,0.3586681729314388,False,False
01669000,1.880781838247254,0.10147129137456168,0.5267236652555094,3.1784018324664105,1.7828072897726244,0.724139713644129,0.05835060225794508,0.35253439971019973,False,False
01669520,4.947379134754661,0.09359509787625175,0.5245475391329476,22.185674245771974,4.710167114420885,2.43050044979691,0.2260880213776688,0.363510637788485,False,False
02013000,9.98011162955851,0.09540621650078762,0.5250463425133896,90.09991823422472,9.492097673023846,3.9194304780791382,0.02193202179336351,0.34004573082700357,False,False
02015700,4.160355248730112,0.1880691397039822,0.5518974382039216,14.053350597632516,3.7487798811923483,2.3235577591707983,0.10863196054961877,0.4945965748305398,False,False
02017500,7.465936455730077,0.11255776136030338,0.5298175380035538,49.466214225197746,7.033222179427986,3.0710966313548593,0.032762907705105926,0.39785724780451864,False,False
02018000,20.152330942570646,0.08465720927459308,0.5220997540713145,371.7357577631811,19.28045014420517,8.60494578337107,0.04204733805879046,0.38142516757052286,False,False
02027000,7.864520190563131,0.057089368366301074,0.5146917123816183,58.31966169755988,7.636731087157638,3.0555928111666653,-0.060645902566714094,0.49012446435212925,False,False
02027500,3.979181056029739,0.10172916666131404,0.5267952193318991,14.223114268339039,3.7713544341972205,1.72917744859855,0.019289419707877342,0.5274916940578439,False,False
02028500,0.011954534419572836,-1.3447199743203773,0.29897869109451913,0.000335086025807632,0.018305355112852414,0.00937173018270338,0.0531197634089301,0.08744378835615552,False,True
02038850,0.7130920648890231,0.1005032249672535,0.526455223901478,0.45739437366362445,0.6763093771814971,0.2859690405938277,-0.028133836781320642,0.3392057303290129,False,False
02046000,4.579460591467296,0.18480093501793393,0.5509037654830875,17.095914019844827,4.134720549184047,2.4500785551407946,0.22641295294634267,0.4391350767789332,False,False
02051000,9.527548896010941,0.062423181381147774,0.5161085694206551,85.10777436575883,9.225387491360935,2.06868264569974,-0.15467134573568964,0.3150098637816635,False,False
02051500,0.6632401944220827,0.01344175455435237,0.5033831765530079,0.4339746949445368,0.658767557598685,0.402978945782727,0.07759298669233483,0.25264970795525715,False,False
02053200,0.12727912686407103,0.22962976059457663,0.5648535982709746,0.012479979493698019,0.1117138285696897,0.04424672928885306,0.18583754900511884,0.4881495424914952,False,False
02053800,0.08650568722314948,0.042596327865914496,0.5108808235297406,0.00716447563631268,0.08464322557838093,0.049391295998737095,0.2154925218065703,0.33149290184265656,False,False
02055100,1.0621183036877722,0.1361859603363701,0.5365342135637492,0.974464550468925,0.987149710261278,0.3170659979798069,0.0241857036498907,0.41995624434876544,False,False
02056900,0.055053917187331734,0.13415353208657887,0.5359497778605018,0.0026243233231916185,0.05122814971469903,0.019373015777064947,0.07301581320837491,0.37335022714077887,False,False
02059500,14.929774254241774,0.13524768335949433,0.5362642486491593,192.75169961455057,13.88350458690278,4.2868399438189755,0.06166993048472291,0.37845420437634797,False,False
02064000,0.28803161814008976,0.053635735378962046,0.5137784422869593,0.07851247374288152,0.2802007739869423,0.06871694365624559,-0.1677733969100923,0.299394793658185,False,False
02065500,0.1541084994431476,0.04717559692152884,0.5120788118089779,0.02262903608266362,0.15042950535936633,0.04231863825057786,-0.14411655855908134,0.22363014886049035,False,False
02069700,5.157641209240952,0.09831133114967783,0.5258484295458079,23.986057282877066,4.897556256223819,2.4148680902075763,0.11983958372971304,0.4306019022129504,False,False
02070000,7.74698652220714,0.16297637193656023,0.544358812115108,50.23464280382579,7.087640143505157,2.7238284037825897,0.12593653072554056,0.4253595709686886,False,False
02074500,0.02933944502735298,-0.28614505491637865,0.4374175636184982,0.0011071175660959946,0.03327337623530252,0.017271513410120357,-0.9504741045643814,0.20636825057565641,False,True
02077200,0.44409185105016125,-0.00033764428769744725,0.4999156031761284,0.19728416155583506,0.4441668172610771,0.13938914429311924,-0.45650766305449997,0.16487918562964865,False,True
02082950,11.588617540186206,0.11593452828272965,0.530767117709837,118.7265065329981,10.896169351336189,4.639134884925304,0.03444061417041777,0.3451330591854769,False,False
02092500,0.06332915370273966,0.11520507270755365,0.5305616995884663,0.0035485423513542547,0.05956964286743924,0.02332085251404278,0.08225608867177037,0.3439224570975795,False,False
02096846,0.782555000100143,0.16145942535173075,0.5439096715019791,0.5135158147837035,0.7166001777725871,0.22171386228988404,-0.0611960366853026,0.4755878393748175,False,False
02102908,17.237600075562376,0.07630364434470693,0.5198325593642648,274.46238396253534,16.566906288216135,3.6468412856905603,-0.08988001358208364,0.30862255669199645,False,False
02108000,0.021899176343657303,-0.7442133909296487,0.3644031485690087,0.0008364792611069567,0.02892195119812902,0.016400307983913426,-0.37746118491136493,0.13818835976118352,False,True
02111180,8.887779393401548,0.15683551084852276,0.5425451748261284,66.6037742355423,8.161113541395089,4.110025954083551,0.19276016603167012,0.49347649239694386,False,False
02111500,0.07921667936868633,0.04723172057212799,0.5120935292399276,0.0059788899105592454,0.07732328181446546,0.033562767421391915,-0.022389350144284004,0.39164864676007055,False,False
02118500,13.342891848359695,0.1574867723651281,0.5427369448433444,149.99495767627496,12.247242860181837,4.2302946040709255,0.05994173289207372,0.46933012299262294,False,False
02128000,0.07263169318470476,-0.02085095743598009,0.49484104521433003,0.005385359221223482,0.07338500678765031,0.0264932562402676,-7.562463593598464,0.27697787247262184,False,True
02137727,0.01322786137965635,-4.3365456898345105,0.1578146909923278,0.0009337691085985918,0.030557635847666485,0.012680009630123858,-0.5110894937838248,0.2305190526248613,False,True
02140991,0.01489550578448907,-0.8564178567308651,0.3500888350923865,0.000411894740239288,0.020295190076451315,0.012295816942031364,-0.24677711259259993,0.30953790860701247,False,True
02143000,8.19295202089484,0.18945514291452847,0.552319925179734,54.40738812068885,7.3761363952064265,2.613347052315355,0.10428247652399136,0.5004093637556133,False,False
02143040,2.859823729632575,0.20665580907527858,0.5576174417942377,6.488438266366035,2.547241305091851,0.8605235686757119,0.10879386817332082,0.536374140889637,False,False
02149000,0.08421614867426952,0.13821057481792243,0.5371176710288829,0.006112120586916041,0.0781800523593841,0.017472894696234573,0.027492667058399367,0.41741952222943646,False,False
02152100,0.3026926682223145,0.08534025898682451,0.5222860117541472,0.0838037335283371,0.2894887450805939,0.10087099254403045,-0.042703485302992616,0.3873892780683145,False,False
02177000,0.05351513734874234,0.01551650504878277,0.5039094568154028,0.002819432673297381,0.05309833023078392,0.04000226494263696,0.11181675826849302,0.2666464937761359,False,False
02193340,2.8632998194991535,0.1297052558235975,0.5346750842955275,7.135099150980655,2.671160637434719,0.7692630397313844,-0.1215307735652571,0.3926488188719906,False,False
02196000,0.04220425674681008,-0.31170662282242967,0.4325808431430936,0.0023364109020467994,0.04833643451938506,0.026849280299739525,-3.776561930899196,0.1618702072108914,False,True
02198100,0.09658467424716626,0.0036703925395660253,0.5009192852036681,0.009294359678157987,0.09640725946814371,0.04237434121467493,-0.06447097912121125,0.18410491288259892,False,False
02202600,12.889609566433151,0.17210615734588575,0.5470777222751586,137.54796759631864,11.728084566386732,4.971660961375246,0.15131145726605633,0.43483110308984296,False,False
02212600,0.02924020542263453,-0.4107243282717963,0.41481308678578005,0.001206154647701493,0.03472973722476882,0.022843662718326,-1.4613206625342121,0.23513651663367288,False,True
02215100,2.9250885686360757,0.05780722528751203,0.514881948393632,8.061536240604985,2.839284459261697,1.4691927340033446,0.25084462998214896,0.3985459035146168,False,False
02216180,2.081755186617429,0.04472942361025156,0.5114381672159259,4.1398605456035105,2.034664725600636,1.2895647000568995,-0.03706380647297425,0.48414483897188637,False,False
02221525,0.07901150246698312,0.03276542138102456,0.5083277870715415,0.006038268975373954,0.0777062994574697,0.03459185520699163,-0.24222589251395266,0.30251521780729096,False,False
02231000,0.0499937562863878,-0.17986226031349206,0.45874458134624857,0.002948919024573909,0.054303950358826646,0.0293836938384243,0.021285100652706612,0.14285878697163445,False,True
02231342,6.829464428966318,0.1560008837916136,0.5422996091539298,39.36545600077858,6.2741896688559375,2.3394439667903186,0.04695210332090116,0.47302800310817983,False,False
02235200,1.6556586319797948,-0.07120840827595543,0.4828099364623504,2.9364023864637714,1.7135934134046418,0.9806452328055235,-0.09317256323454681,0.33605306951818237,False,True
02245500,1.0011917013458997,-0.01175271174425907,0.4970789869759715,1.0141655627236017,1.0070578745651124,0.1678669238683261,-0.441527739776127,0.13448556601626097,False,True
02296500,35.291380110797625,0.058788789868368774,0.5151422960988317,1172.2611593411364,34.23829959768938,9.280712298103257,-0.13577488086492595,0.2813111228336941,False,False
02297155,1.0910765474685085,0.0728159237199062,0.5188917925942128,1.1037644593134428,1.0506019509373865,0.23822068107546912,-0.11375091362409218,0.34959851370802786,False,False
02297310,1.171683440612549,0.03121055108808224,0.5079263303410456,1.3299949269757219,1.1532540600300187,0.12702721691362043,-0.2104138005680889,0.30466322495404974,False,False
02298123,12.180776641559284,0.1592644735411226,0.543261096244366,124.74103948820539,11.168752817042975,4.917778584627488,0.12050813408731242,0.4166133564861688,False,False
02298608,0.4632650797234788,0.084747317946813,0.5221243177834797,0.196426527934567,0.44320032483580946,0.09172099379674202,-0.06785093745986726,0.34877284938533015,False,False
02299950,7.483267107728334,0.12643485161293522,0.5337417814698843,48.91902511319841,6.99421368798512,2.5968805606809684,0.02951701931407913,0.3757032297658377,False,False
02300700,2.594051223394781,0.19094946092512466,0.5527761543419272,5.444183398000297,2.333277394139046,0.9662002068603103,0.15386072826017028,0.46730028076330454,False,False
02310947,4.119269066289179,0.07724708496238275,0.5200876265375136,15.657619931218438,3.956971055140338,2.506308490085243,0.27590977457017285,0.3986101798406412,False,False
02312200,24.65617945501694,-0.005188123633254493,0.49870632496469863,611.0811867154456,24.720056365539413,15.184748936315392,-0.07989957427198613,0.31460513776656146,False,True
02314500,29.35871457263223,0.05908034111108562,0.5152196771361743,811.0107594522157,28.478250638903642,17.2828453820658,-0.024778746927096584,0.24899601617809605,False,False
02315500,53.1749334050253,-0.4087869836258091,0.41514671359389244,3983.448802100277,63.11456885775484,35.925824519880805,-0.41273952377146195,0.18254694425469384,False,True
02324400,4.984335844388184,0.11328704348396612,0.5300223314555383,22.029145384570302,4.693521639938427,2.336854503618916,0.16196506669175503,0.35740349830864904,False,False
02327100,8.297275244638296,0.14480280140541812,0.5390262559460295,58.875859988088024,7.673060666258806,3.8837181381222976,0.17624294306830113,0.39848076728680837,False,False
02349900,2.306876841459622,-0.02146844168758788,0.49468988947716014,5.435928954774436,2.331507871480265,1.2533042879007867,0.28027135208525644,0.4337464149361574,False,True
02350900,17.98008583324991,0.14119086695955363,0.5379788501277182,277.6388108283625,16.662497136634787,9.416453496667959,0.3177570385949211,0.436839296209762,False,False
02361000,1.423736787120914,-0.17803395991487792,0.4591296639098695,2.3879059827889524,1.5452850813972652,0.9034986951045453,0.06115561575782402,0.311248615952426,False,True
02363000,27.452306791604244,0.22931393697290536,0.5647528496894811,580.811481193585,24.100030730137775,11.811963841055004,0.22915319793384326,0.4834505775729769,False,False
02369800,0.060879239570317094,-0.05431385073544703,0.486780537278663,0.003907584247707757,0.0625106730703466,0.02141876862968466,-0.06697997703488934,0.14039023383805496,False,True
02371500,25.09529890845942,0.18850255049927822,0.5520294827219416,511.0600169197441,22.606636568046653,11.200705545867269,0.17894615681760762,0.4717399357709462,False,False
02372250,0.11307840639609541,0.0369403642816204,0.5094088746998514,0.012314379676926853,0.11097017471792524,0.039900644693270246,-0.1283123956913521,0.22075767139694955,False,False
02381600,0.5060094399815567,0.15129901202241192,0.5409203578638013,0.21730611409579392,0.46616103880074955,0.2478371119519401,0.09216806375768483,0.6146299129076327,False,False
02384540,0.4748067424825588,0.041356128969054606,0.5105573375488843,0.21611805732734263,0.46488499365686414,0.1065821969551067,-0.24477922867555812,0.32822941490617763,False,False
02395120,0.3785183617805407,0.05772759496452984,0.5148608389881016,0.13500516263791154,0.3674304868106504,0.10881111669313606,-0.14468597408109263,0.564633860633154,False,False
02408540,24.83835612126468,0.21093950553570617,0.5589525916503089,486.8060862553743,22.063682518006242,8.68228819619904,0.16314844341158563,0.49002263240780836,False,False
02415000,0.09226883146942308,0.04232463071232462,0.5108099206273727,0.008153204940116668,0.09029509920320519,0.025390872610929517,-0.2595750483369548,0.23955687342891877,False,False
02422500,0.0396716716697968,-0.37962153329001813,0.4202348928223975,0.002171305669018042,0.046597271046897606,0.02682113012113017,-4.010487061811341,0.162497853526098,False,True
02427250,18.986148377567115,0.26338321920837005,0.5758322797872274,265.53107237259775,16.295124190155708,7.586942403188186,0.23144939600089032,0.5335859598376028,False,False
02430085,0.10477181872455209,0.12808565638522906,0.5342124779432719,0.009571120585379036,0.09783210406292525,0.02642008188431357,0.01345849094834406,0.5085084276802665,False,False
02450250,0.8899935964741547,0.03184639830783387,0.5080904250258855,0.766863432658097,0.8757073898615318,0.21239049586663808,-0.26654709617029515,0.4305873177341268,False,False
02464000,2.4516280722571664,0.11119561055953753,0.5294354490018095,5.34214118856405,2.3113072466818534,0.7786260504534311,-0.09636049494587251,0.5201614037971818,False,False
02464146,0.052821756355664315,0.12033860597471968,0.5320107138331482,0.0024543766337792048,0.049541665633880384,0.026518448717401357,-1.2544937635853732,0.551190616854449,False,False
02464360,0.2813953689737683,0.10655674389879188,0.5281383515337562,0.07074583334076845,0.26598088905176714,0.09417612502849042,-0.09710080668786514,0.5391242953296096,False,False
02465493,0.05077010731181436,0.11529069166719808,0.5305858020537881,0.0022804300719160672,0.04775384876547719,0.030281077401763435,0.13929086224002685,0.426471252593285,False,False
02469800,16.62105945500067,0.18276664094832573,0.5502870586317277,225.76857510358096,15.025597329343714,6.100009844274415,0.10419964292235662,0.47993554466488325,False,False
02472000,0.9560012351076899,0.11412227930054986,0.5302570728865239,0.8096376325697084,0.8997986622404528,0.2960032896205191,-0.02029783896557924,0.44494336689772,False,False
02472500,22.36701943478855,0.1213107234843449,0.5322859998725643,439.5937979798421,20.966492266944467,9.896212310193105,0.07917591636288546,0.47903057940715854,False,False
02479155,0.10664592169826599,0.04872648103390287,0.5124858151766752,0.010819169164392198,0.10401523525134286,0.03191010719216177,-0.11749032020239647,0.2340190048670095,False,False
02479300,44.509272672944455,-0.00039656198598603254,0.4999008791572826,1981.8609730512405,44.51809714095202,20.807893504551497,-0.10112097938358455,0.31676162694388044,False,True
02479560,46.08370057762472,0.02453459786972456,0.5062098272749468,2071.6031504304315,45.51486735595778,20.71507586105388,-0.0581362387790616,0.4110710768267875,False,False
02481000,8.043894305588799,0.1556819202308436,0.5422058217447853,54.630955954287344,7.39127566488271,2.7320500199282765,-0.0016840561024429324,0.5129460110241922,False,False
02481510,1.6423747792717063,0.029282961893080883,0.5074295196435736,2.6184072030640384,1.6181493142055954,0.3425429442764913,-0.25786892774975034,0.22951259495474413,False,False
03010655,3.001755595689564,0.22370972308502257,0.562971048705383,6.99479199603567,2.6447669076944513,1.5256846623011235,0.3611107583955253,0.5164479923994646,False,False
03011800,2.4752160282737616,0.3505304862763263,0.6062555213539548,3.9791012240138186,1.9947684637605987,1.0868733975417855,0.42069236076290084,0.5949209762598238,False,False
03015500,0.14220673913532272,0.04718687783090603,0.5120817699592507,0.019268507907794424,0.13881105110110803,0.030702598667187102,-0.13400279122271996,0.24602181390162797,False,False
03021350,9.958549286687564,0.25762663012142106,0.5739298001723288,73.62317439078772,8.580394768936202,4.44628831198686,0.18173363824631683,0.5848553837103571,False,False
03026500,0.6888062816255076,0.1560107060609529,0.5423024977893689,0.4004341754696584,0.6327986847881863,0.2305120361528578,0.02218275415794646,0.6071546787051258,False,False
03028000,0.24934899333025748,0.07145101520603381,0.518524552855386,0.057732459286533006,0.24027579837872354,0.08448665350838691,-0.08645734876670486,0.36014421180515,False,False
03049000,11.81876387081587,0.2614838993346108,0.5752031859913556,103.1582770042173,10.156686320066072,5.637855202545277,0.2542018720859812,0.5266477421556873,False,False
03049800,0.5734911304759633,0.0688821590379115,0.5178347891508253,0.30623728039865683,0.5533870981498004,0.17809425719044006,-0.10734331750314663,0.49745659770123934,False,False
03050000,0.18156471775230495,0.05578281747116931,0.5143458297695458,0.031126824499695758,0.17642795838442318,0.07846123781502555,-0.12443164323464573,0.2944271517884128,False,False
03066000,0.056408065812454375,-0.602480667701937,0.3842487717240289,0.0050988849837881635,0.07140647718371326,0.049677149750523904,-2.7109252087144493,0.28655581807646263,False,True
03069500,68.01034186884806,-0.0014110882319688933,0.4996474766627741,4631.933457940495,68.05830924979325,29.40968695838283,-0.12932440017870217,0.38349497007195144,False,True
03070500,16.900208590043196,0.262144266349322,0.5754217571900059,210.7441782564203,14.51703062807337,7.349287244910303,0.22129145748858092,0.5441860361600676,False,False
03076600,23.988267910957042,0.20367297302172493,0.556691507159567,458.2360333272465,21.406448405264392,10.868036436627559,0.16020602719606725,0.47639979987734665,False,False
03078000,6.037966962778752,0.19889500959392348,0.5552147183682725,29.205920719893218,5.40425024586142,2.4345065467013702,0.20183669476755584,0.44652634774541455,False,False
03140000,0.5233860998859718,0.04769867309182807,0.5122160120557229,0.26086676848207885,0.5107511805978316,0.17324571398853603,-0.12715315929947923,0.5727175246883793,False,False
03144000,10.055194962243503,0.2562987150804453,0.5734927241543752,75.19336545274602,8.671410810977994,3.8677163785685154,0.2752796397554632,0.513449840911349,False,False
03159540,0.012383746324237641,-4.149781620843849,0.1626074000108615,0.0007897559510587723,0.028102596873932705,0.022506448759873704,-0.6258644037703582,0.30726765336122025,False,True
03161000,17.239529406583234,0.2870502691486916,0.5837882933686653,211.8896397163305,14.556429497522066,6.994773392184917,0.3150407084191911,0.5653033782876887,False,False
03164000,0.7219621242215213,0.03992610002888586,0.5101848455891062,0.5004186552888983,0.7074027532381383,0.11621751666057165,-0.1876852607848003,0.32851027496565327,False,False
03165000,0.7060560473326625,0.1747331019591356,0.5478650826754936,0.41140804484412824,0.6414109796722599,0.14931578161755607,0.04256043395603348,0.5407240908247909,False,False
03170000,0.07561409362264691,0.08788576878113497,0.5229813071170735,0.005215005048772877,0.0722149918560743,0.0271980655257019,-0.18414336256468178,0.40428759821526034,False,False
03173000,0.027298534140496388,-0.10556494132047733,0.47493191987365785,0.0008238780125752799,0.0287032752935145,0.022386492657916198,-0.5297078076723194,0.21460694284980933,False,True
03180500,11.230097356906372,0.07176100031847754,0.5186079112418974,117.06494187265606,10.819655349069862,6.299301631470288,0.1867115680874175,0.38016204527089836,False,False
03182500,47.252230361640116,0.09452993133948007,0.5248048848665283,2021.7093698475253,44.96342257710733,20.44619601176591,-0.03550298499251037,0.3305110261421641,False,False
03186500,16.987484490129347,0.21203775100744082,0.559295925047331,227.38591390730144,15.079320737596287,6.708110287566788,0.17775651891230992,0.4722574147425893,False,False
03187500,10.07539767867166,0.22065282010479526,0.5620038693398189,79.1143677949906,8.894625781616144,4.492847961427318,0.27660262966246374,0.49212936049866607,False,False
03213700,0.6683377920389942,0.00208805756703212,0.5005225599593968,0.4457427203096699,0.6676396635234233,0.22418659843129668,-0.2742505994394484,0.3425566429394951,False,False
03237500,0.2718007235010065,0.025432429967560677,0.5064399999153087,0.07199679642556923,0.2683221877250728,0.05728751158058752,-0.22864281349383342,0.3065733805009209,False,False
03241500,0.030496990123909475,-0.9851547216273855,0.33499101160654093,0.0018463257185244051,0.04296889245168422,0.0315699451660035,-42.61705010199497,0.2600141225736345,False,True
03280700,0.05383633572464092,0.032208107534336894,0.5081838195536977,0.002805000642150585,0.052962256769803394,0.026776612744968644,-0.37423279373183416,0.35714316335621643,False,False
03281100,20.62762317567726,0.25268977973413864,0.5723082188850503,317.9796302572802,17.831983351755355,8.021260033878368,0.18758802658915597,0.5536500755977016,False,False
03281500,74.41530052760494,0.08203409489341085,0.5213857020802598,5083.361917357785,71.29769924308768,31.274813318162465,-0.06811381419525264,0.4562608813055623,False,False
03285000,2.1095455128886194,0.03240901538031993,0.5082357094623974,4.305956245284111,2.0750798166056437,0.3950313674555429,-0.27238064415901286,0.5170119740822573,False,False
03291780,5.5416472222278355,0.06360781621202394,0.5164243113416194,28.756467190590122,5.362505682103294,1.1082781036562803,-0.1803618387511483,0.48731504335073045,False,False
03300400,43.163671009407736,0.17311006753829739,0.5473783517174006,1540.5806962667136,39.250231798891505,19.556891784192313,0.06937864427138973,0.5169055450700113,False,False
03340800,10.045374178403781,0.14797656002958515,0.5399499695403286,85.97729542797656,9.272394266206359,3.794733578428055,0.03904992995215595,0.44806500460842885,False,False
03346000,28.911012507748424,0.18779496241872118,0.5518139389650324,678.8788550834784,26.05530378029545,10.41773342165066,0.0997557548298661,0.4975560372929757,False,False
03357350,0.4606058301442142,0.011112157614816653,0.5027935606468111,0.20980020061940216,0.45803951862192216,0.1638831357596161,-0.1955193158180073,0.36931785458475946,False,False
03364500,10.824079667351329,0.1783350896864928,0.548948379220798,96.26683658788,9.81156646962553,3.2402071396890393,0.028846515804435646,0.533872692092236,False,False
03366500,2.0444610112938704,0.07296683863284037,0.5189324294193964,3.8748325149246954,1.9684594267915951,0.47937909785365884,-0.1583880457108795,0.5584038010870448,False,False
03368000,2.5814679942745924,0.032643454980453956,0.5082962732563887,6.44644177209544,2.538984397765264,0.5402307809719605,-0.27843342029006224,0.6001150101799033,False,False
03384450,7.502152923504085,0.1213388513789454,0.5322939694228542,49.4530690361836,7.032287610456756,1.7105412453707791,-0.02762086606521419,0.4723948197334113,False,False
03439000,9.356409661497151,0.1613669179986964,0.5438823057135066,73.41595418854976,8.568311046440236,4.214848961683151,0.2128462964504746,0.4637979170384767,False,False
03450000,0.9558371219262043,0.15036655609896088,0.540647663620805,0.7762460184337148,0.8810482497762053,0.2347406674768653,0.03016759460305518,0.5029156542202741,False,False
03455500,4.479175966861263,0.3196862156949628,0.5951269395874123,13.649147252586761,3.6944752337222075,1.4040976604816011,0.22906530589893614,0.6783903250692724,False,False
03456500,6.096149204158132,0.3389561116344293,0.6020310522824157,24.56639723876656,4.956450064185713,2.3975379914489223,0.466655165609971,0.5880063669342439,False,False
03460000,1.026423902720849,0.1565210016407712,0.5424526131786913,0.8886439484874777,0.9426791333680181,0.41354178118230406,0.06947147929802189,0.4210118140101739,False,False
03463300,9.679003757472532,0.201576877134921,0.5560426727648462,74.79876422975356,8.648627881332018,2.5169980430502576,0.10426186792665249,0.5243874640692769,False,False
03471500,4.687256178765762,-0.03839407484164492,0.49058227373315244,22.813902534092072,4.776390115358258,2.867439658117226,0.3032539935782169,0.4520648320793174,False,True
03473000,17.873450518707234,0.2312454399848558,0.5653695671554554,245.5865112040971,15.671200056284684,7.9556544287407185,0.23383025409083735,0.49122169861867465,False,False
03479000,0.03442622112580975,-0.5467822735578047,0.3926523324677534,0.0018331917507581072,0.04281578856868232,0.03217166429430352,-0.9716947128654696,0.34228344015241324,False,True
03488000,17.269355391098006,0.28192890919059066,0.5820480918102666,214.15079783534205,14.633892094563976,7.279303039603007,0.25989219136236585,0.5539977597294257,False,False
03498500,23.835161671587027,0.16060671600877863,0.5436575248497931,476.8718583809642,21.83739586995126,9.980704238196044,0.12242554640121772,0.5300677907849484,False,False
03500000,11.925101067605134,0.2627035642473451,0.5756070060471669,104.84947768933297,10.23960339511902,5.831173014514205,0.3642041793707589,0.5611048375525345,False,False
03504000,6.464663190174106,0.33951765375569265,0.6022346472167007,27.60279245879416,5.253835975627156,2.7086195309731624,0.38651350648436233,0.6095738842528966,False,False
03574500,44.753862126510874,0.18133042539650912,0.5498524932534936,1639.719983792557,40.49345606135091,16.825774283048105,0.06227529935133502,0.5453425798110234,False,False
03604000,44.719203350042754,0.1388923448623537,0.5373144305969988,1722.0492441678036,41.4975811845438,14.748656437837862,0.03132651507448192,0.4473993757283918,False,False
04024430,27.470703674247456,0.07452458208057677,0.5193522548735274,698.4003625011394,26.42726551312374,10.609232305380194,-0.04273992765181389,0.3669229145030253,False,False
04027000,38.915044025098766,0.08088210994802947,0.521072730958138,1391.8943491195755,37.30810031507334,13.867306506086955,-0.06079947378102202,0.3645358763658729,False,False
04040500,0.47279547604161914,0.08680861337119661,0.5226868608069997,0.20413074997469013,0.45180831109519237,0.13808629315580462,-0.14264973215962096,0.5126122568814124,False,False
04043050,1.3716006359323183,-0.14685906511699898,0.4657967615333437,2.1575725461028767,1.4688677769298626,0.8123131417303995,-0.14545220847035778,0.26619991360081446,False,True
04045500,24.099024096767504,0.15624650494831294,0.5423718532243196,490.0207793355616,22.1364129735502,15.051323401437068,0.10802713599722336,0.4617772080518091,False,False
04056500,33.97978088538249,-0.03934942389803919,0.49035245666168725,1200.0593576164677,34.6418728941792,21.50272235573348,-0.01800188120100521,0.48949697333975,False,True
04057510,5.56090009938297,-0.16257645481568672,0.46241139718929775,35.95106078545306,5.995920345155784,3.7936792803099606,-0.012378574681177534,0.38859703914521776,False,True
04057800,0.15382003857143176,-0.2921932527118276,0.4362633904523229,0.030574073187760755,0.1748544342810921,0.09661714113221555,-0.25517420338763297,0.3605690746143259,False,True
04059500,0.1406979684108844,-0.16180812419488522,0.4625757433363456,0.0229990587242075,0.15165440555489149,0.08288656324264684,-0.14906572303479337,0.27424289583749634,False,True
04074950,8.267112496515248,0.12950107469981942,0.534616719889063,59.494378780129274,7.7132599320993505,5.578545079679889,0.4609967842370747,0.5000375325116999,False,False
04115265,0.7770444768670554,0.0361628743322947,0.5092071979543618,0.5819630435290525,0.7628650231391215,0.40954611136837493,0.011883839721368195,0.41277490981110687,False,False
04122200,0.40444480697054125,-0.5441521529092859,0.3930582527686016,0.2525856178148319,0.5025789667453583,0.37426324918815673,-0.0006887876442069896,0.29855238007012425,False,True
04122500,11.134674259807328,0.002810759842194699,0.5007036788967411,123.6324901378925,11.119014800686818,8.11490394364958,0.13735728151353033,0.388671403834272,False,False
04124000,10.80207917445045,-0.3146293828055773,0.432034608835689,153.39741712015126,12.38537109335652,9.815926723471526,0.24330739892704356,0.5427429961750776,False,True
04127997,3.046290327010841,-0.3394109347072274,0.42745803448385955,12.429579115598408,3.52556082284768,2.757429516094875,0.2782450074637567,0.3909209140788434,False,True
04185000,14.849871609844554,0.25324549273047825,0.5724902931913268,164.67332332661277,12.832510406253828,7.772527804649184,0.21999665404418023,0.5219102626603529,False,False
04196800,13.390875754510441,0.1855436855084508,0.5511292787890693,146.04468481241653,12.08489490282876,6.256082077673521,0.11000750928549752,0.4662953635823069,False,False
04197100,6.823615928512976,0.19592690654695277,0.5543012661898147,37.439037767186996,6.1187447868976355,3.8818894885917303,0.17755588530208433,0.4751843320330784,False,False
04213000,14.988123228624179,0.14163837921591915,0.538108400870913,192.8256488130978,13.886167535108376,6.657783923355182,0.03157830241365356,0.45899942030539875,False,False
04213075,3.7196949246932594,0.0683317610150227,0.5176872403956201,12.890683181515962,3.5903597565586605,2.019749887213029,0.1532508571496869,0.355268785847486,False,False
04216418,7.054737057738351,0.10427538713663176,0.5275027782065694,44.57960036949153,6.676795666297684,2.9399005827208398,-0.0040410933042414054,0.34464359062769934,False,False
04221000,0.28234628223117864,0.013661159784165045,0.5034387787993615,0.0786303633130376,0.2804110613243308,0.10870908438413752,-0.13475797139130274,0.4072660972034745,False,False
04224775,4.783012529942466,0.16525897400221412,0.5450360491373275,19.096544797086462,4.369959358745395,2.2989432104159095,0.1577319473246117,0.4184002995285498,False,False
04256000,6.3422627349990215,-0.03878026359760889,0.49048934691736285,41.78420542492426,6.464070344985755,3.741235330431076,-0.06616006305645317,0.40349620775726075,False,True
04296000,4.482061498496072,0.0690373775165527,0.5178764147769371,18.701992009967928,4.324579980757429,3.0628200525071803,0.4205467539522746,0.5483746152648642,False,False
05056000,9.61167522751999,-0.17254892371616015,0.4602888289804277,108.3251123298085,10.407935065602999,4.6992830043507645,-0.4377181510704615,0.1478193853450954,False,True
05057000,18.92141222211232,-0.119242963511766,0.47186661332257757,400.7111872538393,20.01777178543704,8.282134367019552,-0.41533752609505337,0.21446756834190892,False,True
05057200,0.30716520792691016,-0.04163201130233918,0.48980423233181414,0.0982784645844102,0.31349396259642737,0.12128562599630259,-0.3287217662220976,0.18390884901978333,False,True
05062500,0.03025498769476011,-0.13529245588115746,0.4683199236927648,0.0010392061619326548,0.032236720706868664,0.01409597748073864,-1.9891705793514247,0.2490918471159916,False,True
05087500,0.2578512908053642,-0.013609384829456062,0.49662064923515226,0.06739213926096484,0.25959996005578434,0.10615757288657236,-0.1892420954391667,0.29838939102710504,False,True
05120500,0.01861143057456143,-0.5310271597553029,0.39509651097409754,0.0005303253755778564,0.02302879448815887,0.01338335343922741,-4.447472216514563,0.06472258990634973,False,True
05123400,1.1520655070184243,-0.025810182268475534,0.4936296641969748,1.3615116241851868,1.1668383025017592,0.4462886474927577,-0.18515127118616093,0.08226442863600013,False,True
05129115,10.711109207203524,0.13729777681520983,0.5368544620568666,98.97598027027618,9.948667261009193,6.548627980905863,0.0531060435117815,0.3872411196762389,False,False
05131500,0.015109445779620324,-1.4969961137755319,0.28595971155379696,0.0005700526061559322,0.02387577446190871,0.01677731538552122,-9.093260092941073,0.03970962318726482,False,True
05362000,9.706302287218811,0.10941446538771404,0.5289366609932706,83.90411520582195,9.159918951924299,6.1709351885791,0.2559711710763828,0.4371053765901678,False,False
05393500,3.144974439869761,-0.05497912890805323,0.48662294713005977,10.434655326806269,3.2302717109875245,1.8097657563349177,0.023970181584795802,0.40023887491413207,False,True
05399500,0.3684130870704547,-0.007254327595574761,0.4981929724858871,0.1367128195713066,0.36974696695349185,0.07324054003886217,-0.37617166521013345,0.20551683155922154,False,True
05408000,0.7938140127536053,-0.10307841740235246,0.4754934441461124,0.69509459158469,0.8337233303588727,0.3029377506796898,-0.39486262356386614,0.21743046386538079,False,True
05412500,72.72264333927968,-0.10681769424248144,0.4746495165352006,5853.497080553609,76.50815041911292,36.25097867762216,-0.20696804424787985,0.3480624687522147,False,True
05413500,2.8915462217476016,0.019698847068411407,0.5049736998433925,8.19633671302514,2.8629245035496727,0.7080191958298557,-0.20167897784069422,0.24837640684219653,False,False
05414000,0.1574222499497017,0.009243520967880281,0.5023216101681042,0.024552694016868493,0.1566929928773731,0.023972959825387993,-0.300203932199004,0.17702892663368638,False,False
05444000,6.502321326835929,0.21079592808067915,0.5589077376328999,33.36769229894866,5.776477499215994,2.655378759093728,0.2467098680336215,0.4615889502889915,False,False
05454000,0.07126168051188621,0.027440208110871445,0.50695548196402,0.0049388795006625385,0.07027716201343462,0.019562411267899708,-0.6600596551498856,0.3015465066660249,False,False
05458000,17.72747028922506,0.16222622182312496,0.5441366134802669,263.2814707980983,16.225950536042514,7.110600148307988,0.08505927176942096,0.4612844757770729,False,False
05466500,0.02724296591339867,-0.045452685854042496,0.4888893333567712,0.0007759132294090127,0.027855219069485213,0.01812088589727925,-0.1556934970689552,0.2684618824870806,False,True
05487980,15.734602936364139,0.11426567032554125,0.530297393574329,219.28809433861426,14.808379193504408,5.907360349851472,0.04331561265190531,0.34351700213555353,False,False
05488200,6.354410149205597,0.08440133791249538,0.5220300158856135,36.97052652912828,6.080339343254477,2.1211785128107596,-0.048686767268092845,0.29965460077597805,False,False
05489000,0.053622353366578106,-0.11954126414626542,0.4718002036175465,0.003219080564991065,0.0567369418015376,0.023741963034282602,-10.655536767228856,0.17639243560017712,False,True
05495000,20.019863674808718,0.13111192571719998,0.5350775221698376,348.2459449525534,18.661348958544057,8.230621428093718,0.0856299611613025,0.3696116984640097,False,False
05495500,24.65969270628434,0.1788314035462657,0.5490979813440926,499.35298840486905,22.34620747251911,9.405312255471518,0.062131101097036456,0.45662399327416175,False,False
05501000,0.2245953086563771,0.0518283026578783,0.5133017800044491,0.047828674869661754,0.21869767915929458,0.04260394685426325,-0.02119103215056395,0.6575269638153471,False,False
05503800,6.590814515036534,0.16117415346156316,0.5438252904060956,36.43761835653531,6.03635803747055,1.8003256122209141,0.0661764404696954,0.44885754168142883,False,False
05507600,0.17431009793723765,0.024433479072476394,0.5061839170723051,0.029641623164481833,0.17216742771059174,0.04962984883055395,-0.22049455563464715,0.26517757625584953,False,False
05508805,17.468821204834114,0.21816644572214616,0.5612196479290584,238.58410404299894,15.446167940398645,5.817303208143281,0.12504926849101983,0.5151647257251545,False,False
05514500,70.12060098373173,0.07760972995244186,0.5201857372984212,4535.2995033813695,67.34463232790992,27.197698810062807,-0.0767549311859963,0.31140415909509933,False,False
05525500,0.05189969222025091,-0.09875422305502557,0.4764731329733133,0.002959580260375086,0.05440202441430912,0.024216988496735776,-8.02289257832605,0.2767242892790853,False,True
05556500,10.16272284254942,0.21017712523551524,0.5587145041553823,81.57364544379797,9.031812965501333,4.002100213336889,0.16540511692792448,0.47513609801975726,False,False
05584500,25.810181005646992,0.20073420820114496,0.5557822554944638,532.443250703439,23.07473186633897,11.923912489751308,0.1649928218603154,0.4598583462887622,False,False
05585000,57.40101660068284,-0.022431642773942828,0.49445428901043703,3368.786204062807,58.041245714257435,26.033801803628947,-0.216696029993658,0.3792564103222691,False,True
05591550,1.1157833584795893,0.09312644014819627,0.5244186195951644,1.1290326457676252,1.062559478696428,0.25751065478167684,-0.04823417882582515,0.4923062320100276,False,False
05592050,1.5369471855760712,0.03989244827128613,0.5101760865713983,2.26797244460912,1.5059788991247918,0.3213166533999683,-0.21854439112614799,0.4087603183778479,False,False
05592575,7.621131070663369,0.12775678275571944,0.5341186394959311,50.66131548644438,7.117676270135105,1.5964888853698402,0.004609666163293724,0.45793368767712866,False,False
05593575,9.463437902962724,0.1382077230355161,0.5371168483040583,77.17923530443464,8.785171330397299,3.1125442441713074,0.04236305568125931,0.3977932265078059,False,False
05593900,5.725697912268843,0.24105861135511897,0.5685237759800611,24.880843493969277,4.988070117186533,1.9353188418079112,0.14935753361519466,0.5564742873520399,False,False
05595730,10.918688927991404,0.1893964612419763,0.5523020244873409,96.63834454763258,9.830480382343103,3.3991260844413147,0.09807198281986262,0.5082896248834979,False,False
06037500,9.768857584463227,0.10137414158254732,0.5266967136081895,85.75638552880126,9.26047436845442,6.351148152797211,0.291115895335899,0.5987311928276411,False,False
06188000,38.67969679250713,0.21069360983870988,0.5588757775072042,1180.896242909215,34.364170918403005,15.608781533589083,0.09744490371570336,0.6534274055698273,False,False
06191500,1.7831540213863697,0.19685615591389316,0.5545869250973892,2.553706898141298,1.598032195589719,0.7312050014811939,0.19306580802648976,0.4978429902954772,False,False
06224000,13.926572361504181,0.017615172329656592,0.504442924522974,190.53296532348176,13.803367897853109,6.766771220424857,-0.11092767661345548,0.6801001760804494,False,False
06278300,2.3336770439820995,0.0991292826456669,0.526074704013442,4.90618566002933,2.2149911196276455,0.7777565346197253,-0.11951082950525027,0.5530098206027263,False,False
06289000,0.13270972426467495,-0.3045034642024329,0.43393295585523917,0.02297474661892877,0.15157422808290588,0.08418602211099545,-0.3417978838684821,0.24267190832931354,False,True
06311000,0.6827772051373832,-0.08222054154309588,0.48025652424834786,0.5045146713230643,0.7102919620290408,0.29033298693366244,-0.31282318693272826,0.42248966990073605,False,True
06332515,1.1227621962513294,-0.01182944698137467,0.49706002737977517,1.2755070904492098,1.1293835001668875,0.14665598809672484,-0.6666363772726898,0.049709438611319844,False,True
06339100,1.7987426201595986,-0.03893938097069438,0.4904510694790357,3.361462407753518,1.8334291390052462,0.3941850664988762,-0.5891963708811714,0.05930078590433486,False,True
06344600,1.1648912112374286,-0.04247324176720291,0.48960249737948736,1.4146065140537707,1.1893723193574712,0.26607811003573895,-0.5968433639263411,0.028862660364583195,False,True
06350000,0.04398598862252987,-0.17034189026036395,0.4607568994026262,0.0022643390963286293,0.047585072200519246,0.018846149178699447,-46.484949704199806,0.07661416022177088,False,True
06352000,0.16581338527342132,-0.1383567043163867,0.4676488249043983,0.031298068857937025,0.1769126023152026,0.06903100216749075,-0.5903449063495398,0.15549992780576993,False,True
06353000,7.555658516476748,-0.14694718765758652,0.46577764266807326,65.47689308367993,8.091779352137571,3.314381006175974,-0.4831301597248008,0.1302847692448348,False,True
06404000,1.8136565377385365,-0.023230975304478818,0.4942589413695135,3.3657648463563214,1.8346020948304624,0.40379891013672875,-0.5270054487515987,0.09664500169384832,False,True
06406000,3.9752584874277765,-0.040671697860908074,0.49003472780468765,16.445401869921973,4.055293068314788,0.8800292128727737,-0.6179517680829956,0.048205922470987886,False,True
06408700,0.15957901998441215,-0.13962832775928957,0.46737089195638143,0.0290211637199473,0.1703559911477941,0.07373104262822504,-0.38067264714727633,0.2879023676093558,False,True
06431500,0.15097750154924286,-0.006002895288204968,0.49850376704283306,0.02293103720569164,0.1514299745945024,0.03266236062669409,-0.39785805727565027,0.04962715369110744,False,True
06440200,0.2790914692955012,0.02795935476161604,0.5070889397815217,0.07571423682385175,0.27516220093583305,0.035886463714758184,-0.21666445972086135,0.4391191010912483,False,False
06447500,4.504001843685123,-0.1052428559901708,0.4750045806613909,22.420992616286114,4.735081056992173,1.651390596150852,-0.469402477607076,0.1870594756868392,False,True
06450500,0.06505471953307967,-0.05059924800366167,0.48766232649969954,0.004446258447588021,0.06668027030230173,0.018817824396600333,-1.0057289731727912,0.019309134458996735,False,True
06453600,12.379855153863927,-0.16479306226709456,0.46193791796096345,178.51713243439275,13.361030365746227,5.288601874537006,-0.5192841159178005,0.2580562889349597,False,True
06464500,0.11997704716471942,0.06344666679063038,0.5163813373230168,0.013481209318568523,0.116108610010492,0.021496932447341698,-0.38586098474900576,0.3672563466916914,False,False
06468170,6.782060918635401,-0.10716915204806354,0.47457034905244777,50.92574016347577,7.1362273060403405,2.338997947698246,-0.6459140205675833,-0.011226476550541785,False,True
06468250,8.052503549365412,-0.1353803825841171,0.46830064009010725,73.62125830016306,8.580283113054199,3.040668976133709,-0.6062416188399626,0.010376092245227385,False,True
06470800,0.07468903282650906,0.020776682620263554,0.505248695899503,0.005462549905643384,0.07390906511141501,0.032966633606677814,-0.23013269993822405,0.15170498000378604,False,False
06477500,0.1960326504629274,0.0035641931960116446,0.5008926390680493,0.03829183237986,0.19568298950051843,0.04854356014219025,-0.34994154093274,0.09003476997624929,False,False
06479215,0.914670828511991,-0.21147265518358993,0.4521873682932711,1.013545553474272,1.0067499955173937,0.5005147006631612,-0.38656635510104653,0.12200286473572396,False,True
06479438,4.245832953954119,-0.10897773387239806,0.47416337495600336,19.991649703774364,4.471202266032522,1.882987494029227,-0.4013245900304647,0.1323261904306518,False,True
06614800,0.1710508162602029,0.006472849125167435,0.5016234665081755,0.029068996652610878,0.17049632445484236,0.04561689987308755,-0.220939233739049,0.37417097658510784,False,False
06622700,2.4835775618684903,0.291866433463997,0.5854343123927613,4.36787937354975,2.0899472178860763,0.8961080048422237,0.1827143482370398,0.6237638887766295,False,False
06623800,4.831887787359212,0.37088420743186323,0.6138299097964061,14.688054227129692,3.83249973608997,2.2688588439672603,0.3389427899383004,0.6394985271745774,False,False
06632400,3.934444311976747,0.35275120993798037,0.6070728392900198,10.01931550584797,3.165330236460008,1.3767343108867967,0.2670957042933393,0.6701765922329235,False,False
06746095,0.0714613547758494,-0.04404788881670063,0.4892253285606239,0.005331665691389715,0.07301825587748392,0.040595321721138354,-0.3539358998327491,0.09925396024205586,False,True
06784000,19.25689967583992,0.012795580555952202,0.5032194927785869,366.08322321017454,19.133301419519178,5.540512702619312,-0.29264662275287145,0.28804339737521756,False,False
06803510,2.168930793385836,0.059333181181584926,0.5152868026098654,4.4251420289266425,2.103602155571876,0.3878824568514032,-0.1679327258030756,0.3625404439773526,False,False
06803530,5.847694645321786,0.057118568615101784,0.5146994478645017,32.24233278607361,5.678233245127714,1.1303140534874918,-0.16687065745269547,0.2995497576815954,False,False
06814000,13.201768505117169,0.11990033459217797,0.5318866964337685,153.3896590173817,12.385057893178445,3.852229541742867,0.01598986531536417,0.36126380037089584,False,False
06847900,0.017131668093732056,-6.179450696056025,0.12225759860404571,0.002107126073577745,0.04590344293816908,0.03328629758462391,-126.1614704819911,0.046219674248558655,False,True
06853800,3.007386863640279,0.11235532001184045,0.5297607174705531,8.028192016167626,2.8334064332826707,1.3625259535959495,-0.07446302295822593,0.42456023153201294,False,False
06876700,7.09287502881087,0.1472538411093699,0.5397393459440609,42.90070091576323,6.5498626638856505,2.438893723591156,0.11378200810586192,0.38578852923844276,False,False
06878000,1.221911613615883,0.011133348893737516,0.502798917888121,1.4764451446180478,1.2150905911157603,0.1463304473097386,-0.27084188661857334,0.17533580518149355,False,False
06879650,0.8999296857808359,0.04999246117512779,0.5128185302312356,0.7693858728761421,0.8771464375326061,0.06573301707514569,-0.13298449994852257,0.6564254988912724,False,False
06885500,0.8263672468728728,0.01860481829207239,0.5046948782514035,0.6701779157986422,0.8186439493446722,0.11638680473261274,-0.31584098352044787,0.3056815948514549,False,False
06888500,3.9405796316497557,0.04228170403657572,0.5107987201539045,14.871610436811975,3.8563727046036376,0.5876588920325018,-0.14526000615697865,0.4354301781055801,False,False
06889200,0.3059045960385204,0.012042910853446775,0.5030289665001313,0.09245067491934218,0.3040570257687564,0.03845562130724274,-0.28932542492181157,0.1675002387707808,False,False
06889500,18.606524190796954,0.18108977456152664,0.5497797450442812,283.50896587755733,16.837724486330014,4.383674183428862,0.07675152252671913,0.48172659173230037,False,False
06892000,25.384134260089482,0.07296526520745095,0.5189320057106562,597.338791780419,24.4405153746892,7.7456348985200565,-0.1303817143700725,0.38115193274691517,False,False
06903400,0.07231166549052308,0.06117499845388785,0.5157763074039957,0.0049090943082020265,0.07006492923140668,0.018800548993581155,-1.6961734797387051,0.5056924677747412,False,False
06910800,0.5620555552856751,0.024018308906736174,0.5060775636269806,0.3083189085923492,0.5552647193837811,0.07166495935926842,-0.25648934955183234,0.4164479117254413,False,False
06911900,12.846963591618556,0.0982305993882191,0.5258261068236294,148.83205596436056,12.199674420424529,2.5931549469668758,-0.14972793385009964,0.4501101751768819,False,False
06917000,0.17114092646951093,0.08463285713343682,0.5220931160505276,0.02681038661923427,0.16373877555189628,0.03876906500948199,-0.10473234636039641,0.5280230330795334,False,False
06918460,20.539988978538336,0.1755602347811347,0.5481134642337929,347.82383837720715,18.650035881391947,6.210954137350359,0.07406767577586149,0.4624952754903439,False,False
06919500,0.20321649631025876,0.03795197482344281,0.5096715203543573,0.039729643779502714,0.19932296350271014,0.046589427160384105,-0.1678633248104664,0.34832355030262424,False,False
06921070,7.687201929431753,0.06526016028408654,0.5168653580560136,55.2366500553181,7.432136304947461,1.3419585740361202,-0.16394791169376255,0.36973367915666977,False,False
06921200,18.67487505315407,0.1465876440014393,0.5395453401200788,297.62837693767017,17.25190937078184,4.205130816100164,0.04141103097049481,0.4374187660213382,False,False
07014500,0.06057612235666664,0.016671988361307566,0.5042030335535705,0.003608289295326278,0.060069037742636416,0.021829291304356423,-0.8354637194647785,0.32400616845014407,False,False
07056000,66.07222017272184,0.06802081032562413,0.5176039189990159,4068.590827337951,63.78550640496594,26.922693828768896,-0.08847130843701945,0.4726727074942119,False,False
07057500,0.02197270025669151,-0.4061004007524234,0.41561025453770967,0.0006788646499767475,0.026055031183568896,0.01672245428094275,-1.0347011087507152,0.2123611294170465,False,True
07060710,0.11660587895517474,0.06007714640786488,0.5154844163768215,0.012780066192109162,0.11304895484748703,0.03288027257139065,-0.1253415051786555,0.306598491685542,False,False
07066000,0.2547161900783686,0.019097659351850704,0.504820444440891,0.06364127490405992,0.2522722238060701,0.06988735636805445,-0.2225540411316591,0.6638471983377737,False,False
07067000,97.72858921102147,-0.11841022023749459,0.4720521032455603,10681.798615871834,103.35278717031213,46.90603261019822,-0.23849637837822035,0.34144379058477,False,True
07068000,0.03311355843502758,-0.18574101759590533,0.4575107443881431,0.0013001742179309826,0.03605792864171461,0.017671076727000443,-0.7577625621033817,0.1263889077438954,False,True
07071500,50.38990921965739,0.05248902669252287,0.5134759257873089,2405.8658090254658,49.049625982523715,16.98480370816291,-0.05405130267461011,0.3130954173670722,False,False
07083000,1.2648703308434175,-0.6277851184832797,0.3805486198114958,2.604288452580402,1.6137807944638585,1.3225649491919493,0.4312629608819667,0.4969903124399016,False,True
07142300,0.37703549148388377,0.03577667505120852,0.5091070792706682,0.137069901340541,0.3702295252144823,0.19924138476419734,-0.1803289751092596,0.2565682112705003,False,False
07145700,16.317489911749423,0.08653179065484073,0.5226112433517917,243.22048116288772,15.595527601299281,3.1640749879123455,-0.05640384883088756,0.3141104746803766,False,False
07148400,12.938678347401652,0.1223540643455231,0.5325817722133207,146.926177198746,12.121310869652094,3.3083931760712466,0.008796815665490398,0.38327275221248813,False,False
07149000,11.191117897733129,0.10323847194681068,0.527214404768314,112.31141796780389,10.597708146944031,3.0182180830882124,-0.023183771940653797,0.3567876595104596,False,False
07151500,33.827803740025985,0.03260281192811576,0.5082857727269773,1107.0122461557912,33.27179355183293,6.636685186553846,-0.26305763817542616,0.35072102003163513,False,False
07167500,1.821056163513848,0.04714095772757909,0.5120697287175229,3.1599145593532847,1.777614851241203,0.1464748422858054,-0.1769387575037551,0.7475650262472585,False,False
07180500,0.013615273534355384,-2.4326126741962883,0.22560058220771967,0.000636322886053093,0.02522544124595431,0.021281500236408766,-17.611447779168152,0.382769539403625,False,True
07195800,1.8564633046412093,0.08938464597016271,0.523391585800259,3.1383957519353847,1.7715517920555934,0.3771719676397541,-0.12616254784718017,0.4383352939073784,False,False
07196900,7.52270178647804,0.1290234405850016,0.5344802397271464,49.28947120143751,7.020646067238934,1.3936017493396806,0.007414733425947229,0.41454687676298735,False,False
07197000,33.991319370558806,0.16639277640378702,0.5453730696145068,963.1579492845875,31.034786116301614,9.222807936741251,0.07808707344440557,0.43438059339682095,False,False
07208500,0.22740458861864968,-5.571833898282123,0.13206840158325148,0.33984824039718875,0.5829650421742189,0.39297095602895243,-8.962977342127765,0.024006064682979437,False,True
07226500,4.239836807598301,0.017603347018304127,0.5044399154406932,17.659774584011693,4.2023534577676465,1.0023728363062523,-0.6594772592912017,0.1672594790861288,False,False
07261000,19.498667728721525,0.09151880062635376,0.5239768672220585,345.4027742813853,18.585014777540138,6.308946969412347,-0.09879411482606293,0.4104423043177689,False,False
07263295,7.495237567559418,0.15209671451683682,0.5411538622480095,47.63400780782226,6.901739476959577,1.6527560454251278,0.00362047351106054,0.487171314736596,False,False
07290650,65.22699982780013,0.12227859045082945,0.5325603654059065,3734.3197225302793,61.10908052434007,22.300257952465874,-0.019152825284131314,0.43503685110779144,False,False
07291000,30.30047686384978,0.13093292181333893,0.5350262768365617,797.9069082663776,28.247246029770366,6.753490292982475,-0.01216066971773877,0.46099384926805187,False,False
07295000,37.711019889191604,0.07169330055337642,0.5185897037473216,1320.1644712952261,36.334067640373355,6.986371444147454,-0.11428604521642316,0.3421096042336081,False,False
07299670,0.45327173196855014,0.040190288108677974,0.5102536199981099,0.19719795678828383,0.44406976567684026,0.03003355561839721,-0.1254127480475733,0.45752670353393726,False,False
07301410,0.10535004107689389,-0.6884926128010338,0.37195564355973426,0.01873995671725751,0.13689396158069758,0.09357004874201992,-2.6422248938724606,0.30786633723414986,False,True
07301500,12.827051075239709,0.0328122571625965,0.5083398895916434,159.1345323275344,12.614853638767848,2.836309235000287,-0.2404348557587337,0.3149918647717572,False,False
07315200,0.14520195540053366,-0.006217576995247942,0.498450423058161,0.02121469680729685,0.1456526580852435,0.040076905766962746,-0.4764033255736859,0.08949578450866126,False,True
07315700,22.68102199112246,0.049806451803239615,0.5127696176231566,488.8068873922729,22.1089775293267,5.720783437136768,-0.16746184773219963,0.25888581518349013,False,False
07335700,7.506796126657926,0.11997340572043513,0.531907369312084,49.5912481572669,7.04210537817114,1.603407439264836,-0.07785302223911739,0.5139632772798644,False,False
07340300,3.947146871728213,0.08203081070856033,0.5213848092989609,14.301930986113742,3.781789389444333,0.9294179558777269,-0.19539397337189368,0.6066950584551635,False,False
07346045,18.428286936704158,0.1863863858505158,0.5513853624598876,276.3046148544512,16.622413027429296,8.236222395913144,0.11627963970608646,0.469993354105741,False,False
07359610,0.057707591935203306,0.23953781672461472,0.5680326504597072,0.002532465433996178,0.05032360712425311,0.021712939814412722,0.17690229007023295,0.543443248991305,False,False
07362100,32.11294177393338,0.17877125814701833,0.5490798475882634,846.8847731016555,29.101284732837062,11.16698611345349,0.14674874569522245,0.42774151149804596,False,False
07362587,6.683669231749336,0.07692593082909438,0.5200007716973324,41.23504272678557,6.421451761617895,1.1210992670918245,-0.15932685516423484,0.4860394538198489,False,False
07373000,7.82238204688866,0.1482921691944986,0.5400419998034978,52.11571334220495,7.219121369128306,1.9592251728094894,-0.01998405396115821,0.4895493912169833,False,False
07375000,0.7912370509137828,0.021844497867096413,0.5055214309096385,0.612380190236805,0.7825472447314635,0.28360922881206685,-0.13056956011633813,0.306791741859105,False,False
07376000,35.50085438585452,0.075402621389,0.5195891936222574,1165.2799344368657,34.136196836157154,9.04777341483004,-0.10554934485184453,0.3336821464398832,False,False
08013000,1.804821547556155,0.03989423304925532,0.5101765511131874,3.1274301090186643,1.7684541580201236,0.28574306728910087,-0.27298720365663653,0.3082289109200648,False,False
08014500,1.6414974380323621,0.05383023315669311,0.5138297886632999,2.5494675308659063,1.5967052110098177,0.521907312277552,-0.10898926011870458,0.2750431178663218,False,False
08023080,8.999039654947088,0.1715867327154703,0.5469223057460917,67.08715528756746,8.190674898173377,2.4041997287689414,0.02105287575743431,0.5102886448913306,False,False
08025500,27.606296447458302,0.09991638003073733,0.526292627066685,685.9605706048374,26.190848985949984,5.980955516205407,-0.0942196817497516,0.39527441445126094,False,False
08029500,22.221011488858185,-0.003875379803393919,0.49903302873959804,495.6869108621655,22.264027283089767,5.5301136892989025,-0.35063247297204625,0.3348101968741812,False,True
08050800,3.0231415001661284,0.031099655355578015,0.507897722055911,8.855152820980779,2.9757608810152707,0.5212718912259284,-0.3100180589262065,0.28956458871876767,False,False
08066200,21.180390463851687,0.08961077872771972,0.5234535396582799,408.4087437255711,20.20912525879265,3.6526831660615526,-0.05848446221146553,0.33393869319158265,False,False
08066300,0.5607246364438551,0.05809900860262984,0.5149593127713537,0.2961450855715734,0.5441921403066874,0.13376819353454505,-0.16573153512552619,0.2919854798295421,False,False
08070000,0.4257774469697738,0.01914277664706332,0.5048319425603681,0.17781610862623043,0.42168247370056827,0.13206769360565784,-0.15803793845808434,0.23351249471613061,False,False
08070200,69.80413825931916,0.05351058758266258,0.5137454093614123,4611.8810809635215,67.91083183825333,12.733358879592819,-0.17573173054439373,0.3218672487310009,False,False
08079600,0.5870657098804576,-2.7177201948277645,0.2119667887672402,1.2812979434387402,1.131944319937487,0.7183035411754249,-9.891975328473931,0.13042801881229252,False,True
08082700,0.4317234996941226,-0.0063394827463711945,0.49842013707029936,0.18756676582212306,0.4330897895611522,0.08252397332721373,-0.16157951380961633,0.1214421481810251,False,True
08086212,18.253069597383668,0.08281777360560438,0.5215988267743745,305.58177529649777,17.480897439676767,3.271400560989708,-0.07565614501411266,0.35019467014821326,False,False
08086290,11.914235713754676,0.12271491286934333,0.5326841441693088,124.5297519245437,11.159289938187989,2.347994836025447,0.00020817115920590545,0.4125518976003352,False,False
08101000,0.08882160845366988,-0.06425960238320005,0.48443519354130365,0.008396240003911884,0.0916309991428222,0.029116579711388278,-2.3683370013753793,0.07036888262437418,False,True
08103900,1.5588637590435306,0.012091318918419525,0.5030412158851887,2.4006736345225734,1.549410737836347,0.32499763614832017,-0.31042364352945073,0.1447367039386661,False,False
08104900,2.5779316591928736,-0.14430025068939023,0.46635260135724976,7.6047123810587,2.757664298107857,1.3816275559064775,0.04049001080057202,0.19876883081889304,False,True
08109700,10.60077705796851,0.18705815610902365,0.5515896736399319,91.35553817273981,9.558009111354718,3.2024522188362554,0.14454516276844842,0.44057211382265354,False,False
08150800,12.33772049661018,-0.01834944733411281,0.4954543433104835,155.01248794444737,12.450401115805361,2.064713017258883,-2.2062168730896525,0.061553692450039714,False,True
08155200,5.877002529096275,0.11309374749123613,0.5299680355981837,30.632995831372497,5.534708287829856,1.0913100694504012,-0.030170683907924767,0.38834884424579774,False,False
08158700,5.494560817982822,0.12554835967865408,0.5334893568278803,26.399868672104837,5.138080251621693,1.2508694950703814,0.04431342934950633,0.36139780481895917,False,False
08158810,2.0504894898736055,0.08032029500284166,0.5209202334102294,3.8667998936066073,1.96641803633068,0.1758142227473469,-0.13839051687256143,0.5171793349434437,False,False
08164000,0.030998732910298046,-7.81915373696838,0.10184177035899486,0.008474513926535344,0.09205712317107972,0.06775349993480598,-3.40389652752813,0.13805436145443203,False,True
08164300,19.547063828129023,0.10428949725632142,0.5275067045061422,342.239969711582,18.499728909137612,3.609361015110703,-0.037107707290367165,0.35135529878957655,False,False
08164600,6.995620053124588,0.1119715904141868,0.5296530470213504,43.458955863974005,6.592340696897726,1.4297775806181185,-0.030161419044741455,0.3810215250542503,False,False
08165300,7.587305957261683,0.0025784096139256363,0.5006454345007424,57.41877983703256,7.577518052570548,1.1326251568845886,-0.5477448040826209,0.10135836724240577,False,False
08171300,0.030864131557791784,-3.165125514605167,0.19360613738666177,0.003967676143578681,0.06298949232672606,0.030287011176277828,-0.8391690861427665,0.1229571866679114,False,True
08175000,0.34351326591028175,0.0551154354557849,0.5141693333528773,0.11149766730302879,0.33391266418485654,0.036358860709329636,-2.329345747757987,0.4391338742228148,False,False
08176900,0.42134494645578763,0.03419092265231094,0.5086963996265705,0.1714615959340509,0.41407921456413493,0.04283282851106428,-0.20832594694207196,0.2635159883305454,False,False
08178880,13.383811925178168,0.022727474263213532,0.5057471779856813,175.0553305106626,13.230847686775878,0.7605575167396453,-0.6636806115507508,0.2040301605327183,False,False
08189500,0.6412453454237111,-0.03651735401927669,0.49103436218031576,0.4262113680693289,0.6528486563280412,0.1738850625124505,-0.43971810170161874,0.22963425912248364,False,True
08190000,33.640056846820315,0.035588787579565406,0.5090583853712877,1091.3792513134858,33.03602959366464,5.341637113743969,-0.18790823862550066,0.21702804661582284,False,False
08190500,0.04846534126804653,-0.06319169334344221,0.48468593743680727,0.0024973195968386944,0.04997318877997175,0.019441541320245528,-1.216141707496003,0.2229552105687183,False,True
08194200,0.07386319327279428,-0.6516535082410451,0.377123178760766,0.009011043841588996,0.09492651811579837,0.04753917360138017,-37.6396598505548,0.04509181770639521,False,True
08195000,19.18632768065511,0.01990940348701631,0.5050273971105357,360.7862164228497,18.994373283234424,3.1758447149309728,-0.19055848996399138,0.1451509048363322,False,False
08196000,4.597554821271971,0.06172632617489271,0.515923016189215,19.832769477162394,4.453399766151967,1.2345647167376563,-0.051866063676548,0.27217475996319235,False,False
08198500,5.692080406365059,0.05890433077025237,0.5151729591961911,30.49129203266069,5.521892069993825,1.5302916272507692,-0.11704504929887727,0.2526072473057462,False,False
08200000,6.68858983250075,0.03541545518949807,0.509013471902507,43.152844443265025,6.569082465859675,1.0476396952735227,-0.6408391524777324,0.20538341648849953,False,False
08202700,0.06345403093829524,-0.09856774572291949,0.47651547205854805,0.004423288597816535,0.06650780854769262,0.0213506793361537,-0.0822724517561737,0.17404831398059994,False,True
08267500,0.015538872568228003,-7.795365051365046,0.10208909976873641,0.0021236985953299544,0.046083604409051536,0.043069903944381864,-2.430666428694991,-0.09438408216385107,False,True
08269000,0.536366064792815,-0.5723534460260777,0.3887490661692927,0.452348091561887,0.6725682802228239,0.5335729056685301,-0.8570475283969754,0.35083067772360294,False,True
08271000,0.44338547661061134,0.11893339377909051,0.5316132861499331,0.17320948400810063,0.41618443508629754,0.17692073484494844,-0.002713717045388586,0.39315788227596615,False,False
08324000,3.393064183909879,-0.17541405171214697,0.4596826058069064,13.532406283017336,3.6786419074187333,2.1940783546101095,0.19670438194235484,0.2561671466991576,False,True
08377900,1.448640843006409,-0.18714430992858122,0.4572172011972332,2.491293909721107,1.5783833215417309,0.8980455020502931,0.1019337513544003,0.18632833700552903,False,True
08378500,4.463837088375021,-0.16234274375906432,0.46246137569365064,23.16065734073977,4.812552061093965,3.050225837416733,0.10849025554430136,0.21163453072448474,False,True
09034900,0.01887479411058415,-38.20121707176512,0.024874868793520653,0.013965741417877776,0.11817673805735956,0.10932827842850719,-19.99487427702727,0.26176605104489425,False,True
09035900,1.3221864159978551,0.27441628387370054,0.5795140453949483,1.268448705079749,1.1262542808263811,0.6062465928978431,0.22069260551778758,0.5742023650949805,False,False
09047700,0.2568256284954102,0.24221029282427553,0.5688962655303744,0.04998335702742388,0.22356957983460962,0.1478642342936909,0.21273861197200516,0.5548208523832937,False,False
09065500,1.2850741647092776,0.17519618894616218,0.5480041163562085,1.3620938877747124,1.167087780663782,0.6295375772206958,0.07606164867428222,0.572896692206659,False,False
09066000,0.16532947289662747,0.04126861037027241,0.5105345252005364,0.026205805237902235,0.16188207200892332,0.1041652194520661,-0.005588962475188142,0.29743994758046605,False,False
09066200,0.4004769627571623,0.1642758280553095,0.5447441479950886,0.1340349450771661,0.3661078325810117,0.17314200467559426,0.06298220626745565,0.49071547439411384,False,False
09066300,3.834944708355713,0.47676334728240066,0.6564968077782954,7.695137283548086,2.7740110460393064,1.5393521557383654,0.46201479414043367,0.7095201163455755,False,False
09081600,10.812655485466342,0.5755207413244982,0.7020109235776534,49.627363724586615,7.044669170698268,4.096185430309597,0.6288961626223655,0.7601419153414806,False,False
09210500,2.5429430462091953,0.1981908821715579,0.5549977464900443,5.184946236794875,2.277047701914669,1.3420351100699617,0.42196482053920004,0.497228408997103,False,False
09223000,4.505801762588624,0.30882967324862165,0.5913064959701197,14.032312437116056,3.745972829201522,1.6927864289715602,0.21371705377785666,0.651862901972942,False,False
09306242,0.029336874515129573,-3.188491925049905,0.19273423076405416,0.003604834816432874,0.060040276618557264,0.03776403959449269,-1.4524032187151081,0.10542425682027762,False,True
09312600,0.18581487404812647,-1.0091008366224834,0.33232518758741025,0.0693685609447462,0.26337912017611836,0.19955552142362964,-0.8753076885985891,0.18095710588469732,False,True
09352900,0.032092987847940325,-6.164390743513594,0.12248311373319257,0.007379034951711715,0.08590130937134612,0.08095960352099264,-3.2193550518940945,0.530616036381238,False,True
09378170,0.14332943140728566,0.010056419583602483,0.5025268102278303,0.02033673360256693,0.14260691989720178,0.04502241433459022,-0.2975046268265571,0.17143482409049834,False,False
09378630,0.10629688467127221,0.024262024005567095,0.5061399902973863,0.011024890409743556,0.10499947814033914,0.0399182840525436,-0.2790669182000385,0.21264115444203469,False,False
09386900,0.06576887766446417,-106.68658537272002,0.009200767478071832,0.46580319991992875,0.6824977655054475,0.503590019927254,-13.799929069599292,0.15994054061909246,False,True
09404450,0.6316102145271915,-0.17262527450679177,0.4602726534270897,0.46779711642126987,0.683956955093864,0.28975898425095026,-0.15845289061526002,0.048916152528922986,False,True
09430500,7.361422364544138,-0.9536135491243385,0.33856832770030837,105.86737167253985,10.28918712399283,7.69114207543757,-2.0918468473189002,0.21737078626128956,False,True
09430600,0.9068341628624733,0.0532247144401623,0.5136699687002797,0.7785789508758132,0.8823712092287538,0.40259808170112066,-0.029860334513934328,0.25227009619477986,False,False
09447800,1.582936270419768,-0.12029082520975565,0.4716334137327941,2.8070984215717516,1.6754397696043124,0.4602534404281281,-1.0350763014860354,0.07307553912260178,False,True
09480000,0.9506939608326588,-0.0020308216831144144,0.4994928095858666,0.9056545024010478,0.9516588161736578,0.2102059578294396,-0.4104592589632552,0.05644556169409845,False,True
09484000,1.688438755267226,0.060758771738215755,0.5156656043747265,2.677612778703949,1.6363412781886146,0.3514672059246361,-0.2512989100668983,0.40085277477298636,False,False
09484600,1.5951559944444926,-0.7138048975832698,0.36848632740346665,4.360815373775528,2.088256539263203,0.9746860584803848,-5.645536687044762,0.03542124435689497,False,True
09492400,1.3814409857838572,0.056508854002520925,0.51453797567303,1.800538875767256,1.3418415986126142,0.6382801778534908,-0.045942763508468154,0.24524954966532922,False,False
09497800,15.03043357542461,-0.2806183504672295,0.43847757332792237,289.3095288218337,17.009101352565153,11.461237296493128,0.05384386301590027,0.3027326852691187,False,True
09497980,3.860935305405576,-0.01957453483323368,0.4951537973727595,15.198615527911047,3.8985401790812735,1.5973644953649244,0.013367878295236224,0.4362075212772745,False,True
09505200,0.13638157826350444,0.0614907581509353,0.5158603211229166,0.017456210791722118,0.13212195423820416,0.03412731108735059,-20.549530428278388,0.618204100601631,False,False
09505350,5.5421337503658314,0.06788156392299294,0.517566615652408,28.63024753777243,5.350724019959582,1.2091673942695909,-0.12365203742756203,0.3220093459479355,False,False
09505800,4.2711590586365595,-0.0947091304280796,0.4773932502006317,19.97055940072901,4.468843183725404,2.0449516092360813,0.09572981120725654,0.43442198137523913,False,True
09510200,3.1884345848942712,0.04229956412183811,0.5108033801665023,9.736092864516527,3.1202712805966932,0.680535881709456,-0.03166585630655816,0.3119042480579115,False,False
09512280,1.0191031575031686,0.06471284780411446,0.5167191849877905,0.9713623426805547,0.9855771622153968,0.21086370519728656,-0.6908116332805627,0.32372292438380706,False,False
09513780,1.355433074097657,0.00809589718392878,0.5020322005392939,1.8223250456179638,1.3499352005255525,0.1392013806211846,-0.47520587988388674,0.14603588125974895,False,False
10023000,0.4522712635647541,0.03795200485094352,0.5096715281544527,0.19678623997823738,0.44360595124303437,0.2305683426351202,0.06609435034315458,0.2608345631296096,False,False
10166430,0.26839953066516237,-0.4371508821022525,0.410315178819546,0.10352991797542153,0.3217606532430924,0.18493050188004972,-0.06581691988895777,0.27468514946178585,False,True
10172700,0.04605426605748588,-4.983808443465947,0.14318834889230106,0.01269163031527688,0.11265713610454013,0.0812664277344779,-0.6566969439280272,0.18859616951423877,False,True
10172800,0.18904978035822292,0.02771284452441103,0.5070255602607037,0.03474936739364717,0.1864118220329579,0.11729974534125012,-0.1543311405859329,0.37306513599481,False,False
10173450,2.3199732188608557,0.3052511163008901,0.5900579192696153,3.739330059507709,1.9337347438332149,1.138679879603207,0.26787759620398544,0.5839741748608052,False,False
10205030,0.461804452459795,-0.44593893520174843,0.4088409508545302,0.30836578455912195,0.5553069282470028,0.41465392793939065,-0.16491902465268526,0.5862518590316721,False,True
10234500,1.9897273258171229,0.38712208774717083,0.6200097306827297,2.426392744264614,1.5576882692838814,0.808606576917205,0.410154035739105,0.6293173107108958,False,False
10244950,0.029876464861432365,-5.428560263962444,0.1346155869329373,0.005738153158397412,0.07575059840289984,0.06057801766049794,-1.5737765265930101,0.24761373695616104,False,True
10249300,0.2528444334268237,-0.2504580779217076,0.444353978334712,0.07994216945606493,0.28274046306827916,0.21163048286334746,-0.13356936485453463,0.27807794334724284,False,True
10258000,0.602422447643712,0.31434744675911086,0.5932420640762346,0.24883209164349332,0.4988307244381538,0.1875142952660766,0.07081812857463765,0.5823811753997695,False,False
10258500,1.6710423498540574,0.15042854069868694,0.5406657823200604,2.3723285051923515,1.5402365094985742,0.35256719443988827,-1.9898196275621571,0.5591286800615627,False,False
10259000,0.37452389868373265,0.3236771184256382,0.5965437869945581,0.09486655986456376,0.30800415559625777,0.04785516039838013,0.23255819358007246,0.6924090825958165,False,False
10263500,0.4689702651948348,-1.0194255016398999,0.33118883027810536,0.44413853025574757,0.6664371915310155,0.2877603902954205,0.18545997114213197,0.25390281687206684,False,True
10310500,0.4425503565928473,0.09922790415339333,0.5261019993849386,0.176416951911636,0.4200201803623678,0.1729010104131102,0.07175470573645559,0.3823534483470406,False,False
10316500,0.05521256280030752,-0.5889023035412915,0.386264092944769,0.004843652827032466,0.06959635642066664,0.05432951443097323,-2.0109120372962876,0.30251087797353643,False,True
10329500,2.2093797082426447,-0.0682024517607247,0.48351165967754706,5.21427932613014,2.283479653101849,0.8792182083397018,0.01707236496030884,0.17071302120563314,False,True
10343500,0.0619118920749027,-0.09164392906696173,0.4780928465420398,0.004184361110061921,0.06468663780149592,0.03054900834390761,-0.2809921317066044,0.08425145801158235,False,True
10348850,0.6256559173941547,0.2849579501295634,0.5830760826392247,0.27989986900906194,0.5290556388595267,0.2542016022305393,0.4112700764195891,0.555314762307605,False,False
10396000,3.348662401308736,-0.1716515911869172,0.4604790216157324,13.138361840824931,3.6246878266721025,1.7289683189799396,0.36942330350690744,0.6423597866916595,False,True
11098000,0.06291729870446466,0.11479718497500768,0.5304469057811919,0.0035041518923112636,0.05919587732529406,0.03353098424619428,-9.613121736376431,0.6098006269777975,False,False
11143000,0.17649695407003202,0.31854216348010433,0.5947220193577347,0.02122821218153458,0.14569904660475502,0.04971996209165967,-1.2091812950580816,0.6037412434169753,False,False
11148900,0.7538236758857088,0.3898027134206268,0.6210419110346115,0.3467446900639933,0.5888503121031636,0.11363880097725945,0.30966344561298187,0.7063680234195445,False,False
11162500,3.893335237761307,0.17538204565377324,0.5480599363927157,12.499607830049847,3.5354784442915004,1.6515067189597885,-0.2875773646457731,0.5795103511497071,False,False
11176400,0.016219204627256463,-4.171689406578342,0.16203018883842565,0.0013604780551748547,0.03688465880518423,0.03393441242167563,-41.10418689044607,0.3009583983461528,False,True
11180500,0.6354109810500282,0.2132896692208066,0.5596878144001636,0.31763202626610265,0.5635885256693066,0.17348720344957785,-1.1495086396230914,0.5027743388905161,False,False
11180960,0.438293422708853,0.19274982528995066,0.5533268243620103,0.15507366622569635,0.3937939387874023,0.06359532707319118,0.07964869574636602,0.5019849819478168,False,False
11224500,0.023676990569064856,-164.73625852913145,0.005997495738608554,0.09291172704210436,0.30481425006404206,0.17664143071613497,-134.62234393709497,0.1694157264039577,False,True
11264500,6.613238785421634,-0.152583123375732,0.46455813442956684,50.408139030827265,7.0998689446233625,2.9003068123139966,-0.44198649699742343,0.0950253067815523,False,True
11266500,32.62160398423281,-0.17453292064108417,0.45986887138281873,1249.901578246315,35.353947138138835,16.935961030013928,-0.34390681985921656,0.10272403083441903,False,True
11274630,1.3381328296120614,0.037947574518772065,0.5096703773115198,1.7226505628764146,1.3124978334749413,0.2586605028075292,0.04851774278989118,0.2543264800645958,False,False
11284400,2.1399378756518574,0.23222576108434645,0.5656830934550763,3.5158947623120973,1.8750719352366452,0.5903711140676188,-0.05296013052660942,0.497265145314023,False,False
11299600,1.5649962093601217,0.357569174611427,0.6088536482280256,1.5734500160707339,1.254372359417543,0.40316309754056856,0.17773258141725035,0.6131705026467694,False,False
11381500,13.399060770271571,0.22619605598591963,0.5637601626575603,138.92475917467377,11.786634768867396,6.701493303078148,0.5240704607076965,0.5699139330042329,False,False
11383500,19.503562273653497,0.22877203110305833,0.5645800639783058,293.36659063768906,17.12794764814772,9.359348939876865,0.2585687075506967,0.48870199027045286,False,False
11451100,8.89404993100743,0.2802338011750315,0.5814743891833964,56.93647476900034,7.545626201250652,2.698434621608285,0.389195281998048,0.5699848035848183,False,False
11468500,13.568487704837437,0.0918566189053226,0.5240696322444662,167.19270061824272,12.93030164451869,7.891621352403245,-0.2975563642481236,0.5382539130816567,False,False
11473900,84.35367148744878,0.07986590529489035,0.5207969603568641,6547.252698431326,80.91509561528879,36.26831555976621,-0.06787831629360186,0.30890520813687466,False,False
11475560,9.438631471256413,0.3848896642335826,0.619152746320251,54.798804457592965,7.402621458482999,3.356483930938872,0.41404658810957673,0.6427603800226029,False,False
11476600,5.660433134009039,0.48263975129785786,0.6590392761740921,16.57648273750873,4.071422692070762,2.085727675435674,0.5421148436157306,0.7137327292415953,False,False
11478500,3.347192260869651,0.4736965860708541,0.6551777260497053,5.896543469858502,2.428279940587267,1.3219026406571897,0.44754538886031037,0.7147764251426597,False,False
11480390,14.475099081270487,0.22959082985518542,0.564841177318463,161.42267273169264,12.705222262191741,6.113374658125062,0.2759745594454437,0.5797992119522413,False,False
11481200,0.1508865766657692,0.2398754351091391,0.5681416076719584,0.017305572792467763,0.13155064725218102,0.06296541345298523,-0.13252995120051136,0.5632304519824335,False,False
11482500,0.2581076105121575,0.2990030740115259,0.5878905392018187,0.046700091772381706,0.216102040185607,0.09682265869267695,0.3041059364561789,0.5564358782679661,False,False
11522500,66.0388976806957,0.1290864721849473,0.5344982465158881,3798.1723450343275,61.62931400749425,29.201478737536775,0.029243714951071254,0.39899568693711296,False,False
11523200,11.752117271350409,-0.4902423966484377,0.40156733390527677,205.82074588478247,14.346454122353107,8.733987641409874,0.21268403514974743,0.42001692910888394,False,True
11528700,2.320556635967511,0.24737254103083317,0.5705719118358241,4.052886147696471,2.0131781212044975,1.0864638196503957,-0.1515298689728466,0.6984234049383397,False,False
11532500,6.266471317623166,0.1558619694187412,0.542258759060897,33.14817165810522,5.7574448897149875,2.8677525332362617,0.3680465372291235,0.577251505551715,False,False
12010000,0.37009453731510256,0.4785490561993455,0.6572673302906198,0.07142311833009178,0.26725103990460314,0.1652967501215743,0.45437555787271255,0.7277155551731919,False,False
12013500,31.72653337907591,0.3842457209911483,0.6189059889808416,619.8015827806008,24.895814563508477,12.263799316608287,0.42229071149181396,0.6242981342731396,False,False
12020000,29.090706942086374,0.39558367108592996,0.6232796201200708,511.4989415054722,22.616342354710504,8.757573135191338,0.37516290141203,0.6515903046943615,False,False
12025000,74.85811610211698,0.1395769739504722,0.5375121604054895,4821.5848168247285,69.43763256926843,34.545252629045805,0.03252559783429432,0.4732297037950425,False,False
12025700,0.40881053786183436,0.13971103530574291,0.5375508961127189,0.14377670157515476,0.3791789835620571,0.16328665435363643,0.24114624166717902,0.4305474995610812,False,False
12035000,88.86946419248362,0.09168346541938543,0.524022080131359,7173.685673607476,84.69761315177351,37.50213766797648,-0.02436543184623985,0.49936726905097684,False,False
12040500,179.82971788790206,-0.0677361150693172,0.483620706100825,34529.2271984184,185.82041652740529,72.91654404694133,-0.2737071248197309,0.3406044532605555,False,True
12041200,80.59319341037316,0.054459280709314384,0.5139959241585983,6141.535482664369,78.36794933303007,34.332718754955685,-0.05130888063464134,0.4293576024242977,False,False
12043000,50.806926724544034,0.199116335316321,0.5552829533692548,2067.356084909865,45.468187614087554,17.379485027768943,0.06713020088287125,0.6289450997774114,False,False
12048000,11.41558798557632,-0.10695384663863639,0.47461884444947217,144.25340900023065,12.010554067162374,9.338762519116854,0.30943248800304235,0.48379335342833263,False,True
12054000,12.319230853856011,0.3256707330248301,0.5972540883828615,102.3385352035608,10.116251044905953,5.628309076637648,0.289363548381703,0.6342226065210658,False,False
12056500,21.21188856650328,0.3407033528536657,0.602664991651616,296.6467133794104,17.223435005230822,8.698333039473695,0.26113769836829825,0.6739659201566992,False,False
12073500,0.6072880699887023,0.31623935519466106,0.5939086431822446,0.25217010525765954,0.5021654162302095,0.24897368860046892,0.29168827325244084,0.5884130904097539,False,False
12082500,20.17843184210264,0.2434869316545335,0.5693097409983644,308.02875395684146,17.550747960039807,8.864136450122501,0.25012207473595205,0.5063525693515639,False,False
12092000,15.46276301560286,0.2334706613487335,0.5660817389896811,183.27489600346487,13.537905894320025,7.426704218231296,0.4103222681144665,0.5233459061909825,False,False
12095000,9.234353939078826,0.2929567007575835,0.5858082219963598,60.29191018820276,7.764786551361394,3.946867177587327,0.41960742527445993,0.5532886118415881,False,False
12114500,0.9134900220888873,0.25964389242548647,0.5745950473283726,0.6178005340957506,0.7860028842795366,0.4834646222799151,0.30683335464468,0.5195957694194466,False,False
12115500,1.4306816116848602,0.27461251000033415,0.5795799527908909,1.4847592925165596,1.2185069932161077,0.661873925683904,0.2594611355443739,0.5474903778489154,False,False
12117000,14.770617408638994,0.2759060692763491,0.5800148020823156,157.97639734278135,12.568866191617339,9.032926250620998,0.4459853575582763,0.5878885689955549,False,False
12141300,42.5866725109592,0.25170343258515615,0.5719853362628695,1357.129119297181,36.83923342439662,19.611936605354135,0.1994823802796345,0.5376837041786414,False,False
12143600,14.227296102830854,0.38267760023664954,0.6183059111444458,124.9559027191314,11.178367623187716,7.013438392848996,0.440665671483249,0.6369715217110236,False,False
12144000,15.524958352508943,0.3659151713930926,0.6119633341510927,152.82987214938635,12.362437953307849,7.989587579072998,0.49280302517158237,0.6502651241236594,False,False
12145500,6.146940675097474,0.4794406263210894,0.6576527147246836,19.66927329199163,4.435005444415106,2.0994447667331615,0.48552526984379374,0.7050933834734016,False,False
12147500,11.83957596469585,0.4653743883582008,0.6516247301061027,74.94144398033215,8.656872644340574,5.533919325342862,0.472128794381071,0.7073988093153213,False,False
12147600,2.3935565345074328,0.38257682599938414,0.6182673873322525,3.537287060975006,1.880767678628864,1.0588008360335524,0.3311255514168956,0.6647448409093663,False,False
12167000,72.7861117738463,0.09755369303234906,0.5256390134836031,4780.996349690389,69.14474925611047,32.03406545407351,-0.014050706818603098,0.47136796608372694,False,False
12175500,17.563717985175547,0.32210998122778656,0.59598661939222,209.11835298585427,14.460925039078733,9.435695283711034,0.4259103156317082,0.5749166106473116,False,False
12186000,32.151870092158156,0.2998967650752543,0.5881995748595022,723.7266436511561,26.90216801023955,16.144744607105615,0.2520328052178531,0.6313103268431685,False,False
12189500,112.53622114487096,-0.4214703298317348,0.41297222917841364,18002.070365479212,134.1717942247148,84.63455080650485,-0.4654200602933136,0.07410915167809477,False,True
12358500,106.10429772785702,-0.08641215923963164,0.47929168528448296,12230.960627007076,110.59367353970605,57.79896991036042,-0.1593874545407965,0.5102956896427624,False,True
12375900,0.7479773831032251,0.34225571620602624,0.6032293459105549,0.3679883033989976,0.6066203948096351,0.38658743959854325,0.3518647745667506,0.607330616886205,False,False
12377150,2.188988334962389,0.16005675733081992,0.5434950257211814,4.024730779309755,2.0061731678271832,1.062967157422207,0.05036063029473281,0.4997712581099787,False,False
12381400,1.594750901325303,0.286196584311165,0.5834974950134911,1.8153665730127504,1.3473553996673449,0.6808611164681605,0.26229251152655486,0.568680858893258,False,False
12411000,25.136059106943218,0.32974607705448344,0.5987113613458759,423.4808171446377,20.578649546183485,12.775682181213124,0.31779557976286066,0.5959863611251771,False,False
12414500,72.47651447107923,-0.017193252371869194,0.4957383229515435,5343.158642208734,73.09691267221027,40.506131308818816,-0.05096321078812038,0.5789715720981269,False,True
12447390,0.041478463173572046,-0.00847942313972827,0.4978890938483022,0.0017350514402280786,0.04165394867510257,0.03062485960415668,-0.13027224987616792,0.2953049986798529,False,True
12451000,44.46925289387775,0.2602136099043936,0.5747832065435613,1462.938278502115,38.24837615510121,24.127925016162667,0.1867066482291334,0.5899569866518884,False,False
12488500,8.92261586488459,0.36790774725269615,0.6127104630983318,50.322807212073414,7.093857005330275,5.234151139979658,0.44494141396547693,0.6288086108757008,False,False
13011500,26.39118677869437,-1.9270491024622096,0.2546441294490086,2038.674302380508,45.151681058189936,37.37264061427719,0.09393244720694671,0.3608915953222092,False,True
13011900,23.53915258290757,0.4340995442298735,0.6386101979312531,313.56074801392873,17.707646597273413,10.85356555462643,0.4630771843803779,0.6732228517693803,False,False
13018300,0.05917644318372744,-0.5140059355660709,0.39777153500428514,0.0053018238472761796,0.07281362404987256,0.059074082884935014,-2.131633034604712,0.20121304362187503,False,True
13023000,20.88174323275532,0.4246783496682154,0.6347909963589887,250.8673949789603,15.838793987515599,9.94548756008444,0.47096799588450733,0.6987374546225946,False,False
13083000,0.2975182280176595,-0.6463899457677929,0.3778732614969452,0.14573365688751974,0.3817507785028339,0.15119510879344483,0.1475064911853703,0.15143624104148382,False,True
13161500,0.2792402491049451,-0.28605769541914783,0.4374342791102,0.10028049890920893,0.3166709631608319,0.19297208327286436,0.18315076276265319,0.38985432939108233,False,True
13235000,1.3453883989869522,0.4148833305074745,0.6308683892146245,1.0591020972570917,1.0291268615953486,0.5976333784573955,0.33954869867860926,0.6755778379314616,False,False
13310700,1.6501858034553545,0.49029384750869553,0.6623805555470569,1.3879875447964727,1.178128832002881,0.8302642506665477,0.5122012559409491,0.7626530853400697,False,False
13313000,8.989166774851146,0.33677396855463804,0.6012411909708922,53.592058597845586,7.3206597105619915,4.234151232140059,0.4230510669159707,0.6144175572853746,False,False
13331500,16.82177734673654,0.5620237448806289,0.6954217751787471,123.93510143824575,11.132614312830825,7.815421290297604,0.6094128792314839,0.792781298072389,False,False
13337000,103.64032767401437,-0.041333651094248136,0.48987582185007056,11185.295391056869,105.76055687758489,60.32451196115465,-0.14053832531550814,0.4704672867993303,False,True
13338500,0.05581799087457593,-0.2628061271379212,0.44192915513483966,0.003934459517345967,0.06272527016558771,0.032530835323020146,-2.3423515575046525,0.13287399564754962,False,True
13340600,4.6074132273311585,0.3553892701011572,0.608046622717528,13.683962011951534,3.6991839656810166,2.301202669844579,0.5106306970059773,0.6561555687196491,False,False
14020000,0.040222592500700524,-0.4777795237231799,0.40358715956186947,0.002390835869295405,0.0488961743830272,0.03664794835537507,-8.481795571421914,0.42986994719435623,False,True
14092750,2.186479634071254,0.06924682872954702,0.5179325948443171,4.449645347657495,2.1094182486310045,1.2765976162397983,0.2370473539033393,0.565346114827253,False,False
14096850,2.0272082597611747,-1.098428516374645,0.3227442539710622,8.623645862539409,2.936604478396675,1.2488696966975625,0.11188997800231326,0.18619928761077603,False,True
14137000,37.46362907636158,0.27073840888899015,0.5782815076332803,1023.5357833760357,31.992745793008073,19.560557252158947,0.24163866055380934,0.5550619094633842,False,False
14138800,0.7379197725067119,0.23785434003721484,0.5674899769756372,0.4150078156574149,0.6442110024343072,0.35966221950018434,0.1674437876848851,0.6084993488903011,False,False
14141500,4.794014454737719,0.46577122520015335,0.6517932764821587,12.27795266615536,3.5039909626246697,2.125876244513256,0.5995105138978867,0.7060946036887485,False,False
14154500,0.06662761558422284,-0.43554684504714825,0.4105854100213957,0.006372735768306828,0.07982941668524722,0.054772665477399826,-0.42866810572532676,0.45271596814787546,False,True
14158500,10.17351393295139,0.331986306167787,0.5995154618320483,69.13967499387901,8.31502705911887,6.018613824725529,0.6169082228898105,0.6572960620113704,False,False
14158790,3.0263405673814323,0.33810952036202635,0.6017243688752824,6.062080977896304,2.4621293584814556,1.4633956996688278,0.48807756885163267,0.6408695812054501,False,False
14166500,0.1264946246319035,-0.5308429093851619,0.395125274781649,0.024494849093375397,0.15650830359241455,0.10077840656812717,0.023324701494986888,0.5254533059146732,False,True
14182500,46.76236275288991,0.03703356822180126,0.5094330620285374,2105.7365788802676,45.88830546969748,32.396326004462416,0.01042690692069681,0.4603449012906547,False,False
14185000,26.83399753890747,0.31318889760790924,0.5928346087963766,494.5475539734083,22.23842516846479,13.06035026138037,0.35213504973927356,0.5806918230828456,False,False
14187000,7.679358005961136,0.32480359663289415,0.5969449301526814,39.81804648931234,6.310154236570794,3.5857815665989285,0.4277567306297063,0.6012697925629331,False,False
14216500,23.757599776407265,0.38221719806204524,0.6181299484715082,348.69116042940425,18.673273961183245,12.972783713429925,0.4687795921419773,0.6446217167165408,False,False
14222500,28.639474326010404,0.3674592733227633,0.6125421459073382,518.8222320308263,22.777669591747667,11.60636115674942,0.3726156846106491,0.6200536609574825,False,False
14236200,31.073700084151806,0.2536075214163537,0.5726089709290416,720.6977957865815,26.845815237883567,14.17442857741859,0.24923570137214845,0.527005846904685,False,False
14301000,107.36258912143798,0.026778817724966153,0.5067855590558001,11218.053460580788,105.91531268225944,64.54943332121898,-0.08868443156518979,0.48692850045188296,False,False
14303200,0.5643983183045328,0.20608934947180035,0.5574413640420495,0.2528966347250101,0.5028882924914937,0.2373481468988117,0.33824734214530994,0.4813187732314434,False,False
14305500,48.50774343944676,0.25265464819162364,0.5722967122469935,1758.5044898800413,41.93452622696531,23.557067302278718,0.20128509522045945,0.5401469311177898,False,False
14306340,1.0617739698764335,0.41073670029991405,0.6292223574210218,0.6643142088634918,0.8150547275266194,0.3533836178343713,0.39528578507505185,0.6627681364188778,False,False
14306500,53.71535880930867,0.2658990097483933,0.5766676829213427,2118.130783846923,46.023154866294455,22.481620614012765,0.21123931666886797,0.5603034638063973,False,False
14308990,0.06929184468529828,-1.0499624579280513,0.32787288820575705,0.009842607213784767,0.09920991489657054,0.05291329450849012,-0.441172535831456,0.26547074692066136,False,True
14309500,12.606250650202147,0.1838354126766626,0.5506108901031924,129.70288106695298,11.388717270481035,6.649282335135268,0.1434501651047979,0.5847158680383909,False,False
14316700,27.612826725821254,0.049433349358970924,0.5126715355619161,724.7768428948925,26.921679793335567,19.25732372557865,-0.038308096661369584,0.49745353248358815,False,False
14325000,0.8594778445625298,0.2569183342781267,0.5736965855732662,0.5489160354589103,0.7408886795321618,0.441550029855387,-0.10260620617621319,0.5952430464861584,False,False
14362250,0.560039049862738,-0.9118808242678345,0.3434206481480714,0.5996494471316145,0.7743703552768627,0.4674979397490211,-1.0247209720465036,0.2145006258895207,False,True
14400000,94.69190928279777,0.13474589113855118,0.5361199823923186,7758.350878096785,88.08150133879863,32.76949278933767,0.0028975614823624207,0.4683621927229266,False,False
394220106431500,16.840084159118057,0.11793264669389825,0.5313306127133903,250.14409983544468,15.81594448129623,12.50486996624272,0.11487632894202593,0.6671781730880536,False,False
