basin,std_obs,NSE,NNSE,MSE,RMSE,MAE,KGE,Pearson-r,low_var_flag,neg_basin_flag
01013500,22.67940341600964,0.683520529849216,0.7596016669257016,162.7829052528244,12.758640415531131,9.354267890390581,0.7535666571250293,0.91443120751794,False,False
01022500,10.991757631823756,0.6742066723613526,0.7542653739109447,39.36193798935137,6.27390930675216,3.4877803842203363,0.6158835036142448,0.8707207739878643,False,False
01030500,99.94551761307223,0.7907224084027468,0.8269399904112732,2090.496148633445,45.72194384137058,21.694784259412447,0.6911727513161182,0.9115297960751606,False,False
01031500,26.878528724023617,0.8050130164990493,0.8368291988171305,140.8693809029832,11.868840756492743,3.714719418953566,0.6851007480066538,0.9178056863606346,False,False
01047000,32.39637096101579,0.7603916226547922,0.8067063907244947,251.47494663790658,15.857961616737082,5.445727212155024,0.6510405243394358,0.8932390886815128,False,False
01052500,3.5046616758806803,0.7449240484092441,0.7967645294554023,3.1330095199778,1.7700309375764594,1.4182948915131055,0.7934049446090452,0.9449455192499769,False,False
01054200,12.764782617661401,0.7895946466481824,0.8261695119166735,34.28337995150891,5.855201102567606,2.03806160206297,0.6603639571490438,0.9180638107783302,False,False
01055000,0.13454440773655302,0.08995704252580405,0.5235484343882929,0.016473777489082225,0.12835021421517856,0.04548727883502224,-0.07660968430229187,0.5208655289187809,False,False
01057000,5.736393024294093,0.7172956665531536,0.7796028858129984,9.302726730766317,3.0500371687516066,1.6362022274028891,0.6076736458605878,0.886541858770692,False,False
01073000,0.5719339811571569,-5.541273217628181,0.13260360301791477,2.1397059316484177,1.4627733698862642,1.4062752730706505,-1.5157940893116155,0.5034362668278449,False,True
01123000,2.246446498355376,0.4968498867304988,0.6652695503743804,2.539158050493995,1.5934735801054232,0.9645140563832741,0.3209755252427188,0.9061974162027376,False,False
01134500,3.826007438809261,0.6088427016423679,0.7188259740149994,5.725890758160182,2.392883356572188,1.3384737685334411,0.4499001914718813,0.891295262224677,False,False
01137500,0.1846225802767279,0.16082873351114613,0.5437231530422348,0.028603569810620292,0.16912589928990857,0.09722764781902692,0.12105199045130688,0.6327304084631905,False,False
01139000,4.5943351729462725,0.7527798617399886,0.8017830768793498,5.218301833129266,2.284360267805686,1.2700686590968864,0.6601620811189144,0.8920802809402936,False,False
01139800,0.9456430164745946,-0.13077087763223183,0.4693137166916915,1.0111813576708244,1.0055751377549191,0.9102448934700329,-0.8039730122193078,0.8169487120442126,False,True
01142500,1.873326094975751,0.42557393363730867,0.6351520858075249,2.015862494029526,1.4198107247198573,1.09604243669141,0.27868850652466093,0.8203376759256148,False,False
01144000,30.787593389274758,0.8428943215829492,0.8642252982182447,148.91668737780137,12.20314252058876,6.57040620683179,0.8289885773269973,0.9262570253601229,False,False
01162500,1.4017285489034685,-0.04664010206794633,0.488605690365194,2.0564833993716922,1.4340444202923743,1.2992822332363554,-0.08118948544052262,0.8408301945233596,False,True
01169000,7.445569587563618,0.8165950164720969,0.845019257075337,10.16733155840538,3.18862533992399,1.973128000302072,0.6930823283850243,0.9310567342134013,False,False
01181000,8.413099761785636,0.8119180782348192,0.8416928005387542,13.31248499195389,3.648627823162276,1.9692394618126512,0.6663568453672173,0.9307160378987384,False,False
01333000,3.4480524377803854,0.2863029649057064,0.5835337165912623,8.48519087852726,2.912935096861456,1.2289438960471204,0.19887543484860137,0.674886381781658,False,False
01411300,0.18439511412586798,-0.7111703988573597,0.36884439296823857,0.05818245975883559,0.24121040557744516,0.2119847510649818,-0.09827767327862325,0.3943202584234218,False,True
01413500,0.560647662258042,0.1115350195462338,0.5295306030825718,0.27926746681519216,0.528457630104053,0.15983097647856323,-0.09548223175015713,0.6689430852235525,False,False
01423000,21.4791491272772,0.8056135314391032,0.8372499407205182,89.68094512037558,9.470002382279299,5.108477510603138,0.7077027210857503,0.9255367373993947,False,False
01434025,0.49329044847219516,0.11192501934541566,0.5296399826522281,0.21610013975242848,0.4648657222816375,0.31224001834160775,-1.219134173652709,0.7550797641378674,False,False
01439500,8.310973873234664,0.788161511559472,0.8251924736990855,14.632168812232202,3.8252018001972394,2.0164045258895253,0.6679210016477752,0.922446533466812,False,False
01440400,0.01145941999381803,-1.6677979586232974,0.2726431529983589,0.0003503307102632527,0.018717123450553312,0.015332276634620272,0.1843675927984969,0.23785929097591293,False,True
01451800,5.505915556685523,0.6486222132663049,0.7399855242678055,10.65205489211213,3.2637485951145395,1.2619867268548945,0.4471953348616069,0.9268441616609194,False,False
01466500,0.12680552144331358,-82.90902997436291,0.011777310379142666,1.349227017267434,1.1615623174274525,1.1489997981360862,-6.483265940028976,0.3693031551514738,False,True
01484100,0.04503032874455597,-74.65673482194272,0.013045168207630903,0.15341146924656798,0.3916777620015821,0.3782395339855652,-3.570768921413076,0.14572717267069749,False,True
01485500,4.510602232307596,0.7544191049065336,0.8028382611993753,4.996474082036182,2.2352794192306655,1.3245327072099127,0.5889804322569794,0.915039553657904,False,False
01486000,0.2897382795267029,-5.8150844871182805,0.12795766976650283,0.5721145568438541,0.7563825466282614,0.7314146912428809,-3.7814622154059307,0.6158975119296857,False,True
01487000,2.7631728307974814,0.6619445509724,0.7473531838510327,2.581095303592344,1.6065787573574923,1.0888937482159369,0.5164593457179516,0.890619800040266,False,False
01491000,7.795501135523845,0.8237831932404,0.8501833966774665,10.70866679154404,3.2724099363533354,1.762934867179049,0.6830553343737396,0.9384419570671546,False,False
01510000,11.508916541359378,0.7448373656917935,0.7967095041441848,33.79760754208158,5.813570980222188,2.8128364575633102,0.6105721324533557,0.9044361007471896,False,False
01516500,1.1714554748390007,-0.2603536160047317,0.4424086536369213,1.7295932612554406,1.3151400158368844,1.1525193311202206,-1.2104902568842926,0.816624335584522,False,True
01518862,0.46423966744978795,0.2734676977287618,0.5791956505444519,0.15658112934385798,0.3957033350173561,0.10125322956062711,0.12567374741143678,0.8456551421037223,False,False
01532000,18.367043078383105,0.8164331982826964,0.8449037253740506,61.925943253685475,7.869303860805317,3.243611360255678,0.6667049468339683,0.9249317723324569,False,False
01539000,0.5279809454295035,0.2548662874583999,0.5730219941391238,0.20771636388552323,0.45575910729849733,0.1168797482130333,0.1364693630631354,0.6708083647236589,False,False
01542810,0.5535799228850836,-2.2139507038682464,0.2373070000752591,0.9849175426673443,0.9924301197904789,0.9551090407540843,-1.7663529861149887,0.6211374512938598,False,True
01543000,19.658447540859715,0.8085054439499277,0.839282055400323,74.00394434648199,8.602554524470158,4.696071072667254,0.6558236519559348,0.9289143752654732,False,False
01543500,46.88806974720484,0.8074988784949165,0.8385736348305289,423.2119994080359,20.572117037583563,10.074402406990357,0.6567589317842888,0.9314962929697614,False,False
01544500,0.12012171793265579,0.08719183185230894,0.5227915776668663,0.013171116374365828,0.11476548424664024,0.024992882735504904,-0.07170546994880755,0.5767636493895663,False,False
01545600,2.002935115977121,0.5017251354500984,0.6674342763538326,1.9989537288543793,1.413843601270798,0.7481735403304116,0.34936404598190196,0.8837281003228441,False,False
01547700,3.301186362324797,0.6864773776215614,0.7613115929356946,3.4167166783896215,1.8484362792343212,1.4185363086819618,0.5044087554513949,0.8815295625850258,False,False
01549500,3.022075556423599,0.650709952665121,0.7411304944961259,3.1900452784883924,1.7860697854474759,0.9843072975119919,0.5026537045968276,0.8891073224162002,False,False
01550000,16.159303613366163,0.8626949340052718,0.8792715603753718,35.85352355404059,5.987781187889266,2.9145425112997145,0.7134539413117289,0.9457750341339419,False,False
01552000,41.44400482856814,0.8377489099151201,0.8603992790636741,278.6833705892038,16.693812344374898,6.579624251439946,0.6885648047356536,0.9383481153131887,False,False
01552500,1.007593641894773,0.4985528369828788,0.6660241030330528,0.509091698534274,0.7135066212266526,0.43372662935540923,0.4070097606237022,0.7759424146554682,False,False
01557500,3.551160998212344,0.7151086808829822,0.7782759406353558,3.592691617198698,1.8954396896759067,1.2517839729133484,0.5708901332752948,0.9055013569117466,False,False
01567500,0.06543953820071052,0.16801232151199996,0.5458551996514153,0.0035628484242358955,0.059689600637262565,0.010432318940366466,0.06927282825356451,0.6625713783669258,False,False
01568000,0.9722060085691924,0.2262194137603044,0.5637675864521314,0.7313654343874889,0.855199061264387,0.21230004495216093,0.05848548446177615,0.7193518980619613,False,False
01580000,0.46184509882303787,0.03652163166661815,0.509300237847188,0.20551079857430454,0.45333298862348914,0.20195742052049415,-0.0713329226480206,0.6001919739282282,False,False
01583500,3.7094197247710436,0.6749883793195053,0.7547103620769934,4.472093173896976,2.1147324118897353,1.314638083575538,0.5702655995856338,0.8513127619315789,False,False
01586610,0.07131865650578632,0.2687839189223754,0.5776286455111561,0.0037192214739473857,0.06098542017521389,0.017205410167615332,-0.16855537474893434,0.6237693742940498,False,False
01591400,1.7711727227789522,0.3091061452052012,0.5914031783629354,2.167370511301439,1.472199209109093,1.2438485348117756,-0.31822474896320063,0.8708297532433094,False,False
01594950,0.27709779705904575,-0.89981823731341,0.3448492002472777,0.14587410303771248,0.38193468425597654,0.34570710136055277,-1.3219370106468826,0.6590941943015797,False,True
01596500,4.345465364028981,0.734165604576104,0.7899927538824107,5.019769292498117,2.240484164750583,1.4093506233999746,0.5701158747990458,0.9197904292579435,False,False
01605500,0.31618322132952975,0.197338918567594,0.5547354465573715,0.08024349673936862,0.2832728309234202,0.17020030117139948,0.18859115631747547,0.8160895368057509,False,False
01606500,14.067734764910725,0.882797727888187,0.8950930596567181,23.19446577150754,4.816063306426479,2.926213240558023,0.8420562111517224,0.954301939285857,False,False
01613050,0.32300200897674763,-1.108007650074705,0.3217495297915254,0.21992906590332773,0.46896595388506374,0.4368639969360949,-2.3720694276920935,0.715083830654938,False,True
01620500,0.3583616993990397,-12.09030142787284,0.07097080251397903,1.6810971887379818,1.2965713203437679,1.2572128578106585,-2.5076086860984867,0.3567206776156917,False,True
01632000,18.00309707189282,0.9087010292775596,0.9163391763652078,29.59104673093558,5.439765319472484,2.535986039286298,0.8507170953236407,0.956799808418067,False,False
01632900,0.3402927699571713,0.19226479845392586,0.553178363260695,0.09353506534138784,0.3058350296179099,0.10784225474647229,0.06798503485050411,0.7354655506013424,False,False
01634500,0.5301823293355626,0.3068797374003851,0.5906254990207259,0.19483146353267403,0.4413971720941062,0.15001733032970146,0.1920634683764525,0.7354875284390792,False,False
01638480,7.096634438185672,0.7927991721977361,0.8283625863813583,10.435093746323142,3.230339571364463,1.697723545753493,0.7248066606779313,0.9041202053185371,False,False
01639500,0.46631702215985465,0.11058013650119602,0.529262986654651,0.19340574139868139,0.4397791961867698,0.04610926819600743,-0.06548776134791856,0.8550513043721781,False,False
01644000,0.05967516196605954,0.17708396028723716,0.5485716172411156,0.0029305068454467203,0.05413415599643833,0.015162345718860347,-0.06516179136075739,0.517064079705424,False,False
01658500,0.4804124452722128,-9.458562755948007,0.08727097990373284,2.4137956794603808,1.55363949468993,1.5204767792007088,-5.908751067613006,0.48867070886531433,False,True
01664000,35.30975349245684,0.7899213775587879,0.8263925842955563,261.921550040987,16.183990547482008,6.817457844481779,0.622181145968089,0.9301413839308085,False,False
01666500,0.9392471731115363,0.17579066347962413,0.5481827002965952,0.7271053214021841,0.8527047093819666,0.1977546363063347,0.05075534735813314,0.5466689110998921,False,False
01667500,27.433811331375633,0.8018066965969943,0.8345898755734037,149.16305567292667,12.213232810068211,4.231070334027184,0.6558600981167904,0.9251058692397234,False,False
01669000,1.880781838247254,0.3775413110591327,0.616348512794982,2.2018482198424887,1.4838626014030034,1.3265040090979894,0.06286332721111976,0.8865185103301106,False,False
01669520,4.947379134754661,0.7883710421442907,0.8253351766779811,5.179948948817538,2.2759501200196675,1.5685552620608316,0.6151684334276024,0.9438683420548406,False,False
02013000,9.98011162955851,0.7616329761389005,0.8075150425776876,23.741982038105903,4.872574477430376,2.1580800110586367,0.6338692282876126,0.9054627891106012,False,False
02015700,4.160355248730112,0.5229033179733126,0.6770037548442157,8.257854540771817,2.8736482980301914,1.2606394445145812,0.4052372098082181,0.8189840014538959,False,False
02017500,7.465936455730077,0.7072693329895424,0.7735563373866418,16.316868021540433,4.039414316647951,1.6642398920404373,0.5646201817171634,0.8886340640835027,False,False
02018000,20.152330942570646,0.8781073205090721,0.8913508558178327,49.502621351761675,7.035809928626674,3.438076716709609,0.728241490157046,0.9569649958798699,False,False
02027000,7.864520190563131,0.8101345797043618,0.8404311806553185,11.743304941340641,3.426850586375286,1.6291614566886676,0.6513776639048421,0.9358936842830885,False,False
02027500,3.979181056029739,0.7551320591560039,0.8032980585250027,3.87721005070626,1.969063241926541,1.200685206256032,0.5996123046194288,0.9256831483435476,False,False
02028500,0.011954534419572836,-0.4398685978364014,0.4098581378057689,0.00020577290739123556,0.014344786767018726,0.009287923100655173,0.35536695984647426,0.41046549483009,False,True
02038850,0.7130920648890231,-4.535693297736922,0.15300595582510954,2.8149016638999345,1.677766868161347,1.6286537947342832,-6.833501395421759,0.6928211199957237,False,True
02046000,4.579460591467296,0.6863769528704862,0.7612533916675467,6.577132971179087,2.564592164688001,1.9259634227888764,0.47178392691366045,0.9341550197573287,False,False
02051000,9.527548896010941,0.7258502118279723,0.784837080603106,24.885724402333647,4.988559351389301,2.1576453765753754,-0.2161347820962416,0.9246495079016512,False,False
02051500,0.6632401944220827,0.12633105629824126,0.5337122138686496,0.3843160959586495,0.6199323317577892,0.30050883400027006,-0.030702912374977576,0.6241886800783625,False,False
02053200,0.12727912686407103,0.2783221488728862,0.5808287533845776,0.0116911639656196,0.10812568596600718,0.03189318736460199,0.13132478930443547,0.7856175924815608,False,False
02053800,0.08650568722314948,0.3503465931511116,0.6061879397504266,0.0048615084116415755,0.06972451800938874,0.037465070537176175,0.36028318899266765,0.6363237872048139,False,False
02055100,1.0621183036877722,-1.7899753668318827,0.26385395766725533,3.147358073408811,1.774079500306796,1.7184969669119095,-2.395352950549443,0.8241060212696778,False,True
02056900,0.055053917187331734,-0.006959241810321037,0.498266222436076,0.0030520267988786375,0.05524515181333686,0.023457115233053227,-0.2668093284827824,0.5045150278890459,False,True
02059500,14.929774254241774,0.8613356751190675,0.8782219466694609,30.90802277412715,5.559498428287138,2.007546949746213,0.721159942090388,0.945394517264094,False,False
02064000,0.28803161814008976,0.12623353971983875,0.5336844378410329,0.07248959923230777,0.2692389259232546,0.05471772524817772,-0.06745114155718901,0.621931521564028,False,False
02065500,0.1541084994431476,0.07956730166208503,0.5207159828435927,0.021859751571283757,0.1478504364933826,0.03618340065992972,-0.07055360633764618,0.3884134358969865,False,False
02069700,5.157641209240952,0.7542844528291826,0.8027514806820308,6.536343854966482,2.5566274376542393,1.4241684028839487,0.5905383172950104,0.9254958861796899,False,False
02070000,7.74698652220714,0.8351142673200135,0.8584532988479109,9.89574918427326,3.1457509730226993,1.5573445533848629,0.7259700173137142,0.9330447199779153,False,False
02074500,0.02933944502735298,0.26743522244834605,0.5771789966855576,0.000630593983493854,0.025111630442762056,0.006391105799119485,0.20609587097650073,0.5438365823485124,False,False
02077200,0.44409185105016125,0.2988980164092634,0.5878542319309806,0.13826963104674633,0.3718462465142634,0.15051675818380914,-0.5887092816242196,0.7181814318268241,False,False
02082950,11.588617540186206,0.8323994481682254,0.8564572862107364,22.508093177009606,4.744269509314327,2.6429722392371087,0.6386137212479772,0.9671764365411796,False,False
02092500,0.06332915370273966,0.3198552192659535,0.5951868026296551,0.0027277762168832925,0.05222811711026248,0.024439394808014388,0.05046016282571564,0.7340780234274449,False,False
02096846,0.782555000100143,-0.4454470559979624,0.40892318545490247,0.8851806878860267,0.9408404157379862,0.8894439849780195,-4.550342905317518,0.8698887970607097,False,True
02102908,17.237600075562376,0.8789666980345862,0.8920341601331413,35.96321279487831,5.996933616013964,1.6246131705544968,0.6617164878683154,0.9771327260691729,False,False
02108000,0.021899176343657303,0.5843007725012295,0.7063647281681296,0.00019935850995592396,0.014119437310173658,0.007543913921031102,0.6135719730636646,0.7980222380460742,False,False
02111180,8.887779393401548,0.7764272458282906,0.8172787409580269,17.66059818180478,4.2024514490716935,1.8207936170632242,0.7057281739054586,0.9010648056954285,False,False
02111500,0.07921667936868633,0.05618160552044771,0.5144513514431193,0.005922726856043716,0.07695925451850294,0.03706458554190512,-0.03837296987008165,0.6754791714078955,False,False
02118500,13.342891848359695,0.9233706722906883,0.9288247814386108,13.642530929497624,3.6935796904219655,1.711901172572261,0.810852838320664,0.967679104010504,False,False
02128000,0.07263169318470476,0.392484029568003,0.6220778010256808,0.0032048671841615646,0.05661154638553485,0.005623921767510192,0.24056239534684587,0.7806405321151688,False,False
02137727,0.01322786137965635,-1.381068749155144,0.29576446803984047,0.0004166306394876028,0.02041153202206054,0.010056192303866894,0.09116066661389621,0.5144260317216314,False,True
02140991,0.01489550578448907,-0.20206101285492273,0.4541200239967567,0.0002667086005698955,0.016331215526405117,0.007460358207170501,0.3021664849446689,0.36337531701276204,False,True
02143000,8.19295202089484,0.8636910314262174,0.8800423367731857,9.149666292611531,3.024841531818077,1.4941798273381215,0.7395376173727999,0.9482429755687404,False,False
02143040,2.859823729632575,0.6940169423480406,0.7657067173581182,2.5025105154101315,1.5819325255554142,1.20113510976505,0.39164039686677843,0.9216191181046368,False,False
02149000,0.08421614867426952,0.166282983341842,0.5453404156233668,0.00591302096808849,0.07689617004824421,0.020741347522163965,-0.07150395792127684,0.6557408539875664,False,False
02152100,0.3026926682223145,0.23581816757730167,0.5668349949090734,0.07001651847123953,0.26460634624143,0.0834919775814052,0.10707495810079015,0.6553067494894939,False,False
02177000,0.05351513734874234,-0.39661328498592563,0.41725546890051246,0.003999718784361766,0.06324332995946502,0.04777707164179449,0.15650667674354557,0.5262407631520543,False,True
02193340,2.8632998194991535,0.5509064662085261,0.6900865794242796,3.681886984964893,1.9188243757480499,1.5929669930730204,-1.4069173626922975,0.9205029196780782,False,False
02196000,0.04220425674681008,0.11603625883249236,0.5307957781503225,0.0015745155859881843,0.03968016615373711,0.0068985589544837,0.052370720594784315,0.3432807902111416,False,False
02198100,0.09658467424716626,-0.0845562667091353,0.4797184014508221,0.010117390829816579,0.10058524161037034,0.07364016249176979,-0.692961663230099,0.5088646569412251,False,True
02202600,12.889609566433151,0.7568886476744519,0.8044331653228425,40.39101475228918,6.355392572633824,2.4527629033490843,0.5506536258753649,0.9345437014249625,False,False
02212600,0.02924020542263453,0.20930349294954997,0.5584419224936962,0.00067603730068834,0.026000717311034708,0.010227390062787242,0.0412135685412367,0.48372202060057007,False,False
02215100,2.9250885686360757,0.6150493462459732,0.7220473865183679,3.2936928931870075,1.8148534081812249,0.7250613749413845,0.45270969077621137,0.8940709067708307,False,False
02216180,2.081755186617429,0.09869819863241303,0.5259554265823081,3.9059758139569216,1.9763541721960975,1.850730879052188,-0.9251567908025771,0.8902472762106226,False,False
02221525,0.07901150246698312,0.2228933167492838,0.5627124186887765,0.0048513352187308754,0.06965152703804042,0.021386788786622674,0.09427513284180922,0.5992148289696134,False,False
02231000,0.0499937562863878,0.2308277121479705,0.5652360750089017,0.0019224505004670764,0.04384575806696785,0.024828990587793347,0.05513447675820993,0.7068473683305292,False,False
02231342,6.829464428966318,0.9259192708135654,0.931028713975208,3.4552425817637444,1.8588282819463837,1.1603193410281387,0.8836565364710751,0.9652359535960993,False,False
02235200,1.6556586319797948,0.5674047518575883,0.6980338663671122,1.1858324759256633,1.088959354579253,0.7611241226655169,0.4043792047599867,0.8929843513730565,False,False
02245500,1.0011917013458997,0.10744423873837738,0.5283860166600197,0.8946843486305314,0.9458775547767964,0.12395852176276936,-0.11680005931851101,0.44419111771385666,False,False
02296500,35.291380110797625,0.5612589587048352,0.6950521124356006,546.44385466603,23.37613857475246,1.954189349939682,0.5415574169425771,0.7650849433082599,False,False
02297155,1.0910765474685085,0.3652345038252428,0.6117085308809941,0.7556553359793744,0.8692843815342447,0.2828436280892786,0.17831654649753792,0.8442609648978581,False,False
02297310,1.171683440612549,0.20612178608021536,0.5574514436043628,1.0898694224382068,1.0439681137076011,0.09235007653993506,-0.06987622057777032,0.7186587269627053,False,False
02298123,12.180776641559284,0.9805318478522895,0.9809036191010999,2.8885154241649875,1.699563303959281,1.2345446987887798,0.9117268952734169,0.9915615654292679,False,False
02298608,0.4632650797234788,0.3943642328710216,0.6228062556105673,0.1299782379913529,0.3605249478071565,0.05393295253361551,0.2623151216231946,0.7873144025162124,False,False
02299950,7.483267107728334,0.9507116650048909,0.9530268913212125,2.7601115977043715,1.6613583592062164,1.4188608227803274,0.8007700021275383,0.9785324876157557,False,False
02300700,2.594051223394781,0.7351111086237938,0.7905832732169814,1.7824643024081628,1.3350896233617289,1.1884599655600605,0.43022389747171264,0.9177951003712533,False,False
02310947,4.119269066289179,0.544271180333081,0.6869411297557515,7.732978713761647,2.7808233877327857,1.5262977380252314,0.3644587424867818,0.9061700155754369,False,False
02312200,24.65617945501694,0.9072489319535029,0.9151215031870822,56.38589573274523,7.509054250219879,4.622582150446987,0.7781855395563609,0.9698764950058348,False,False
02314500,29.35871457263223,0.6770230580059664,0.7558710724714277,278.3848467162912,16.68486879529747,6.479614304896597,0.5789972592627246,0.8634634336381899,False,False
02315500,53.1749334050253,0.7022234864136294,0.7705486958124452,841.9849914330892,29.016977641254943,13.153603499239237,0.5735851741299502,0.9000752067636432,False,False
02324400,4.984335844388184,0.8213766031420859,0.8484474367859104,4.43764890267241,2.1065727859897008,1.3160422380032066,0.6305877925353031,0.9587678296020397,False,False
02327100,8.297275244638296,0.6903062828966278,0.7635372964998896,21.320794732879524,4.61744461069968,2.1018136335725677,0.49105528361903605,0.9131386636317833,False,False
02349900,2.306876841459622,0.5499204468383121,0.6896173370761937,2.3951796992783088,1.547636811166725,1.3371160541856704,0.19752774176505816,0.9117597036739095,False,False
02350900,17.98008583324991,0.8341385687385274,0.8577348672714826,53.62026178587075,7.322585730865208,3.61150814651075,0.7179250181225495,0.940825979866487,False,False
02361000,1.423736787120914,-0.12055842255485127,0.4715738974053819,2.271401548964367,1.5071169659201527,0.8004247968880994,-0.03463049443298161,0.4811318530649298,False,True
02363000,27.452306791604244,0.8805469523899793,0.8932933829917677,90.023298517888,9.48806084075603,4.186554880157901,0.7248939276374304,0.9574356998799566,False,False
02369800,0.060879239570317094,-0.1258474335488562,0.4704006431593333,0.0041727078645404396,0.0645965004047467,0.03137326211548679,-0.20897633940358395,0.3531492043540809,False,True
02371500,25.09529890845942,0.7803543550059641,0.819910278124176,138.32712242788173,11.761255138286973,4.850118846147826,0.6101064195603942,0.9270303486021092,False,False
02372250,0.11307840639609541,0.10204724553072442,0.5268835052111874,0.01148187582613053,0.10715351522992855,0.022499021749525044,-0.0827712874489055,0.46217990516019286,False,False
02381600,0.5060094399815567,-1.948521662701919,0.25325934246381054,0.7549558606922975,0.8688819601604683,0.8326430666219887,-1.141899411386511,0.7377606989356729,False,True
02384540,0.4748067424825588,0.18648349708218825,0.551414888362513,0.18340033408366258,0.42825265216185476,0.2539179052789602,-0.49886506979234313,0.5965428138404744,False,False
02395120,0.3785183617805407,0.2507774179724074,0.5716825350155614,0.10734572719958152,0.3276365779329004,0.11235123736832892,0.14332833954164448,0.7859527086188259,False,False
02408540,24.83835612126468,0.9012794161250238,0.9101495090527861,60.90506546224923,7.8041697484261086,3.3056446142088847,0.7677684739329069,0.959611625042788,False,False
02415000,0.09226883146942308,0.1729684471542492,0.5473359222737113,0.0070409639409540065,0.08391045191723143,0.014645840593045472,0.07265311701213217,0.5280948731831264,False,False
02422500,0.0396716716697968,0.09260884674846026,0.5242763123312671,0.0014280898837331463,0.037790076524573835,0.007849882015313274,-0.041739148021557426,0.30735294193645696,False,False
02427250,18.986148377567115,0.8592332373699945,0.8766033800761588,50.74273409220304,7.123393439380071,2.992701983305045,0.757521388724466,0.9376690371682154,False,False
02430085,0.10477181872455209,0.28153651177401195,0.5819151857758261,0.00788666998353815,0.08880692531294025,0.02672965516638936,0.19960631083958513,0.6301518176345177,False,False
02450250,0.8899935964741547,0.16030459278147546,0.5435682429146909,0.6651131610122137,0.8155447020318468,0.19042485692179822,-0.023550854039228852,0.7081950486935943,False,False
02464000,2.4516280722571664,0.19112454420302805,0.5528296582250933,4.861729915118718,2.204933086313215,0.6497050489262715,-0.002647935292521275,0.6615598719093565,False,False
02464146,0.052821756355664315,0.25247047576281767,0.5722363978007823,0.0020857104902060747,0.045669579483569527,0.02621948904527061,-1.2180889429005468,0.6840960434872813,False,False
02464360,0.2813953689737683,0.3225410542849122,0.5961397759118974,0.05364347130215861,0.23161060274123593,0.08982644065131566,0.1906754334126789,0.7743770257576024,False,False
02465493,0.05077010731181436,0.20339703411412313,0.5566060053267894,0.0020533268291332723,0.04531364947930449,0.028173449158674396,0.3476896254227573,0.5045080401746879,False,False
02469800,16.62105945500067,0.89633808156139,0.9060745716539137,28.637601927491527,5.351411208970165,2.403655968727553,0.7488752527421438,0.9611841404928962,False,False
02472000,0.9560012351076899,0.0338763540788235,0.5086150111029644,0.8829774619861056,0.9396688044125471,0.32623274281231907,-0.14510424985172965,0.393825723692321,False,False
02472500,22.36701943478855,0.4414137234827381,0.641607086541625,279.4515300873444,16.716803823917548,7.336556610326795,0.24424335645647532,0.8690932456970991,False,False
02479155,0.10664592169826599,0.16135350550543415,0.5438783382201453,0.00953822230111358,0.09766382288807653,0.026103585216723787,-0.047004561636423636,0.5419604404246157,False,False
02479300,44.509272672944455,0.817981872654331,0.8460107141043535,360.5916260428987,18.9892502759561,6.797673397315707,0.7256395126027717,0.9189087352823353,False,False
02479560,46.08370057762472,0.7734124151062105,0.815269950809579,481.2057441394603,21.936402260613757,7.252020490042922,0.6524252282353644,0.908921084720025,False,False
02481000,8.043894305588799,0.677411189414909,0.7560928929661946,20.872862401855016,4.568682786302308,1.5852545401625624,0.46846112101035486,0.9122177163911482,False,False
02481510,1.6423747792717063,0.11904445402476238,0.531644675037506,2.376285010572468,1.5415203568465996,0.28750996349113883,-0.05909578968038498,0.45844450426188155,False,False
03010655,3.001755595689564,0.41449202664652673,0.630712690699954,5.275741056430232,2.2968981380179296,1.0203179005443164,0.2565276499698331,0.8406777125274361,False,False
03011800,2.4752160282737616,0.5335993895997059,0.6819418874403106,2.857494001657179,1.6904123762139163,1.2396255032505752,0.3781642582594814,0.8774726779429397,False,False
03015500,0.14220673913532272,-0.06996056752929425,0.48310099027325937,0.021637552188127438,0.1470970842271438,0.05956065537765593,-0.2548043524481969,0.44902407923021914,False,True
03021350,9.958549286687564,0.5772002798276659,0.7028396096949447,41.930191455702705,6.475352612460784,3.205545608251084,0.39693520779983327,0.8701536423862045,False,False
03026500,0.6888062816255076,-0.6942758391137771,0.3711572458478966,0.8038561075665567,0.8965802292971649,0.828950312502191,-1.0370194078061021,0.8059825836163753,False,True
03028000,0.24934899333025748,0.17948769071279758,0.5492959288979138,0.05101528757853681,0.2258656405444104,0.07487388716363522,0.011544633909170154,0.7660231407843312,False,False
03049000,11.81876387081587,0.7581960142350255,0.8052800695304431,33.775949531490106,5.811707970251955,2.9169008462288564,0.6042503011853313,0.9073148148228198,False,False
03049800,0.5734911304759633,0.24067071568645948,0.568398428262497,0.24973738524327668,0.4997373162405192,0.15511181060503576,0.08693202225338947,0.8080344994742681,False,False
03050000,0.18156471775230495,-0.0024350083875428474,0.49939198816007924,0.03304601860226935,0.1817856391530127,0.06908797578546862,-0.19500873665255547,0.5115898333152167,False,True
03066000,0.056408065812454375,0.22772481908460873,0.5642464617055089,0.002457279143946715,0.04957095060563914,0.010200514769958995,0.0646314602293716,0.533108048780187,False,False
03069500,68.01034186884806,0.787865999805257,0.8249912962092794,981.2060048222439,31.32420796799568,11.335439310339954,0.7206031466235006,0.902386355638275,False,False
03070500,16.900208590043196,0.7044890220427054,0.7718961992717008,84.40297388113135,9.187109114467475,4.815522503170775,0.5491627088623048,0.8953389698005354,False,False
03076600,23.988267910957042,0.8193125261562235,0.8469641815919831,103.97425741064494,10.196776814790296,5.523767265368591,0.7668917303593843,0.9227038502628377,False,False
03078000,6.037966962778752,0.767015444555917,0.8110401671980643,8.493928432289842,2.9144344961398327,1.6109928108529812,0.6412310428674053,0.9069809834327085,False,False
03140000,0.5233860998859718,0.4553343083736967,0.6473892735632321,0.1492019121079216,0.38626663343851175,0.1813823066482887,0.376299042949663,0.736242208255804,False,False
03144000,10.055194962243503,0.8136222730385814,0.8429018661377148,18.844082724931674,4.340977162452214,2.1157754501204082,0.6867551668179729,0.9216418063735596,False,False
03159540,0.012383746324237641,-0.4168658628876274,0.4137589989397335,0.00021728654328533823,0.014740642566907937,0.00824556735885222,0.37018377104906375,0.4946115307036884,False,True
03161000,17.239529406583234,0.8814103828879754,0.8939829091045924,35.24499716685511,5.936749714014825,3.929107970690155,0.7992466253749508,0.9595755120468448,False,False
03164000,0.7219621242215213,0.021631593926693227,0.5054670287546768,0.5099542880595727,0.7141108373772048,0.117083942106567,-0.29625343967923135,0.2423665137843251,False,False
03165000,0.7060560473326625,0.3145172419265664,0.5933018271530913,0.341723534462408,0.5845712398522596,0.14114229713127519,0.08216448196572068,0.837476007725307,False,False
03170000,0.07561409362264691,0.07525370863621672,0.5195489943204139,0.005287228740912973,0.07271333262141802,0.014269241297620952,-0.13981921199581948,0.3529356796959438,False,False
03173000,0.027298534140496388,-0.8913396851268276,0.34586043457434,0.001409445182863619,0.03754257826606504,0.029039948984518442,-2.019015796925087,0.5357708008700012,False,True
03180500,11.230097356906372,0.853814734376693,0.8724593047845455,18.43616744039275,4.293735837285842,2.22281861752813,0.7180581538686636,0.9445149578943304,False,False
03182500,47.252230361640116,0.7433789958358734,0.795784883975559,572.9765196830705,23.93692794999121,7.988638370126245,0.5807611339324672,0.9021060664355368,False,False
03186500,16.987484490129347,0.8586077744353038,0.8761230167879027,40.80220907857143,6.387660689060701,3.067636700021249,0.7297827949611446,0.9414002110829583,False,False
03187500,10.07539767867166,0.8100851789657493,0.8403962891485119,19.27894446611569,4.390779482747418,2.2132616739655746,0.6496946332156578,0.9267942872835462,False,False
03213700,0.6683377920389942,0.03320752668454685,0.5084420514963046,0.4318424188610122,0.6571471820384016,0.1993051121904106,-0.23654790309901008,0.4774159682816786,False,False
03237500,0.2718007235010065,0.024382280905801523,0.506170799307515,0.07207437685256154,0.26846671460827604,0.04640391435214931,-0.38466479013197175,0.2509251382422219,False,False
03241500,0.030496990123909475,-0.05478518136938271,0.4866688786092783,0.00098102026338996,0.03132124300518675,0.015204594001379801,-19.46323994946839,0.418564773006183,False,True
03280700,0.05383633572464092,0.12849884922810817,0.5343304221787707,0.0025259162704102346,0.05025849450998542,0.013562432481727825,-0.2167529133002204,0.6828594779725818,False,False
03281100,20.62762317567726,0.6533082655020747,0.7425604348665737,147.51693013068441,12.145654783941639,4.436997669607456,0.42871482671874117,0.88963794785765,False,False
03281500,74.41530052760494,0.6227291661281892,0.7260736054279029,2089.188910791947,45.707646086753876,16.110427656889367,0.3724287190703881,0.8965830231313188,False,False
03285000,2.1095455128886194,0.06133089775810174,0.5158177838825558,4.177248597084048,2.043831841684645,0.39304635681722633,-0.1975705133879726,0.48874423537931433,False,False
03291780,5.5416472222278355,0.6246006986389899,0.7270615878679463,11.528457712332473,3.3953582597912217,1.2585754002487408,0.39028111077665895,0.925707225990469,False,False
03300400,43.163671009407736,0.7784368524638757,0.8186232549802979,412.79485297646426,20.317353493417006,8.226892886200329,0.6085723008295387,0.9138583791196838,False,False
03340800,10.045374178403781,0.49461627521847806,0.6642824573815098,50.99804039609626,7.141291227508948,2.94099451890441,0.25449190111851727,0.8591156026989452,False,False
03346000,28.911012507748424,0.7472317352505073,0.7982322254946034,211.27550585698125,14.535319255419925,5.246303825184086,0.5530607047007168,0.9007969086383858,False,False
03357350,0.4606058301442142,0.19736496623559097,0.5547434623589439,0.17028522739421303,0.41265630662115543,0.14711285697270532,0.07703535941308493,0.552637969166572,False,False
03364500,10.824079667351329,0.5017607708707558,0.6674501511892637,58.37405717369088,7.640291694280453,2.834012609314011,0.21862063315274238,0.8824432356071774,False,False
03366500,2.0444610112938704,0.08927291384174763,0.5233609798302596,3.8066760421647556,1.951070486211289,0.4459646946639172,-0.19190871725544079,0.49997217366626917,False,False
03368000,2.5814679942745924,0.41549073703189054,0.6311102265989886,3.8951562879002433,1.9736150303187912,1.3251568601137342,-0.5146644724930236,0.8514117346992872,False,False
03384450,7.502152923504085,0.7115171006349992,0.7761065362162175,16.23648065064105,4.029451656322613,1.9399093941070622,0.4485730308598661,0.8822877774842867,False,False
03439000,9.356409661497151,0.868806864370174,0.8840223375676866,11.484962186641393,3.388947061646345,2.2463430743426924,0.734681021928984,0.9568066066962312,False,False
03450000,0.9558371219262043,-1.4145148812005748,0.2928673720257417,2.20596020134914,1.4852475219131456,1.4334037332058744,-2.4473389037481903,0.8373577468899286,False,True
03455500,4.479175966861263,0.8760776771048077,0.8897412033102325,2.4862557133204923,1.5767865148207263,1.0206751943456633,0.8258782296898892,0.9419913804139572,False,False
03456500,6.096149204158132,0.7939839452923935,0.829176358056399,7.656181876250326,2.7669806425507075,1.188596283584513,0.8236296715201725,0.901454258360417,False,False
03460000,1.026423902720849,0.31188392113793195,0.5923763256103123,0.7249619617408442,0.8514469811684366,0.22863292894482706,0.14350281124998465,0.7251648519847894,False,False
03463300,9.679003757472532,0.9110677895874191,0.918330811080622,8.331446382979518,2.886424498056292,1.3716168673077995,0.755579056949795,0.9663082797093488,False,False
03471500,4.687256178765762,0.75782194145193,0.8050375653622945,5.320741669730616,2.306673290635372,1.2943898590906031,0.6364332244319492,0.9085070368898963,False,False
03473000,17.873450518707234,0.848814411714188,0.8686696655828215,48.297783327256134,6.949660662741465,3.456484832875061,0.698725784531324,0.9462342422499708,False,False
03479000,0.03442622112580975,0.054165117616783554,0.51391822042743,0.0011209701155780536,0.0334808917978308,0.016314248401531596,-0.26535826341237234,0.5787486547538752,False,False
03488000,17.269355391098006,0.8184056341113494,0.8463141234157142,54.15700316471781,7.35914418697703,3.2781967619317007,0.648614497571814,0.9314462594961067,False,False
03498500,23.835161671587027,0.8363902013370483,0.8593946193552616,92.94916962732471,9.64101496873253,4.630399409393205,0.6984078968159091,0.9437518373222695,False,False
03500000,11.925101067605134,0.6512223425534978,0.7414120440675107,49.59898548220153,7.042654718371583,4.054260797544261,0.4819264386633433,0.943040314566727,False,False
03504000,6.464663190174106,0.8541952435126852,0.8727490389075471,6.093453452177052,2.468492141404759,1.5136484026691397,0.7340317364249713,0.952875180435358,False,False
03574500,44.753862126510874,0.750445997451471,0.8002855402491201,499.83375186799907,22.35696204469648,8.84345682393706,0.5085154545749213,0.9286300914287824,False,False
03604000,44.719203350042754,0.7904357538070701,0.8267440139268935,419.0880775568584,20.471640812520583,6.549326854806751,0.6350941995412087,0.9203110387182217,False,False
04024430,27.470703674247456,0.773297403046443,0.8151935134754263,171.07874809712,13.079707492796619,4.982944762684204,0.5779333608055449,0.9214383747424693,False,False
04027000,38.915044025098766,0.695958440503863,0.7668467256414633,460.43465494534894,21.457741142658726,5.708050942503291,0.65894417396198,0.8451887146996245,False,False
04040500,0.47279547604161914,0.21273976966255592,0.5595156111156766,0.17598065815895958,0.41950048648238725,0.10942937116822384,-0.002601473963000256,0.621308642036991,False,False
04043050,1.3716006359323183,-0.21340230053916365,0.45179315109431734,2.282759556645516,1.5108803912439648,1.2902073419646893,-0.07120718497400991,0.5175386060681992,False,True
04045500,24.099024096767504,0.716532763381886,0.7791394836341604,164.62727208637776,12.830715961565737,8.495809268312184,0.7308134906852912,0.9040310931199486,False,False
04056500,33.97978088538249,0.6274690542275451,0.7285810225846705,430.13373288770316,20.739665688908854,13.454669935002064,0.7260038497184467,0.8713831290373742,False,False
04057510,5.56090009938297,0.6332190259551583,0.7316461225243773,11.342191765722882,3.3678170623896544,2.3778845534128603,0.6203138919949169,0.8967551528903341,False,False
04057800,0.15382003857143176,0.39851497008100334,0.6244204480953407,0.014231499264906775,0.11929584764318822,0.047418724855222145,0.2950042373779349,0.772454085713463,False,False
04059500,0.1406979684108844,0.3352672237918667,0.6006970093288865,0.013158995739086295,0.11471266599241034,0.06377062695098476,0.262454534577929,0.7619399009857927,False,False
04074950,8.267112496515248,0.7069892694602982,0.7733887866364424,20.0258620461364,4.475026485523454,3.4216192323915466,0.7583809289396547,0.9350297282125013,False,False
04115265,0.7770444768670554,-0.03406983751261072,0.49162520458140374,0.624369422835354,0.790170502382463,0.701254268654287,-0.04556101564351245,0.7809138322656051,False,True
04122200,0.40444480697054125,-0.358558130037397,0.42398785396234606,0.22222696381722284,0.4714095499851725,0.34713321767314387,0.3014967385967321,0.6037325085578503,False,True
04122500,11.134674259807328,0.29931001192825446,0.5879966407833136,86.87222500143623,9.320527077447725,6.559170583076144,0.6370281121924245,0.8068271489290565,False,False
04124000,10.80207917445045,0.12324129519978522,0.5328335483097985,102.30451449893725,10.114569417376957,7.603828333518236,0.6190708861000807,0.844985249610014,False,False
04127997,3.046290327010841,0.04631368536497382,0.5118528970126982,8.850099093606847,2.974911611057856,2.420670134657865,0.624479787726232,0.8230212722422978,False,False
04185000,14.849871609844554,0.7830670658021237,0.82173797084318,47.83776577924874,6.916485074027756,3.915550462317119,0.6682427800586944,0.91355148732518,False,False
04196800,13.390875754510441,0.801966393467876,0.834701125701006,35.51050576150974,5.959069202611238,3.2716066289187284,0.7067537995578947,0.9100435053761892,False,False
04197100,6.823615928512976,0.6964822762981391,0.767154893114993,14.132311618443865,3.759296691994909,2.5616071942513083,0.5739541048188128,0.8891993628675364,False,False
04213000,14.988123228624179,0.7519237352622824,0.8012330882761793,55.728804206651645,7.465172751293277,3.516812765437413,0.6030557974326951,0.9036608860844094,False,False
04213075,3.7196949246932594,0.654639177261529,0.7432950202641609,4.778457355248652,2.185968287795743,1.4595566442414782,0.5205549489868141,0.895187077288801,False,False
04216418,7.054737057738351,0.6606938187814066,0.7466552562985492,16.887036198848396,4.109383919622064,2.0854761612565618,0.4931185816635413,0.9066664041720446,False,False
04221000,0.28234628223117864,-0.023328842303169672,0.49423503441076483,0.08157918493952926,0.28562070117470345,0.1215449905477839,-0.15445256696697718,0.6778498331192544,False,True
04224775,4.783012529942466,0.6766988710873696,0.7556858965439786,7.396227451320989,2.71960060511116,1.5492087755014654,0.4942183265644866,0.9252098336309437,False,False
04256000,6.3422627349990215,0.7099902825204115,0.7751879590130473,11.665436892710776,3.4154702301016733,2.195259972998296,0.6113194684320182,0.900714847588369,False,False
04296000,4.482061498496072,0.6304981622943753,0.7301925214465835,7.422876332032255,2.7244956105731304,1.636767727371178,0.5628610957756766,0.8607703959097746,False,False
05056000,9.61167522751999,0.5485764055688132,0.6889787404840282,41.704453081670835,6.457898503512643,3.03719633143101,0.3741759971021309,0.8501980523113037,False,False
05057000,18.92141222211232,0.8034784297820172,0.8357559319367888,70.35862122014476,8.388004603011657,3.6608250856958766,0.628104857377746,0.9252472382405932,False,False
05057200,0.30716520792691016,0.15350390082138632,0.5415662672912416,0.0798673005449904,0.2826080334049094,0.10111010541029203,-0.09401032599527648,0.7787572238519475,False,False
05062500,0.03025498769476011,0.09832952605405954,0.5258534607865124,0.0008253569445505468,0.02872902616780713,0.009615492312214861,-0.9921298157858811,0.3872284224534675,False,False
05087500,0.2578512908053642,0.5017940614439129,0.6674649821263967,0.03312436180478012,0.18200099396646197,0.10082789590451142,0.43870748357804856,0.7508799348466194,False,False
05120500,0.01861143057456143,-0.228102093071751,0.44881246829285093,0.0004253965709271423,0.020625144143184608,0.009041386693599543,-3.603017268051029,0.08795480083381849,False,True
05123400,1.1520655070184243,-0.27042284254470506,0.4404465905034647,1.6861749840793707,1.2985280066596063,0.9012328811477242,0.0669690213199935,0.6733518797358905,False,True
05129115,10.711109207203524,0.5338649482632398,0.6820654064681259,53.47867716587466,7.312911674967411,5.701906563218509,0.7056149283581508,0.9089079469612354,False,False
05131500,0.015109445779620324,-4.768953800181204,0.14773331736630116,0.0013170253371415917,0.03629084370942059,0.025007724528950205,-15.630346802414632,0.31663943853723353,False,True
05362000,9.706302287218811,0.4625037264767612,0.6504080804751852,50.63876236888035,7.116091790363608,5.470544500061395,0.6521606458431513,0.8824418942969348,False,False
05393500,3.144974439869761,0.6622208655470186,0.7475075475810141,3.340927557734652,1.8278204391391,1.23167664459741,0.4885411186243248,0.9161285937769619,False,False
05399500,0.3684130870704547,0.1101122074495362,0.5291319431459305,0.1207828707095985,0.34753830106852757,0.06538395995892538,-0.10375045585904363,0.42943576169553077,False,False
05408000,0.7938140127536053,0.09156323117077492,0.5239890659901052,0.5724429694643748,0.7565996097437367,0.20428132240495056,-0.07254215741214098,0.5124411867223079,False,False
05412500,72.72264333927968,0.731681253375801,0.7884453357341241,1419.0259228711468,37.6699604840667,16.925245346196125,0.564989334183555,0.9156848162141856,False,False
05413500,2.8915462217476016,0.1358938064238976,0.5364501247011038,7.224826062052461,2.6879036556492237,0.5859944139657494,-0.020852667991901885,0.5506519082597373,False,False
05414000,0.1574222499497017,0.09404983612235562,0.5246726902688295,0.022451043862917346,0.14983672401289794,0.03194980673610403,-0.19060925760728287,0.6409665309319451,False,False
05444000,6.502321326835929,0.8745983328545415,0.8885716355267756,5.302005389947609,2.3026083883169557,1.4875930929078327,0.8804101046606768,0.935940975291574,False,False
05454000,0.07126168051188621,0.17246244695402424,0.5471843784185391,0.004202423635906527,0.06482610304427167,0.009929254084072109,0.05620336558197114,0.5167262494202471,False,False
05458000,17.72747028922506,0.915696672371023,0.9222511584343088,26.493433752046823,5.147177260600884,3.0563621767329336,0.749495232522023,0.9736520381477461,False,False
05466500,0.02724296591339867,0.19888335535737067,0.5552111258171267,0.0005945721038252296,0.024383849241357065,0.011988326817836369,0.0421532586761888,0.5939563637941185,False,False
05487980,15.734602936364139,0.9096153038588612,0.9171075158510484,22.37723785804908,4.73045852513782,2.5237910111403448,0.8321627737650342,0.9617308066714487,False,False
05488200,6.354410149205597,0.8032890386831042,0.8356236654668648,7.942899127174107,2.8183149446387477,2.1881035062440026,0.016710504556434413,0.9537721998082361,False,False
05489000,0.053622353366578106,-0.009851941164731537,0.49754908783006624,0.00290368462639996,0.053885848108756344,0.011106884359909527,-3.594046212460997,0.13363944459776933,False,True
05495000,20.019863674808718,0.8636675869309698,0.8800241799837243,54.64134152845291,7.391978187769016,3.1836478994993733,0.6861636654181953,0.96266960261628,False,False
05495500,24.65969270628434,0.9031581813906262,0.9117084916290352,58.8895529298016,7.673952888166672,3.1249618483399053,0.866466059126921,0.9528204254704644,False,False
05501000,0.2245953086563771,0.02346134934366295,0.5059349584021219,0.04925959058979101,0.22194501704203906,0.03126903471335744,-0.5707151626578173,0.34948682947736454,False,False
05503800,6.590814515036534,0.8751057335903556,0.8889724393313224,5.425261552363884,2.329219086381503,1.7894438540949826,0.4196361925051304,0.9516110619507531,False,False
05507600,0.17431009793723765,0.03773330610440684,0.5096147241916176,0.029237521083715,0.17098982742758412,0.03330958968750983,-0.37967397923317847,0.5363538884404107,False,False
05508805,17.468821204834114,0.9278162264236111,0.9326759317242678,22.02757972068952,4.693354847088543,2.5606141902664263,0.7094584787263793,0.9660112141225632,False,False
05514500,70.12060098373173,0.711097929104845,0.7758541339804741,1420.5022117038257,37.689550431171575,7.655674189876727,0.5634020404132782,0.8837217879181188,False,False
05525500,0.05189969222025091,-0.00781921588656731,0.49805280878260877,0.002714639720857034,0.05210220456810857,0.010828883819511725,-2.124861702980941,0.11936682274109302,False,True
05556500,10.16272284254942,0.8664909349185228,0.8822161470125689,13.788941149288538,3.7133463546090795,2.017463543629752,0.7880150441696465,0.9396826548072378,False,False
05584500,25.810181005646992,0.8860286232434471,0.8976891335499187,75.92379274837911,8.713426005216267,4.011301056808843,0.7668883574539129,0.9501185811063746,False,False
05585000,57.40101660068284,0.8464462848080909,0.8668863762738925,505.9405594271737,22.4931224917123,9.097272675819374,0.663725518988739,0.9444273738489056,False,False
05591550,1.1157833584795893,0.3018918890050679,0.5888906563281733,0.869125402351843,0.9322689538710612,0.28249079548647726,0.19207357627532262,0.7170965904508275,False,False
05592050,1.5369471855760712,0.15784822444877733,0.5428434362856841,1.9893365255692694,1.4104384160853212,0.28596952498922257,-0.07112645789274219,0.6903980887325706,False,False
05592575,7.621131070663369,0.738142069042254,0.7924822402479202,15.209137761816086,3.8998894550763983,1.9372853741558511,0.1531317536867185,0.8953029502227953,False,False
05593575,9.463437902962724,0.763411598553088,0.808676515831716,21.18806630512863,4.603049674414629,2.250113385273418,0.6341911161744825,0.8870509764264445,False,False
05593900,5.725697912268843,0.6843888124697175,0.7601029920376701,10.346876161159159,3.2166560526669863,2.108695746784661,0.10506921269534997,0.891105475947587,False,False
05595730,10.918688927991404,0.8451990349133147,0.8659500903040334,18.455025527366722,4.29593127591291,2.345960878769743,0.669824094228104,0.9259608006761572,False,False
06037500,9.768857584463227,0.9310851776830006,0.935528237724669,6.576581361316701,2.564484619044673,2.1650090193939544,0.793539772125885,0.992423316145174,False,False
06188000,38.67969679250713,0.9723490973520226,0.9730930974937807,41.369039269240716,6.431876807685352,4.513789039824603,0.8723090319414656,0.994924347689054,False,False
06191500,1.7831540213863697,0.13743443383268705,0.5368938512364674,2.7426464793826653,1.6560937411217596,1.1487764954908708,0.03590914548707158,0.6407881373482572,False,False
06224000,13.926572361504181,0.9799278951558013,0.9803228568364151,3.892973047352842,1.9730618458002886,1.1364983724485287,0.8789500478280379,0.9960187501303954,False,False
06278300,2.3336770439820995,0.32165496060941257,0.5958250398637358,3.694300015194209,1.922056194598433,1.7978110357610266,-0.5753794823735923,0.9276142259698797,False,False
06289000,0.13270972426467495,0.023231338829730497,0.5058760894195827,0.017202723573768012,0.13115915360266706,0.07804023308649406,0.464601393307988,0.57832435675238,False,False
06311000,0.6827772051373832,-6.336253458336399,0.11995796492967503,3.420049204571388,1.8493375042353377,1.7608717193835286,-3.9268435659943393,0.31680656220569003,False,True
06332515,1.1227621962513294,-1.6080084974695166,0.27716120976470865,3.2876423397226864,1.8131856881529498,1.722151669326287,-11.091002838937703,0.7969394822727579,False,True
06339100,1.7987426201595986,-0.9619704829113918,0.33761308756091185,6.347906474838583,2.5195052043682273,2.422079275995454,-4.551119647806832,0.8867888408836064,False,True
06344600,1.1648912112374286,-4.128857623109512,0.16316254373888425,6.959713796591871,2.638126948536001,2.5742726182258777,-8.015014584189561,0.7385173833969001,False,True
06350000,0.04398598862252987,-0.14643336307257182,0.46588914298672757,0.0022180816622425006,0.047096514332193425,0.01710343255473565,-43.49920922150926,0.060687887080603964,False,True
06352000,0.16581338527342132,0.14574202459726648,0.5392992848165079,0.02348703603643524,0.1532548075475456,0.06055680144797879,0.10142392262984956,0.3837910875424816,False,False
06353000,7.555658516476748,0.7346425330293502,0.7902905116560198,15.148720604370567,3.89213573817391,2.543470231228301,0.5649726539583593,0.9271911710399708,False,False
06404000,1.8136565377385365,0.03699865675338543,0.5094240018940062,3.1676485039254123,1.7797888930784493,1.7001594152503372,-2.8413535841753044,0.8931086135091045,False,False
06406000,3.9752584874277765,0.660295437437934,0.7464332271046302,5.3682425109305765,2.3169468079631383,2.1925530091836736,-1.0824547540546106,0.9535430391526428,False,False
06408700,0.15957901998441215,-5.783509747762351,0.12847674537665812,0.1727452206920318,0.41562629932672907,0.4045254256465686,-3.4955962361196153,0.5916476193221513,False,True
06431500,0.15097750154924286,0.061487566039994945,0.5158594716657008,0.021392645728892885,0.14626224984216837,0.02772641839725176,-0.24683928104676944,0.5847280069658836,False,False
06440200,0.2790914692955012,0.03296066787210761,0.5083782432139909,0.0753246743018184,0.2744534100750406,0.033754156900005224,-0.34965526036440964,0.3978753488753543,False,False
06447500,4.504001843685123,0.8053248947126819,0.8370476588775163,3.949185533808599,1.9872557796641577,1.743498918030768,0.30918079791411435,0.9495465409614752,False,False
06450500,0.06505471953307967,0.022491175156671206,0.5056867445733025,0.004136931259288644,0.06431898055231165,0.013404645801552944,-0.954998809887943,0.2555397697896513,False,False
06453600,12.379855153863927,0.8684260863264274,0.8837248613778772,20.165125062180806,4.490559548895973,2.299117135093893,0.6464581715050963,0.9749263429322028,False,False
06464500,0.11997704716471942,0.01162826014245888,0.5029240659352994,0.014227108950557272,0.1192774452717582,0.01779135876925645,-0.9259202125998915,0.28525722542867993,False,False
06468170,6.782060918635401,0.5779714607394068,0.7032207669474526,19.411772530150124,4.405879314070021,2.472020305240717,0.3951257902624604,0.9083809726017945,False,False
06468250,8.052503549365412,0.5738595706287375,0.7011932201100746,27.63214434926154,5.2566286105508295,2.6049633261776544,0.5362338428264493,0.779560154287718,False,False
06470800,0.07468903282650906,0.01342970749060901,0.5033801239103513,0.0055035346509910025,0.0741858116555383,0.025968907974273984,-0.5373856585372447,0.6545641554936982,False,False
06477500,0.1960326504629274,0.20585597488796314,0.5573688544527824,0.030518001949963375,0.17469402379578808,0.04687509375265374,0.11040010444296877,0.6704347983263883,False,False
06479215,0.914670828511991,-3.2922793112250828,0.18895450167926134,3.591018411804366,1.894998261689009,1.7775184203280052,-2.106698801394829,0.578814607055288,False,True
06479438,4.245832953954119,0.7196923496394032,0.7810622702428994,5.053133335445219,2.2479175553042907,2.04814658617877,0.2746410163218872,0.9299435283851148,False,False
06614800,0.1710508162602029,-0.625421593027649,0.3808912072086659,0.04755720546257601,0.2180761460191738,0.1870249126855054,-1.6249065229710182,0.41977971729175534,False,True
06622700,2.4835775618684903,0.7021446549908898,0.7705018928692555,1.8372186819655463,1.355440401480473,1.1683300817502693,0.34539547528528247,0.9469487681252726,False,False
06623800,4.831887787359212,0.9320943979471026,0.9364123552471693,1.5854015700469348,1.2591273049405827,1.079401048068768,0.7349912545572999,0.9797326819556826,False,False
06632400,3.934444311976747,0.8568371181240907,0.8747659811688587,2.2161402296383366,1.4886706249665627,1.3711964634795768,0.44384935906544665,0.9692692173196092,False,False
06746095,0.0714613547758494,0.02226582072659844,0.505629123711352,0.004993019798008799,0.0706613033987401,0.039739548523102325,-0.16371769295522398,0.27545810898453543,False,False
06784000,19.25689967583992,0.950359722887616,0.9527073434634703,18.40801387070545,4.290456137837264,2.3419817207744726,0.8114531662408797,0.9878759090817478,False,False
06803510,2.168930793385836,0.1164303016910605,0.5309068206490025,4.156542283892005,2.0387599868282695,0.39045053950380093,-0.018756480219570104,0.45705447393831705,False,False
06803530,5.847694645321786,0.8330399355050729,0.8569273537503708,5.709288339174278,2.3894117140363815,1.8755194615666866,-0.029977351240792594,0.9542911054199992,False,False
06814000,13.201768505117169,0.9104728076197572,0.9178293180690088,15.603398173802912,3.95011369125028,2.423019723160397,0.5536539448737531,0.9686301681008439,False,False
06847900,0.017131668093732056,-0.12973531864541732,0.46954191501882653,0.00033157059598823164,0.01820908004233689,0.0020557561748997754,-2.5423608535645044,0.1117857232289807,False,True
06853800,3.007386863640279,0.44900413165728104,0.6447470431165797,4.98341366866455,2.232356080168339,2.018387124377332,-0.9826919487500334,0.9256603728103473,False,False
06876700,7.09287502881087,0.8435806667429869,0.8647382236195725,7.869280868098144,2.805223853473755,2.3625032190143176,0.2763555620130894,0.9575373390123761,False,False
06878000,1.221911613615883,0.05968414147711654,0.5153800066146325,1.4039555102503651,1.1848862857887947,0.12186833433195238,-0.13511430375574274,0.3628835892340994,False,False
06879650,0.8999296857808359,-1.4614564873944227,0.288895730349839,1.9934682312554917,1.4119023448013293,1.3440863612475171,-15.496343092108745,0.8829869829255681,False,True
06885500,0.8263672468728728,0.08307450534683625,0.521668683936479,0.6261526736659465,0.791298094061869,0.10825338916974916,-0.18021218901086167,0.44257839176302294,False,False
06888500,3.9405796316497557,0.08142687452426178,0.5212206856864189,14.263757659613189,3.7767390245571892,0.5389478061351113,-0.12269947730237973,0.40437257971866875,False,False
06889200,0.3059045960385204,0.06190449948402177,0.5159704461074135,0.08778474603225926,0.29628490685868436,0.030169483358296043,-0.20662423481663605,0.448168983778655,False,False
06889500,18.606524190796954,0.944244306219298,0.947188829660924,19.302774094790234,4.3934922436246815,2.3240815671449657,0.7393729447159001,0.975046097190293,False,False
06892000,25.384134260089482,0.9303448648329316,0.9348807546684763,44.8825839209891,6.699446538408162,2.430113738760496,0.846542090832255,0.9688181557671938,False,False
06903400,0.07231166549052308,0.07172038552890625,0.5185969879551359,0.004853952722089061,0.06967031449684336,0.011593787277742136,-0.8573424256289284,0.39499012598876343,False,False
06910800,0.5620555552856751,0.04510582293860965,0.5115366405680365,0.30165722695368025,0.5492333083068436,0.06668792004025414,-0.2527765260070296,0.46364318656554115,False,False
06911900,12.846963591618556,0.9274844217116403,0.93238738927775,11.968295440917776,3.459522429601776,2.4562183576486745,0.32753318158002587,0.9741243982873504,False,False
06917000,0.17114092646951093,0.1543389148929155,0.5418112827263627,0.024768750787318976,0.15738090985668807,0.020679532079638248,-0.14321083161944892,0.5504476757684487,False,False
06918460,20.539988978538336,0.9025709546403367,0.9112206426724083,41.1044517211379,6.4112753583930475,2.445560973763839,0.8096650482516277,0.9569635755607634,False,False
06919500,0.20321649631025876,0.04445856046102692,0.5113673276265391,0.03946094167437173,0.19864778295861177,0.03331627956755869,-0.4207558804952316,0.3815760993385679,False,False
06921070,7.687201929431753,0.14305593052048282,0.5385191812913838,50.63945888644939,7.1161407298091985,1.2370212048579543,-0.047759197664784425,0.5289281026929998,False,False
06921200,18.67487505315407,0.8075098232796928,0.8385813313366566,67.13113358509537,8.193359114862192,2.611784350493006,0.7098291025123289,0.9163905912906994,False,False
07014500,0.06057612235666664,-0.45192295061041654,0.4078431582652488,0.005327782772704209,0.07299166235060145,0.015433586188241285,-0.14492548099904146,0.23497852368258726,False,True
07056000,66.07222017272184,0.7922570075147545,0.8279907283438173,906.9099857954109,30.11494621936773,10.688111473219545,0.6439994867358352,0.9156331605779686,False,False
07057500,0.02197270025669151,-5.254559665811093,0.13784434149914673,0.003019698633196775,0.05495178462249224,0.009427078489620983,-0.8490318105251744,0.36643551817437137,False,True
07060710,0.11660587895517474,0.13393269258097584,0.5358863509500682,0.011775857426315801,0.10851662281105048,0.02960259881842228,-0.059397183999734704,0.5521836649178432,False,False
07066000,0.2547161900783686,0.11891769929006779,0.5316088507252414,0.057164917024798804,0.23909185896805188,0.06377709205491734,-0.14247938941484417,0.4953203891338134,False,False
07067000,97.72858921102147,0.46860537430024607,0.652999549050305,5075.284787791022,71.24103303427752,17.102089075618714,0.4585050970610969,0.7091230325087241,False,False
07068000,0.03311355843502758,-3.691742624761525,0.17569311648941582,0.005144532159518875,0.07172539410500911,0.024619967390045013,-1.1367311463374294,0.18974425556498267,False,True
07071500,50.38990921965739,0.4500745842666264,0.6451923362562791,1396.33924302605,37.36762292447902,7.137935578830857,0.45812028770096924,0.685204768879955,False,False
07083000,1.2648703308434175,0.602388461106258,0.715506399433089,0.6361374898908881,0.7975822778189646,0.7608214748893705,0.693876626109236,0.9828983053523579,False,False
07142300,0.37703549148388377,-2.8686875336846267,0.20539416281726325,0.5499562236660217,0.7415903341239162,0.7093781873316657,-2.3417883252025016,0.39344850550834914,False,True
07145700,16.317489911749423,0.8867482564966731,0.8982694218408036,30.1544632485475,5.491307972473179,2.183384417672349,0.49401130643378,0.9515850185726734,False,False
07148400,12.938678347401652,0.9348283978625576,0.9388158659068033,10.910338639956754,3.3030801746183447,1.5174159220817158,0.7464435518528558,0.9780227908584449,False,False
07149000,11.191117897733129,0.957684748796077,0.959402636433606,5.299609445438346,2.302088062051134,1.055983596499587,0.9216821659055887,0.9797898826323325,False,False
07151500,33.827803740025985,0.7788011127291853,0.8188674346361721,253.12237834066426,15.909820185679795,2.8709027070667648,0.5672026857810086,0.9392138494676637,False,False
07167500,1.821056163513848,0.17167883146422747,0.5469498560807339,2.746916389684001,1.6573823909056116,0.14345059724365367,-0.02535688907916156,0.7113058865924422,False,False
07180500,0.013615273534355384,-0.03807116153451462,0.49066000190448456,0.00019243314062248216,0.013872027271544782,0.0036670754678664835,0.21408078872281744,0.48668100839474754,False,True
07195800,1.8564633046412093,0.3059655812262314,0.5903067782553395,2.391959087816094,1.546595967864941,1.3927804989672776,-1.5950109844944729,0.9259389982613847,False,False
07196900,7.52270178647804,0.8730886865881252,0.8873812766794985,7.182043488923188,2.6799334859140047,1.708335572218861,0.22779533392282791,0.9627230136865157,False,False
07197000,33.991319370558806,0.7907774208140722,0.8269776112460782,241.7378168142663,15.547920015689117,3.860222410807735,0.6216833683333882,0.9215664154919223,False,False
07208500,0.22740458861864968,-61.75515812408605,0.01568500540856176,3.2452478858135665,1.8014571562525616,1.7781022781229963,-48.713854184651495,0.17421843703427844,False,True
07226500,4.239836807598301,0.6355310059055415,0.7328858364155489,6.551773419661224,2.5596432211660325,2.405560832211429,-5.324284570081182,0.9839298040314975,False,False
07261000,19.498667728721525,0.8084856183741067,0.8392680906087258,72.81339313788162,8.533076416971877,3.157002727237256,0.6084919690710047,0.9307978403828719,False,False
07263295,7.495237567559418,0.8547106465606653,0.8731417933790907,8.162150465284569,2.8569477533347665,1.68688798686288,0.5527504776056598,0.9521671493500936,False,False
07290650,65.22699982780013,0.7679564759217452,0.8116596373883328,987.2434453842646,31.420430381907003,7.253003684398498,0.6110452400682,0.9111241285915314,False,False
07291000,30.30047686384978,0.7418702602995337,0.7948305873749384,236.9937922004293,15.394602697063322,3.0434536937821304,0.602798338767351,0.8996112312037916,False,False
07295000,37.711019889191604,0.5423134162725272,0.6860185249444257,650.8857117865057,25.512461891916775,3.1916430412884145,0.47164525056900286,0.7733115905245829,False,False
07299670,0.45327173196855014,0.03949447611870427,0.5100725235500779,0.19734091502368367,0.4442307002264518,0.022810436453564547,-0.205132970781851,0.5117470533552718,False,False
07301410,0.10535004107689389,-0.4182318716676092,0.41352527510540227,0.01574043243576685,0.1254608801011967,0.09944478830075228,-2.961178077699694,0.550907383140223,False,True
07301500,12.827051075239709,0.7784563034753271,0.8186362901671295,36.45130203277802,6.037491369167994,1.5094938761155867,0.6868393581047738,0.9053515915710524,False,False
07315200,0.14520195540053366,0.2292708902118633,0.56473912044042,0.016249750311000923,0.1274745084752278,0.03448158887653079,-0.15122890489996865,0.5817400412739138,False,False
07315700,22.68102199112246,0.9047136956163913,0.9130032905531191,49.01801527199981,7.001286686888333,2.486459127315381,0.756648292960459,0.9734518135402263,False,False
07335700,7.506796126657926,0.8551604136659751,0.8734848200018777,8.161998643650884,2.8569211826109036,1.649004896353675,0.6221116681722081,0.9414053920361688,False,False
07340300,3.947146871728213,0.4627369055045615,0.6505067373182603,8.370542049227929,2.8931889065921585,0.7866042873334039,0.24790090349980876,0.8262240334358576,False,False
07346045,18.428286936704158,0.6559083634307625,0.7439968918729951,116.85412518113678,10.809908657390995,4.719724795726935,0.4042347329085896,0.9113293623125576,False,False
07359610,0.057707591935203306,0.34361587019830675,0.603724692846292,0.0021858682215950415,0.04675326963534253,0.02557173632677564,0.19419067502526466,0.7180620949823416,False,False
07362100,32.11294177393338,0.846549666736325,0.8669640739280997,158.2442796329279,12.579518259175424,3.6648755894761735,0.66680858090642,0.9474027147448632,False,False
07362587,6.683669231749336,0.7890779238603052,0.8258169701455155,9.42219168766654,3.0695588750937066,1.4596316340824325,0.33208690048986256,0.9408965202062095,False,False
07373000,7.82238204688866,0.8115074101328315,0.8414019645774692,11.533797653776029,3.396144527810327,2.06074356195872,0.5140420130340713,0.9445921666509772,False,False
07375000,0.7912370509137828,0.2017908380886061,0.556108833822789,0.49972369153391016,0.7069113745964979,0.24465893265680314,0.23363835547974066,0.4962915814653155,False,False
07376000,35.50085438585452,0.6114846631619588,0.7201937014806209,489.65002141632,22.128036998710932,3.591477588238522,0.5001597269042554,0.8186661297005903,False,False
08013000,1.804821547556155,0.10524537130061329,0.5277728233794728,2.9145565648100464,1.707207241318419,0.249005117095135,-0.14282627044602836,0.587856937617277,False,False
08014500,1.6414974380323621,0.19444021420716306,0.5538448562426812,2.170591991014493,1.4732929074065664,0.36237899415391106,0.07621963197829928,0.5788002775724898,False,False
08023080,8.999039654947088,0.681182487674121,0.7582550206179706,25.818707645656282,5.081211238047113,2.0901007943703913,0.48096906813956775,0.945451161079639,False,False
08025500,27.606296447458302,0.691738104699017,0.7643729467255764,234.92873429205613,15.327385109406501,2.989757532373766,0.535490310268641,0.8873717702530066,False,False
08029500,22.221011488858185,0.5766111233604545,0.7025486965732674,209.05814464337286,14.458843129495971,3.485950056016313,0.22630567556396686,0.9599198724171081,False,False
08050800,3.0231415001661284,0.29276165680747424,0.5857412961625533,6.463723172815492,2.5423853313011957,0.9982696178138396,-0.17879728782430027,0.7894132177388871,False,False
08066200,21.180390463851687,0.7610137099248817,0.8071114329597393,107.21138631322005,10.35429313440662,2.211613274216877,0.5758362756068625,0.9432082360513137,False,False
08066300,0.5607246364438551,0.32406974102506036,0.5966835401680954,0.21252066428720837,0.46099963588619935,0.09836737893763335,0.14655193176314596,0.7607969964133592,False,False
08070000,0.4257774469697738,0.4919486077583771,0.6631073749506398,0.09210282536507104,0.3034844730213904,0.1026592171336637,0.5788018921659503,0.7070259204119906,False,False
08070200,69.80413825931916,0.40066308331552547,0.6252591243082555,2920.3396793638635,54.04016727734902,5.978007291559909,0.2634522706864617,0.7115012526954123,False,False
08079600,0.5870657098804576,-11.326462021628771,0.07503867105740486,4.248267650739751,2.0611326135743306,1.9901813756551225,-30.257560398698107,0.6994239606129777,False,True
08082700,0.4317234996941226,0.14230521845236155,0.5383015605862357,0.15986159640518488,0.3998269580770972,0.26597479790206446,-2.5833000554016854,0.806808930857322,False,False
08086212,18.253069597383668,0.7329731165822022,0.7892492362139197,88.96656164771073,9.43220873643659,2.4079831304620387,0.48078792815553995,0.8948225098232653,False,False
08086290,11.914235713754676,0.8821394311623619,0.8945659484525957,16.73019137603415,4.090255661451268,2.12105670218313,0.06993338755325507,0.9567963726248054,False,False
08101000,0.08882160845366988,0.12367916709322968,0.5329578942268705,0.006913538780422427,0.08314769257425264,0.0077318075961220496,-0.17115908444892414,0.4080676085482316,False,False
08103900,1.5588637590435306,-0.01707579202985099,0.495767191273297,2.471551353880245,1.5721168384952324,1.4857947472570225,-6.730055181685924,0.9386566504618831,False,True
08104900,2.5779316591928736,-0.1439556462157605,0.4664275596209621,7.602422232205197,2.75724903340362,0.8386454804547292,0.48725732160622315,0.5537964690006687,False,True
08109700,10.60077705796851,0.8728342497457365,0.8871809667517154,14.290438656736754,3.780269653971361,2.3444540729808843,0.5522487557417679,0.9512870086390882,False,False
08150800,12.33772049661018,0.5605398853156255,0.6947049034556033,66.89433171286126,8.178895506904418,2.31057654533165,-3.371276388158721,0.9166238161690309,False,False
08155200,5.877002529096275,0.7804632668145333,0.8199835009380733,7.582614073900764,2.753654675862746,1.661791074872483,-0.07765424077324812,0.928875370139638,False,False
08158700,5.494560817982822,0.7262976178863889,0.7851127657785933,8.263129268516517,2.8745659269734127,1.695834688848122,-0.09771590821897846,0.9327912940709365,False,False
08158810,2.0504894898736055,0.1629348297876979,0.5443465023532258,3.5194464915682,1.87601878763732,1.2627106124507532,-4.141681355159705,0.8905468834925779,False,False
08164000,0.030998732910298046,-5.8009525060168965,0.12818947419929774,0.00653518108935448,0.08084046690460465,0.025539283651653248,-1.274253703842282,0.270466721212821,False,True
08164300,19.547063828129023,0.7547863750443264,0.8030750547205082,93.69311102262746,9.679520185558138,2.293810292938615,0.5899103656191318,0.9301052371003745,False,False
08164600,6.995620053124588,0.7077523692396539,0.7738454892051995,14.302219106355665,3.7818274823629467,2.014943874589947,-0.06459565065695472,0.9577420858755081,False,False
08165300,7.587305957261683,0.7804543760674736,0.819977523083898,12.638629408338984,3.5550850071888553,1.735459969438125,-1.5772456044815608,0.9685253347173689,False,False
08171300,0.030864131557791784,-0.2830920943484714,0.43800248026585686,0.0012222666219563916,0.03496092993552076,0.016422236621271114,0.1777680741435005,0.22246360209681587,False,True
08175000,0.34351326591028175,0.10391317693688962,0.5274020091466641,0.10573946725514896,0.32517605578386144,0.024415200662529057,-0.9778344374054815,0.3263904474388811,False,False
08176900,0.42134494645578763,0.0606872413876991,0.5156465843681461,0.16675766303126305,0.40835972258691605,0.03904106190799777,-0.11644657539336456,0.2784329739968484,False,False
08178880,13.383811925178168,0.11551339992538756,0.5306485065802043,158.4349196674498,12.58709337644914,0.5882247748070065,-0.07377418513855472,0.9338695738181172,False,False
08189500,0.6412453454237111,0.1222389986224327,0.5325491365868061,0.3609314554979265,0.6007757114746954,0.1407876009883666,-0.08994223820095448,0.7569783091341821,False,False
08190000,33.640056846820315,0.5257932556913221,0.6783309083753685,536.637686192505,23.16544163603416,2.773807848170924,0.36232197920523235,0.8654792839271518,False,False
08190500,0.04846534126804653,-0.06987319361221722,0.4831213830325812,0.002513013701356218,0.050129968096501096,0.014428732422046248,-0.8612361934985704,0.32531253874599714,False,True
08194200,0.07386319327279428,-0.05847056076708834,0.4857975717793847,0.005774773328978116,0.07599192936738819,0.020218644235821977,-14.53645580730851,0.21314727651039986,False,True
08195000,19.18632768065511,0.6994216585073363,0.7688887075055454,110.64744723765622,10.518909032673314,2.3275568614931568,0.4179354941369017,0.9327435887893065,False,False
08196000,4.597554821271971,0.7367511149949002,0.7916096438873667,5.564426027367525,2.3589035646603964,2.1060243254997846,-1.2153591725493826,0.9700704056668162,False,False
08198500,5.692080406365059,0.6125353598403522,0.7207390884462004,12.553768848078093,3.543129809656724,2.2126521154061436,-0.24134742142932075,0.8916961818785741,False,False
08200000,6.68858983250075,0.48653296299282245,0.6607345753479119,22.97109495888504,4.792817017045929,2.2297732608815912,-3.4366860317430987,0.8802812773267745,False,False
08202700,0.06345403093829524,0.09763214538075182,0.5256606904767881,0.003633306601175425,0.06027691598925268,0.016007176723819027,-0.052159846828344625,0.3403490873430276,False,False
08267500,0.015538872568228003,-0.04660836396586587,0.48861326749502054,0.00025271045595429034,0.015896869375895694,0.009670528515509277,0.06884283472975394,0.3079979453105771,False,True
08269000,0.536366064792815,-9.769202234387,0.08496752626768717,3.098176234281726,1.7601636953084012,1.7057588606731078,-6.376882087677304,0.3894827712943633,False,True
08271000,0.44338547661061134,-6.388276538499227,0.11921400008814124,1.4524663151536392,1.2051831044093007,1.1803926585209628,-4.865100876295501,0.5229025458676261,False,True
08324000,3.393064183909879,0.6808645630261629,0.7580722736810485,3.6741694436505314,1.9168123130996764,1.7443854977741569,0.32580489117803446,0.9330135540371743,False,False
08377900,1.448640843006409,0.6923572221793217,0.7647348472849774,0.6456069176631507,0.8034966817997139,0.6205014240135076,0.3636949995888197,0.9128501991632612,False,False
08378500,4.463837088375021,0.9142513957473118,0.921023518780659,1.7086131016058352,1.3071392816398086,1.1164638282400345,0.7820400427230945,0.9713693519931138,False,False
09034900,0.01887479411058415,-7.70819240845889,0.10300578706378805,0.0031023619284835406,0.055698850333588935,0.05296559260557616,-9.043087562599048,0.3896901998392854,False,True
09035900,1.3221864159978551,0.47734178115654247,0.6567462005751724,0.9136990345244628,0.9558760560472591,0.7828958938255078,0.37911833437858145,0.7687632413909937,False,False
09047700,0.2568256284954102,0.2694828030492049,0.5778619257653258,0.04818447852234726,0.21950963195802425,0.10141197175898216,0.15631528408333406,0.7025324152878354,False,False
09065500,1.2850741647092776,0.6463635857686048,0.738750811877211,0.5840006943029369,0.7641993812500354,0.6598228525767452,0.28508301284968696,0.9319073245266882,False,False
09066000,0.16532947289662747,0.30112687536150806,0.588625475026449,0.01910288240103807,0.13821317737841812,0.09468741761556913,0.1806349517373197,0.7444830275668831,False,False
09066200,0.4004769627571623,0.6839957387382345,0.7598759589434876,0.05068133150177012,0.22512514631149075,0.10550119691150463,0.4889648399343297,0.8750325973096481,False,False
09066300,3.834944708355713,0.8047618127366598,0.8366533220375393,2.871329151311075,1.694499675807309,1.52725677991833,0.43663829593195147,0.9703951219096644,False,False
09081600,10.812655485466342,0.9729395568773983,0.973652531062019,3.1637316216208036,1.7786881743635683,1.2382812785673551,0.9330752627751067,0.9889469825930033,False,False
09210500,2.5429430462091953,0.5535659278139801,0.6913553954717642,2.886892417520731,1.6990857593190318,1.5421370922206497,0.27018712454088345,0.9346245019761814,False,False
09223000,4.505801762588624,0.7822376181209688,0.8211782650544522,4.4210662137935195,2.1026331619646634,1.9217712030005014,0.2845518318351683,0.9693514206336935,False,False
09306242,0.029336874515129573,-4826.210195468548,0.00020711608639958066,4.154549105083311,2.0382711068656474,2.0137225448238625,-152.3703957121553,-0.16078032314032933,False,True
09312600,0.18581487404812647,-132.32137812943517,0.007444831298830012,4.603209543009644,2.1455091570556495,2.113769225840274,-22.913225282690636,-0.16915173493737898,False,True
09352900,0.032092987847940325,-0.046668510433467425,0.48859890837339764,0.0010780265619009003,0.03283331481743658,0.020432132223071213,0.18810831064965772,0.6002726313134357,False,True
09378170,0.14332943140728566,-0.01912545622873818,0.4952639257333568,0.020936226387973076,0.14469356028508343,0.07892758807602854,-0.5754330085000758,0.18227669924562237,False,True
09378630,0.10629688467127221,-6.708213777902195,0.11483411242585498,0.08709532092325976,0.29511916393765375,0.2877787733360725,-11.472095658327875,0.3016399748147182,False,True
09386900,0.06576887766446417,-1030.2153180274693,0.0009687901182390591,4.460568540464895,2.1120058097611607,2.0921249059756106,-55.02760006107337,-0.003023529002637123,False,True
09404450,0.6316102145271915,-6.843185213940724,0.11308142663613592,3.1288933527231086,1.7688678166338796,1.7310970844717923,-4.907618125801362,0.48853607004650634,False,True
09430500,7.361422364544138,0.8572253760273696,0.8750631830830277,7.73703386132462,2.781552419301966,2.1076967658857084,0.29978048391441536,0.9858658213607673,False,False
09430600,0.9068341628624733,-2.492760930058243,0.22258028316388434,2.872265660142125,1.6947759911392788,1.6366255468843327,-4.688363038532993,0.818496182437155,False,True
09447800,1.582936270419768,-1.3697842244928564,0.2967549057686319,5.937938083884619,2.4367884774605733,2.3997858408484136,-12.63725622421142,0.9508127416730504,False,True
09480000,0.9506939608326588,-2.9230694783155373,0.20312530716957442,3.5457447609253196,1.8830148063478735,1.8553249760899098,-16.455265677600565,0.9257355919374536,False,True
09484000,1.688438755267226,-0.08916418250434122,0.47866032185238366,3.105016949242586,1.7621058280485273,1.6861809249933355,-3.4051456640285656,0.9282442857019494,False,True
09484600,1.5951559944444926,-0.992626302240811,0.334154651802406,5.070282752286866,2.251728836313748,2.226068084683305,-16.030972775538476,0.96093264611334,False,True
09492400,1.3814409857838572,-0.29454192634994203,0.4358168349491685,2.470476882153943,1.5717750736520613,1.4667539221057675,-1.3499782710100652,0.8770360153637367,False,True
09497800,15.03043357542461,0.7944265199741259,0.8294807546517513,46.441913488785495,6.81483040792546,5.092945845527266,0.6741857668866535,0.9619447176789615,False,False
09497980,3.860935305405576,0.7088197116332491,0.7744851815116596,4.340572563354947,2.083404080670609,1.9255816657809748,-0.6051978220939855,0.9452688689055474,False,False
09505200,0.13638157826350444,0.09814830181449563,0.5258033530974408,0.0167743828663656,0.12951595603000274,0.01859972095284451,-9.916306905572037,0.7891303042725495,False,False
09505350,5.5421337503658314,0.7611183862579888,0.807179627906112,7.337307652062466,2.708746509377071,2.355735829931577,-1.2011952116177707,0.9707179191818761,False,False
09505800,4.2711590586365595,0.7035669853427557,0.7713472186331075,5.407768112096328,2.325460838650337,2.183617138694841,-0.43275863689301874,0.9645954777749361,False,False
09510200,3.1884345848942712,0.4847376002874382,0.6599517022198237,5.2382168632878745,2.2887151118668907,2.181394256051394,-3.882129740901237,0.9630117683876599,False,False
09512280,1.0191031575031686,-2.4540248467902743,0.22451603536083437,3.587250887578058,1.8940039301907634,1.8636155191819619,-23.425593770178235,0.9122533548009059,False,True
09513780,1.355433074097657,-0.8905742083122321,0.3459520247307149,3.4733607015290118,1.8636954422675964,1.76466422148412,-11.493022937293023,0.9131417116997571,False,True
10023000,0.4522712635647541,-14.068043656543727,0.062235330036133484,3.0821577197297265,1.7556075073118498,1.707371502213718,-4.327108166564491,0.13035496901487725,False,True
10166430,0.26839953066516237,-30.701744851095977,0.03057940805768612,2.2837400616633308,1.511204837758049,1.489049345464087,-7.102850457185129,0.20318105785712165,False,True
10172700,0.04605426605748588,-1259.5564265978476,0.0007926716387128158,2.673634410104823,1.635125197073552,1.618418613972532,-26.12173788641986,-0.12134717338423225,False,True
10172800,0.18904978035822292,-15.955044542423867,0.055694654370654295,0.6059702307721494,0.7784408974174915,0.7659398178655047,-6.552895623665428,0.3348636678961939,False,True
10173450,2.3199732188608557,0.13556910937659838,0.5363567000682092,4.652605408251406,2.1569898952594575,1.9892348639933057,-0.5559578433713279,0.9226726657470531,False,False
10205030,0.461804452459795,-4.700862275631092,0.14923452517994323,1.2157849999683423,1.1026264099722727,1.0540004893090626,-2.2139555788650442,0.1356260443905901,False,True
10234500,1.9897273258171229,0.5043450766501767,0.6686034220783339,1.9623051926513488,1.400823041162355,1.2992645597819097,0.16712169307947844,0.9093946518568488,False,False
10244950,0.029876464861432365,-2023.8429457395755,0.0004936216808430475,1.807381196920229,1.3443887819080569,1.333995451330835,-53.2676566629172,-0.21456400709234733,False,True
10249300,0.2528444334268237,-23.460707092518597,0.03927620691625808,1.5637805264573796,1.25051210568206,1.2271154702444091,-6.585538430575337,0.18440823699387016,False,True
10258000,0.602422447643712,-2.5274208733338255,0.22087630639552996,1.2801462050564265,1.1314354621702585,1.0963369140230121,-7.36186547360872,0.8109128940289357,False,True
10258500,1.6710423498540574,-0.3935285103309325,0.41779322689652804,3.8912646742807033,1.9726288739346545,1.931837389124754,-17.347926603982916,0.9618883883588216,False,True
10259000,0.37452389868373265,0.2631573117158953,0.5757573824880706,0.10335556123156896,0.3214895973924646,0.05378253090760656,0.12453148065017927,0.8654239254032398,False,False
10263500,0.4689702651948348,-7.28275081355611,0.10772668792742397,1.821651142773072,1.349685571817774,1.3107573353934932,-3.7875947839470925,0.6115039366032379,False,True
10310500,0.4425503565928473,-6.320085635958778,0.12019107059163862,1.4336447605143272,1.1973490554196495,1.1714535801127022,-3.826621071463329,0.36381473201533415,False,True
10316500,0.05521256280030752,-0.1496774323875978,0.4651860716095078,0.0035047078307762687,0.05920057289229783,0.023992037119796517,-0.9047265395520998,0.21258347750308504,False,True
10329500,2.2093797082426447,0.19361923776230872,0.5535931409949414,3.9362337453864056,1.9839943914705016,1.8369505397744332,-0.7048916372545706,0.9031790396051549,False,False
10343500,0.0619118920749027,0.10449398897887463,0.5275636131912298,0.0034325483122927985,0.05858795364486456,0.01720009435037166,-0.07513795878302454,0.6335831262455353,False,False
10348850,0.6256559173941547,0.1463972751733833,0.539489927699334,0.33413879772251226,0.5780474009305052,0.48165365686974615,-0.2118953867284561,0.8524929486291635,False,False
10396000,3.348662401308736,0.6926999370984065,0.7649353261564669,3.4459215098401175,1.8563193447896074,1.63748618913778,0.4559497768801106,0.9307068453077191,False,False
11098000,0.06291729870446466,0.29713524415036496,0.5872456967382917,0.0027823509171509527,0.052747994437238585,0.021723088956908387,-5.42084384605199,0.7670756653522519,False,False
11143000,0.17649695407003202,0.26191219712377234,0.5753449269623646,0.022992302162192214,0.1516321277374693,0.02248170420795423,0.12967813691377406,0.738698025450484,False,False
11148900,0.7538236758857088,0.22376836296970926,0.5629896344329929,0.44109373201043106,0.6641488778959361,0.11973789052063558,0.0697693908515129,0.6542628091332506,False,False
11162500,3.893335237761307,0.5336976382952825,0.6819875805406218,7.068238838136927,2.6586159628906403,1.873389970989845,-0.33964107003614075,0.9416808493250461,False,False
11176400,0.016219204627256463,0.17784175151789894,0.5487997548143926,0.00021627908542190026,0.01470643007061538,0.003969251946418708,-3.0259199974617186,0.4892552045121827,False,False
11180500,0.6354109810500282,-6.035836813490302,0.12444254695680634,2.840698813924447,1.6854372767695769,1.6481711760508944,-25.09904839432771,0.7707913686784066,False,True
11180960,0.438293422708853,-12.178630088328193,0.07052867546232108,2.53162965788564,1.591109568158535,1.5679826986239793,-27.912178412224264,0.7091040890370434,False,True
11224500,0.023676990569064856,-11.192390593038361,0.07580127293439153,0.006835052732724663,0.08267437772807645,0.07785229935869532,-58.037611927239205,0.3046107658888995,False,True
11264500,6.613238785421634,0.6464992945163899,0.7388248827271182,15.460327631141626,3.9319623130367902,1.671394901487521,0.5369088365726932,0.8499115221168847,False,False
11266500,32.62160398423281,0.9735603666066843,0.9742414141726887,28.136239458083107,5.304360419323248,2.619005966771385,0.8511992199526697,0.9962732027120783,False,False
11274630,1.3381328296120614,-1.510516550515447,0.28485836360838995,4.495329603989836,2.120219234888184,2.0620553284914567,-8.832765861086035,0.8592411813775194,False,True
11284400,2.1399378756518574,0.13652763761475717,0.5366325898818274,3.9541284435372224,1.9884990428806402,1.665015763864562,-3.292926741211595,0.9140129902110498,False,False
11299600,1.5649962093601217,0.007607922213220486,0.5019092432403345,2.430579712294502,1.5590316585286208,1.2167057106667023,-2.2781617538396577,0.8723861487426643,False,False
11381500,13.399060770271571,0.7702256958663445,0.813157338414608,41.25249052196029,6.42281017327776,2.5001765289692197,0.6276759662989835,0.914509340070206,False,False
11383500,19.503562273653497,0.8068703266804322,0.8381318664364155,73.46439197967335,8.57113714624106,2.995707143481616,0.6220567192655445,0.9414115910796736,False,False
11451100,8.89404993100743,0.7311036089987719,0.7880864088603371,21.270813504038596,4.6120292176046105,2.169123711613494,0.5451291790390577,0.9319791703730967,False,False
11468500,13.568487704837437,0.7798555962792154,0.8195751231989733,40.52943417338355,6.366273177722077,2.912443658547194,0.6006529354147169,0.9466927717642435,False,False
11473900,84.35367148744878,0.6567187268487069,0.744445724054526,2442.6322803319804,49.42299343758915,10.430231739374415,0.4888322808400716,0.8745590866818982,False,False
11475560,9.438631471256413,0.6271895691728002,0.7284326936512572,33.21284769698401,5.763058883699177,2.421211679885249,0.4217982984536177,0.9109007881732998,False,False
11476600,5.660433134009039,0.6408598070375797,0.7357592727946421,11.507032525056974,3.3922017223415493,2.0660919515929907,0.46431680092611416,0.9093046575978043,False,False
11478500,3.347192260869651,0.19541573081000596,0.5541442519882211,9.014317583510556,3.0023853156299833,1.049200099016559,-0.045091398894127055,0.7547971181964536,False,False
11480390,14.475099081270487,0.7460437609686925,0.7974759954721459,53.2110681569594,7.294591705980493,3.033615206445696,0.5580346781460086,0.933023855637409,False,False
11481200,0.1508865766657692,0.14752767102411946,0.5398191294726865,0.019408032083234678,0.1393127132864574,0.0341136461445042,-0.04870063029673677,0.78994107934723,False,False
11482500,0.2581076105121575,0.17170445619882002,0.5469575219337439,0.05518066695602874,0.2349056554364512,0.093463788968778,-0.027298523828449106,0.7953273549289498,False,False
11522500,66.0388976806957,0.8188274241417253,0.8466163373911476,790.118244034973,28.10904203339155,10.503955739703935,0.7943337052708775,0.9098030112877604,False,False
11523200,11.752117271350409,0.85939413645,0.8767270377583533,19.41939363470014,4.406744108148343,2.0757979373385704,0.8099377620360743,0.9352932975282053,False,False
11528700,2.320556635967511,0.20841575076915642,0.5581652107230326,4.262667804914394,2.0646229207568134,0.4980571755470942,-0.022648779351531312,0.6570921612838521,False,False
11532500,6.266471317623166,0.36050959101055524,0.6099456236626499,25.111933218193588,5.011180820744108,1.8895502554556574,0.2136266161732968,0.7129071284511788,False,False
12010000,0.37009453731510256,-0.02788957899152411,0.4931234966438869,0.14079000125205585,0.37521993717292773,0.15642561792460025,-0.24798735274482908,0.8048179850923664,False,True
12013500,31.72653337907591,0.35012250645352183,0.6061056071808457,654.1490864861802,25.57633841045626,11.657911976997916,0.1345730373535069,0.8579959585762771,False,False
12020000,29.090706942086374,0.3276572402572807,0.5979635419678226,568.9829898459967,23.853364329712416,9.65964096565948,0.08935649086170028,0.8649175171928198,False,False
12025000,74.85811610211698,0.31745425156175855,0.5943374799337324,3824.8072376304135,61.84502597323744,28.916785040073698,0.12656320958528222,0.8428549909941319,False,False
12025700,0.40881053786183436,0.0631159367209655,0.516293163312551,0.15657773830036362,0.3956990501635853,0.12974757240422038,-0.11534403058224574,0.5690822847177822,False,False
12035000,88.86946419248362,0.5137759986539921,0.6728460845029712,3840.0910033311648,61.968467814939274,27.306395205141598,0.29115587258250053,0.8794793159549723,False,False
12040500,179.82971788790206,0.38799866008199013,0.6203468788995313,19791.34452185648,140.6817135304247,50.22229557363804,0.19743417092378945,0.8110152007643552,False,False
12041200,80.59319341037316,0.5045276659052115,0.6686850550166155,3218.2230320069243,56.72938420260636,25.694448977572893,0.364987780550281,0.8323156139406073,False,False
12043000,50.806926724544034,0.43004646461589,0.6369615262246197,1471.246026671821,38.35682503377751,15.907599666080873,0.17990299010613087,0.8520583743338671,False,False
12048000,11.41558798557632,0.6478717543734309,0.7395748171332708,45.887820879929905,6.774054980580679,4.118377402631388,0.7233627090708835,0.8678414480443075,False,False
12054000,12.319230853856011,0.4113625324392354,0.6294702349777926,89.33365218793082,9.451648120192099,4.87635256322093,0.3545857461236641,0.785401816185524,False,False
12056500,21.21188856650328,0.5708812215636117,0.6997319012868258,193.0795125737806,13.895305414915521,5.337770431000167,0.39584538217916865,0.8441468895016023,False,False
12073500,0.6072880699887023,0.03763249727942708,0.5095885447621953,0.35491998011480597,0.5957516094101685,0.4388053645533645,-0.06541736983389801,0.6110576127909763,False,False
12082500,20.17843184210264,0.5400242084975977,0.6849428639984093,187.2879343864754,13.685318205525052,6.75536714350831,0.5356822951536782,0.8035252680957303,False,False
12092000,15.46276301560286,0.6613635385889033,0.7470288079153844,80.9669755854394,8.998165123259264,4.595873133536691,0.653902738021662,0.8442427318818037,False,False
12095000,9.234353939078826,0.16767902344841557,0.5457559089248616,70.97475023067845,8.424651341787294,4.181408406609816,0.1654398217690911,0.5022951205718444,False,False
12114500,0.9134900220888873,0.12170336991992836,0.5323972710089834,0.7329069370895339,0.8560998406082867,0.47164885334553064,0.025861121647079766,0.7296116654532522,False,False
12115500,1.4306816116848602,0.307538501819278,0.590855390846368,1.4173647303101953,1.1905312806937058,0.6140141411816925,0.16981825538537654,0.7588775744001452,False,False
12117000,14.770617408638994,0.4716879643900176,0.6543166426094906,115.26243836222527,10.736034573445881,5.7732820499446635,0.42562521172331236,0.80359157396032,False,False
12141300,42.5866725109592,0.7384205153172361,0.792657150929701,474.4070080398018,21.780886300603147,9.5945807298141,0.6687085329645241,0.8814964972954441,False,False
12143600,14.227296102830854,0.6279770056307465,0.72885075840855,75.30338946311508,8.677752558301895,4.030253060664987,0.5553732314699538,0.8424463231913512,False,False
12144000,15.524958352508943,0.5592492906956821,0.6940826012036884,106.23164522122504,10.306873688040668,5.222266666383398,0.5285086972907697,0.818174869506292,False,False
12145500,6.146940675097474,0.41084857249426165,0.6292666530649982,22.261015791687843,4.718158093121493,2.569496090639676,0.2495026911907079,0.8220848563247474,False,False
12147500,11.83957596469585,0.5180537511476684,0.6747883067786252,67.55708485230076,8.219311701858055,3.741713577940114,0.4511910587190684,0.7827411164529254,False,False
12147600,2.3935565345074328,0.40939169225778405,0.6286902910870916,3.3836616652144014,1.839473203179215,1.01986215008984,0.270210290679852,0.8109157631758461,False,False
12167000,72.7861117738463,0.5416546220803407,0.6857086223474083,2428.2304241396873,49.277078080378175,22.2191693984452,0.3920334403675487,0.8301777466727268,False,False
12175500,17.563717985175547,0.8871347791109636,0.8985814106052559,34.81713618449188,5.9006047304061875,3.4557387360665586,0.8880590162826308,0.9507151481327255,False,False
12186000,32.151870092158156,0.8358907866066447,0.8590259302948215,169.6467096230044,13.024849696752911,7.55865493156977,0.866137319713347,0.923881298056715,False,False
12189500,112.53622114487096,0.7249196095293244,0.784264276569155,3483.7283912938165,59.02311743117112,29.378396288923586,0.7288823011363806,0.8664435833566748,False,False
12358500,106.10429772785702,0.8723413421723198,0.8867931736775723,1437.1967437107137,37.91037778380365,18.520400349612903,0.8105752707778875,0.9417151285589438,False,False
12375900,0.7479773831032251,-0.7233546579592571,0.3671941871681703,0.964165515934503,0.9819193021498778,0.9129339218003846,-0.5169091995331876,0.48662780451768256,False,True
12377150,2.188988334962389,0.5432218247124609,0.6864463079992394,2.1887302474802826,1.4794357868729155,1.2677078968065734,0.31161563246788526,0.8944394743592798,False,False
12381400,1.594750901325303,0.390980341305844,0.6214964463588825,1.5488773328915553,1.2445390041664244,0.5147195704984936,0.24791721036958614,0.778506562347187,False,False
12411000,25.136059106943218,0.9060385644361449,0.9141090055743831,59.366852099572206,7.7049887799770485,3.775097612108077,0.8528170130853598,0.9576024894742865,False,False
12414500,72.47651447107923,0.9197543562694201,0.9257153739093498,421.51794046889887,20.53090208609692,12.590583923997313,0.8939769623811796,0.9655563058023321,False,False
12447390,0.046645389878644895,-0.44766188847368626,0.4085531603482948,0.0031498117302675125,0.056123183536463006,0.035509903658889626,-0.507935010074311,0.5475651674627928,False,True
12451000,44.46925289387775,0.9129846988656417,0.919950251810114,172.07401562008988,13.117698564157124,8.224231866722093,0.8601307565932035,0.969841463927107,False,False
12488500,8.92261586488459,0.6719886581116895,0.7530056170891519,26.113991192703093,5.110185044859246,3.036119073633263,0.4327465331931821,0.9616102490855352,False,False
13011500,26.39118677869437,-0.043851102945130505,0.48927243210575794,727.0368021143448,26.963619974223505,23.4359906575069,0.3755512149441803,0.9173065700780494,False,True
13011900,23.53915258290757,0.9758832361237345,0.9764511579861421,13.362898798916817,3.6555298930410647,2.932352498448132,0.8627918351081929,0.9963606581447169,False,False
13018300,0.05917644318372744,0.03396370493825729,0.5086376088334602,0.0033829155792428943,0.058162836753745895,0.019801173505575677,-0.6171970558563904,0.5014875403354658,False,False
13023000,20.88174323275532,0.9612777712239338,0.962721286111598,16.884719452551412,4.109102025084241,3.3903117247521957,0.8302516966257305,0.9955084373604348,False,False
13083000,0.2975182280176595,-41.861200397158335,0.02279919361406232,3.7939489903491435,1.9478061993815359,1.8909294769334892,-5.96821697681655,-0.1704101363343281,False,True
13161500,0.2792402491049451,-0.12884539671493633,0.46973819777759335,0.0880218515678984,0.29668476800789484,0.13540067942169826,0.5036515832152613,0.5505062405211957,False,True
13235000,1.3453883989869522,0.31240389211395714,0.5925588446945662,1.2445970485843834,1.1156150987613889,0.50924273961871,0.2906300105069247,0.5752409163588375,False,False
13310700,1.6501858034553545,0.7806703909245651,0.8201227892417514,0.5972593505372223,0.7728255628129949,0.40601179910523216,0.6040676346665481,0.9310511446374139,False,False
13313000,8.989166774851146,0.9064692251251987,0.9144690053322828,7.557765422549161,2.7491390329608945,1.3333645141509973,0.8597535323541255,0.9546604213386797,False,False
13331500,16.82177734673654,0.15102037076428443,0.5408388411576793,240.23762758475394,15.499600884692287,9.007793815139994,0.005798661018717732,0.9355890542873253,False,False
13337000,103.64032767401437,0.8906739796128286,0.9014482502186193,1174.3054982178255,34.26814115498279,17.281647861388347,0.8470743986807079,0.9487438532230653,False,False
13338500,0.05581799087457593,-0.021761964215470053,0.49461806963414845,0.0031834507278492167,0.05642207659993752,0.017747612816933395,-0.026318569838668537,0.18208032666660548,False,True
13340600,4.6074132273311585,0.14404443061823569,0.5388060018770326,18.170444505595615,4.262680436720024,2.1320028164275215,0.11402507781312154,0.5810852850472215,False,False
14020000,0.040222592500700524,0.09001096007392839,0.5235632137651984,0.0014722320903726935,0.03836967670404187,0.010404971087338255,0.007879232886898624,0.30027202067898495,False,False
14092750,2.186479634071254,0.4232445435930514,0.6342137558088827,2.7572908828602167,1.660509223961197,1.1277763174571356,0.289014695390426,0.8650245282444549,False,False
14096850,2.0272082597611747,0.36022978473111356,0.6098415440702598,2.629182613001847,1.6214754432312095,1.2072804292213926,0.24419234884257435,0.8278783225571097,False,False
14137000,37.46362907636158,0.7290649071921839,0.7868222426613052,380.26377069801555,19.50035309162415,9.525156745359466,0.7178457888320748,0.8739934040297763,False,False
14138800,0.7379197725067119,-0.11219395765428453,0.473441369518242,0.605618071716131,0.7782146694300558,0.45690272338860466,-0.17603060534213655,0.6565444125294577,False,True
14141500,4.794014454737719,0.36666094510310776,0.6122427532739839,14.555762071342933,3.815201445709379,2.2926364707869125,0.27117979352395005,0.7484355154405221,False,False
14154500,0.06662761558422284,0.2134107780832457,0.5597257543774631,0.0034918576755389,0.05909194256020782,0.02344077779789243,0.028597495239343518,0.7089563626174241,False,False
14158500,10.17351393295139,0.8568523159618793,0.8747776109448452,14.815840516299431,3.8491350348226847,2.3672560303719887,0.8367699413327587,0.9450858948323054,False,False
14158790,3.0263405673814323,0.6398244412360865,0.7351992127463088,3.2987532993073545,1.8162470369713901,1.3119516371191355,0.5313917378318076,0.8539669200505995,False,False
14166500,0.1264946246319035,0.0034224477082887006,0.5008570785803838,0.015946127851247115,0.12627797848891592,0.07149101885451532,-0.04694399149858919,0.7193459314958731,False,False
14182500,46.76236275288991,0.42015100422098095,0.6329718869789216,1267.9665670008599,35.60851818035763,23.329042240068528,0.5882527255449141,0.7942672213315428,False,False
14185000,26.83399753890747,0.6800789963172809,0.7576210979368418,230.36341329509133,15.17772754054741,6.778598136775499,0.5490435807377875,0.875877101574185,False,False
14187000,7.679358005961136,0.49481792970494043,0.6643714536168842,29.791869536424297,5.458192881936685,2.9246597982567177,0.3092823171218715,0.836141152803478,False,False
14216500,23.757599776407265,0.39049637693477945,0.6213095675395556,344.01819692268265,18.547727540663374,9.916068517306616,0.4053988934907298,0.7439256154372457,False,False
14222500,28.639474326010404,0.5517979889197666,0.6905114012748031,367.62402479739046,19.173524057861414,9.001520485326683,0.3589813881899234,0.854183314014228,False,False
14236200,31.073700084151806,0.5117319398504268,0.6719219653880756,471.45935255207905,21.713114759335635,8.879439757664532,0.2807393438963415,0.8621723199179766,False,False
14301000,107.36258912143798,0.5967240400504678,0.712618208065051,4648.451308371141,68.17955198130258,34.577103021638386,0.3758924314220714,0.9000081339813292,False,False
14303200,0.5643983183045328,-0.017944742003704883,0.4955537082779862,0.3242616778317317,0.5694397929823062,0.2705108490069155,-0.14969624267615256,0.5461695249916467,False,True
14305500,48.50774343944676,0.6252408368091713,0.7274001343471614,881.8087508005734,29.695264787514077,12.303414067952994,0.39555729171229315,0.8858565921325604,False,False
14306340,1.0617739698764335,0.3911240536184566,0.6215519613237173,0.6864247999533202,0.8285075738659968,0.4862350554695532,0.27524559674144145,0.7838472094879562,False,False
14306500,53.71535880930867,0.5862528215658879,0.7073400500842132,1193.8011894940098,34.551428183130284,15.591601605973953,0.39899046946737693,0.8723413922590393,False,False
14308990,0.06929184468529828,0.14709200815831647,0.5396922051191855,0.004095118093860367,0.06399310973738007,0.02009711638073577,0.01680789620693668,0.5052258911032227,False,False
14309500,12.606250650202147,0.06830545372583319,0.5176801901360596,148.0626197253187,12.168098443278584,4.34751128260374,-0.15081747815646285,0.69942288244714,False,False
14316700,27.612826725821254,0.08140349086551757,0.5212143331018152,700.4006266533571,26.465083159766515,11.959630959145656,-0.06702141090341662,0.49228963577562634,False,False
14325000,0.8594778445625298,0.21309956431497445,0.5596282702884005,0.581285055711204,0.7624205241933116,0.23198057772852165,-0.022593659522020193,0.7427957840910673,False,False
14362250,0.560039049862738,-2.0200696969383922,0.24875190615764214,0.9472259468691389,0.9732553348783344,0.9325115063482861,-4.012999235974899,0.5848116336801055,False,True
14400000,94.69190928279777,0.6670552465501336,0.7502186399037514,2985.3683372673986,54.63852429620879,15.789013422282988,0.47276847264032107,0.8835877121208161,False,False
394220106431500,16.840084159118057,0.9861757202047773,0.986364224973962,3.920405865026122,1.9800014810666486,1.2596421069874564,0.9112806652740281,0.9972604464700585,False,False
