basin,std_obs,NSE,NNSE,MSE,RMSE,MAE,KGE,Pearson-r,low_var_flag,neg_basin_flag
01013500,22.67940341600964,0.08708221560829676,0.5227616200546716,469.5641367493766,21.66942862074071,18.12700052266168,0.5270946498283741,0.8624357899862666,False,False
01022500,10.991757631823756,0.3114023132183199,0.5922073729153998,83.1955020170769,9.121156835460999,5.690215668789819,0.30283873225228375,0.777884341504105,False,False
01030500,99.94551761307223,0.606905692570193,0.717826492195602,3926.660897900587,62.6630744370286,33.037506996587226,0.46959119305278696,0.8547739609471878,False,False
01031500,26.878528724023617,0.5019406058080629,0.6675302754196916,359.8256522204774,18.96907093719873,6.350128537152596,0.34344047444450165,0.7774500464327871,False,False
01047000,32.39637096101579,0.48982384084042474,0.6621744052405831,535.4425576520948,23.13963175273312,8.880282703331742,0.3489873460689594,0.7739693677263468,False,False
01052500,3.5046616758806803,0.23813698417645945,0.5675810156742372,9.357699409169443,3.059035699230959,2.609330834410667,0.5395626310448631,0.9004898445511097,False,False
01054200,12.764782617661401,0.5693487906712142,0.6989823889144628,70.17016820531393,8.376763587765499,2.9068584381089346,0.3820751916855527,0.8532616493123731,False,False
01055000,0.13454440773655302,0.17516772009083936,0.5479955670500193,0.014931276961638578,0.12219360442199328,0.05253125345424218,0.07354154874517904,0.5523451870654295,False,False
01057000,5.736393024294093,0.5043601741089041,0.668610171171528,16.309625681830507,4.038517758018467,2.1239613916085105,0.3571656792871555,0.8555095200110215,False,False
01073000,0.5719339811571569,-7.840268308212117,0.1016232452895068,2.891726718503228,1.700507782547092,1.6506463096256094,-1.9388597105785639,0.5263605955826296,False,True
01123000,2.246446498355376,0.31791026175666004,0.5944986032935032,3.4421807813292618,1.8553115052004776,1.1994072062904897,0.17267753141169118,0.8928578124596489,False,False
01134500,3.826007438809261,0.3866782868858831,0.6198391752068769,8.978007424747751,2.9963323288226476,1.5903247179332922,0.24528529767147478,0.8865675532560693,False,False
01137500,0.1846225802767279,0.3197222489320889,0.5951397019715602,0.023187605343898195,0.15227476922950234,0.08637428791659059,0.240932014214443,0.6617711542358925,False,False
01139000,4.5943351729462725,0.5849100852042409,0.7066688763337916,8.761682921696462,2.96001400701018,1.5101182243811266,0.4618753094326996,0.8383940130423442,False,False
01139800,0.9456430164745946,-1.0806641039390263,0.3246053338698533,1.860614555163923,1.3640434579455023,1.2383698778659502,-1.5878798090100088,0.7577469692468789,False,True
01142500,1.873326094975751,0.21064080881242397,0.5588592860085917,2.7701381970848993,1.664373214481926,1.2471188679155012,0.093324490916736,0.7882073095546529,False,False
01144000,30.787593389274758,0.5303669396638895,0.6804419599619624,445.1538628839433,21.098669694650024,12.370473521833684,0.4662665453508644,0.8277404547397872,False,False
01162500,1.4017285489034685,-0.43893603298228534,0.410014853393764,2.827283283660885,1.6814527301297784,1.5244059503565233,-0.30329200232166853,0.8159234437546021,False,True
01169000,7.445569587563618,0.5396142114952562,0.6847505692477859,25.522179749240436,5.05194811426646,2.827098341450472,0.3656547489060934,0.8746133389220968,False,False
01181000,8.413099761785636,0.5519286964846004,0.6905737290507431,31.71459780606223,5.631571521881102,2.7670548307047493,0.3603962625218018,0.8754558992688576,False,False
01333000,3.4480524377803854,0.2209097013104927,0.5620850165596475,9.262655680103638,3.043461134975053,1.3259541597272742,0.11052853071215951,0.7415144614065149,False,False
01411300,0.18439511412586798,-2.2681681350710794,0.23429255089158918,0.11112280876928168,0.3333508793587947,0.3059527467618798,-0.37655776424142395,0.42192832055980006,False,True
01413500,0.560647662258042,0.1390003227128188,0.5373456063451453,0.27063441339228056,0.5202253486637118,0.14601174760818605,-0.03338702526407422,0.7360873025679807,False,False
01423000,21.4791491272772,0.4260364297015756,0.6353387199491531,264.80030132808514,16.272685744156835,9.937808596597757,0.31838975055318464,0.8407064010971833,False,False
01434025,0.49329044847219516,-0.4847663055942806,0.4024523343497409,0.36129630169529386,0.6010792807070411,0.4917108925573522,-2.986475416344984,0.6325035373802971,False,True
01439500,8.310973873234664,0.4680550195710108,0.6527649574725398,36.74265620830129,6.061572090497752,3.235098063178581,0.3090732147130709,0.8846288023683293,False,False
01440400,0.01145941999381803,-1.4025959332772504,0.293893256680889,0.0003155048293893208,0.017762455612592556,0.010323030746053867,0.11141315596744694,0.16291663290738903,False,True
01451800,5.505915556685523,0.49005417016237185,0.6622754142826004,15.459061945628651,3.931801361415484,1.5055451643135187,0.3098400282115744,0.9151528985697017,False,False
01466500,0.12680552144331358,-144.15593104545405,0.006842007661591256,2.33405515405164,1.5277614846734553,1.5164267444626285,-8.86448287833098,0.4200935924248921,False,True
01484100,0.04503032874455597,-187.13708407832502,0.005287170439753012,0.38149130485406535,0.6176498238112477,0.604950326617447,-6.203875088396944,0.21056906187095378,False,True
01485500,4.510602232307596,0.6238864710101907,0.7266842298499089,7.65223002703659,2.766266441801402,1.5265964541330852,0.4719030176453858,0.8526475152233706,False,False
01486000,0.2897382795267029,-9.769441083939954,0.08496580193298683,0.9040759545740563,0.9508290879932398,0.9274760160807802,-5.072418477212712,0.472303613540915,False,True
01487000,2.7631728307974814,0.46254233544674617,0.6504244136638225,4.103555963521401,2.0257235654257966,1.216743387994525,0.31321194824350684,0.8745422952028811,False,False
01491000,7.795501135523845,0.5309730741060623,0.6807227167680922,28.50269028261557,5.338791088122439,2.5871263679688816,0.3434333703921215,0.8835382632686126,False,False
01510000,11.508916541359378,0.4382179108505293,0.6402941914544487,74.41093647869525,8.626177396662746,4.388214733514713,0.2690976798960534,0.8548503960666459,False,False
01516500,1.1714554748390007,-1.0067397078118008,0.33258615549656767,2.753864813533388,1.6594772711710721,1.5031999317011175,-1.967059612283243,0.7849775350771058,False,True
01518862,0.46423966744978795,0.2982784287264083,0.5876401973629484,0.15123395858859567,0.3888881054861355,0.10357122857231382,0.17616397097805503,0.8801717792681443,False,False
01532000,18.367043078383105,0.5250281360923144,0.6779790343597952,160.23093727340347,12.65823594634748,5.295993414173251,0.28206069147896895,0.8630698549440332,False,False
01539000,0.5279809454295035,0.28539070541748257,0.5832232469283829,0.19920725873907122,0.4463264038112368,0.1066948012010735,0.1829058070080556,0.6911915415788276,False,False
01542810,0.5535799228850836,-3.2707550881112617,0.189726136631847,1.3087760187652953,1.144017490585391,1.1060825644144952,-2.240614110142504,0.4909946379638329,False,True
01543000,19.658447540859715,0.4664955130948798,0.6521011242804868,206.17524159381998,14.358803626828385,7.8903318748619835,0.2558222786746639,0.8652383212302055,False,False
01543500,46.88806974720484,0.48069102203808567,0.6581939648256774,1141.696158211741,33.788994631562225,19.342135474796496,0.2738326623073908,0.8766612443790482,False,False
01544500,0.12012171793265579,0.11624273598457424,0.5308539582580801,0.012751934280626388,0.11292446272011387,0.030647028061850854,0.021980996627605887,0.609939110053491,False,False
01545600,2.002935115977121,0.36723733091079014,0.6124588826849046,2.5384850548267046,1.5932623935895507,0.8426647596614635,0.2282364730839722,0.9023355254944313,False,False
01547700,3.301186362324797,0.5001600937954054,0.6667378270595162,5.4471710242092914,2.3339175272938184,1.5970644712300546,0.31163951768982723,0.8532065422582744,False,False
01549500,3.022075556423599,0.46105302346380117,0.649794967108458,4.922170760298142,2.2185965744808454,1.1903305011846326,0.3099633400122087,0.8754911573022643,False,False
01550000,16.159303613366163,0.6015775763840745,0.7150915081969884,104.03729568230196,10.199867434545508,4.770140139850627,0.3720468518616642,0.8749217452830201,False,False
01552000,41.44400482856814,0.6009029155365886,0.714746682774716,685.4913617677587,26.18188995790332,13.122468761200702,0.3301999341971271,0.9001543991158947,False,False
01552500,1.007593641894773,0.2831461155600862,0.5824607493177721,0.7277822840488328,0.8531015672525943,0.583145051992651,0.14114990049899934,0.7660894433769656,False,False
01557500,3.551160998212344,0.5234042006112931,0.6772334043033226,6.010227824992504,2.4515765998623222,1.4876444403753015,0.35954632125223984,0.8941776088325911,False,False
01567500,0.06543953820071052,0.009235827175813394,0.5023196688241358,0.004242782270947955,0.06513664307398681,0.03081053155596939,-0.9809525543797426,0.633807186393891,False,False
01568000,0.9722060085691924,0.24182170970791506,0.5687705311353097,0.7166183857330121,0.8465331569011412,0.19265464041843244,0.10064443232456677,0.7193622455532457,False,False
01580000,0.46184509882303787,0.09455306661064777,0.5248112568641468,0.19313264154480111,0.43946858994108,0.15266132655322692,-0.010570512076425453,0.6125271340527408,False,False
01583500,3.7094197247710436,0.5677331587795276,0.6981939197502286,5.947902988442586,2.4388323001884706,1.4513592963725845,0.4625769945481215,0.8024461011514376,False,False
01586610,0.07131865650578632,0.062197884140971826,0.5160485644101487,0.004769990510159367,0.06906511789723788,0.0364589581415431,-1.3766745793264277,0.6685548540067107,False,False
01591400,1.7711727227789522,-0.046079156713215275,0.48873964466085557,3.281605562146285,1.8115202350915887,1.5089059820847457,-0.6582008990186818,0.8520800228884027,False,True
01594950,0.27709779705904575,-3.4778127121589195,0.18255461669588174,0.3438207403886986,0.5863622944807234,0.5567570587583319,-2.888016266923472,0.5009757473733645,False,True
01596500,4.345465364028981,0.5362555170059179,0.683179346954398,8.75691917739646,2.9592092148742135,1.7057023355860828,0.36635912919423563,0.898730576470155,False,False
01605500,0.31618322132952975,0.25865928496252266,0.5742701536605821,0.07411318752830379,0.27223737349655686,0.15852813296407178,0.20396755638663078,0.8046299824556525,False,False
01606500,14.067734764910725,0.38271863910989246,0.6183216007940803,122.16069824052589,11.052633090830705,8.093108365856839,0.37179316421259845,0.8902218507854226,False,False
01613050,0.32300200897674763,-2.6212610866205006,0.21639114978705817,0.3778072475895864,0.6146602700594748,0.5840269106513254,-3.6620107023064605,0.5135088229280484,False,True
01620500,0.3583616993990397,-19.189919455945013,0.04719225111162192,2.5928521986487865,1.6102335851201175,1.576274461063329,-3.368244785852248,0.3443954884254165,False,True
01632000,18.00309707189282,0.7382397210558348,0.792543573202982,84.8395177431687,9.21083697299918,3.781674260662651,0.5509338121255534,0.8910788348735041,False,False
01632900,0.3402927699571713,0.22845448645963418,0.56447886456021,0.08934432953363898,0.2989052183111546,0.11637121733734379,0.13265233071698024,0.7404562144354667,False,False
01634500,0.5301823293355626,0.30733017510619964,0.5907826708393888,0.19470484851044828,0.44125372350887676,0.18949470176255995,0.06339475256474825,0.7508242041363334,False,False
01638480,7.096634438185672,0.6189965911949025,0.7241111742549877,19.188177628054984,4.380431214852595,2.098075175230193,0.5339614694640222,0.8297275013430694,False,False
01639500,0.46631702215985465,0.11432614880482206,0.5303144015950477,0.1925911651601641,0.43885209941410114,0.05821117141621966,0.05140834033620523,0.8526743864392912,False,False
01644000,0.05967516196605954,0.08074392297629729,0.5210352135764789,0.0032735857565454113,0.05721525807462037,0.026970482599213228,-0.9093056938300701,0.5163764356084912,False,False
01658500,0.4804124452722128,-14.56413711651838,0.06037139109424314,3.5921424198573484,1.89529481080315,1.8619685126001748,-7.506269441497645,0.4474977253433624,False,True
01664000,35.30975349245684,0.5224964644764667,0.67681733136812,595.3412333012329,24.399615433470114,13.089813833784481,0.312531223833327,0.8728520549897129,False,False
01666500,0.9392471731115363,0.20060013135898835,0.5557408430596614,0.7052187747241287,0.8397730495342945,0.1934268087415672,0.09910022743429447,0.5489889540336907,False,False
01667500,27.433811331375633,0.5803453195403954,0.7043966492444881,315.83798942750235,17.771831347036308,8.83532871876611,0.34333455368687005,0.8832369630215967,False,False
01669000,1.880781838247254,0.0538480986583294,0.5138345055751318,3.346861272375383,1.8294428857921154,1.5858055173487529,-0.19717298241873582,0.8844268024111553,False,False
01669520,4.947379134754661,0.5796515836424163,0.7040526032087625,10.28868336124938,3.2075977555250565,1.9060998672410854,0.3944493322554703,0.9258498389407591,False,False
02013000,9.98011162955851,0.5199196120326763,0.6756389775378048,47.81726835927168,6.915003135159932,2.890501390296965,0.3775345341723956,0.8066013217251838,False,False
02015700,4.160355248730112,0.3864628133107437,0.6197564011845643,10.61944262850865,3.258748629230038,1.4965033636028393,0.24036905818556353,0.840295845465995,False,False
02017500,7.465936455730077,0.5188174284940239,0.6751362183415789,26.821216218005503,5.178920371854109,2.256262805465301,0.3329471810239062,0.8467940463003318,False,False
02018000,20.152330942570646,0.6225683889505624,0.7259888563455575,153.2811831358279,12.38067781407092,6.849831551204661,0.4197472102906471,0.881797369186588,False,False
02027000,7.864520190563131,0.6098309525618008,0.7193369769257904,24.13222005146998,4.912455603002431,2.1912130330389976,0.432205952363522,0.8788511522717566,False,False
02027500,3.979181056029739,0.5330943090821161,0.6817070832783204,7.392929557536876,2.7189942180035755,1.463442675650881,0.3575826880242511,0.9144572270103045,False,False
02028500,0.011954534419572836,-1.0016269442171062,0.33315265973560987,0.0002860542944287382,0.01691313969754694,0.012970459851120051,0.23291093651863148,0.4243089108127403,False,True
02038850,0.7130920648890231,-6.81642068331171,0.11342471462289277,3.9746522077353785,1.9936529807705698,1.93968377444047,-8.398577608179142,0.5476283905556424,False,True
02046000,4.579460591467296,0.44791064812093206,0.6442928036258544,11.578119377754735,3.4026635710505873,2.2451751452771394,0.27356153010637196,0.9319538241377999,False,False
02051000,9.527548896010941,0.6191054216326686,0.7241682425767264,34.5753960519005,5.88008469768085,2.4403522031278326,-0.2035420638697718,0.9201681090712039,False,False
02051500,0.6632401944220827,0.18541170195237533,0.5510891925600606,0.3583272551646655,0.5986044229411152,0.2865401540482638,0.020845555008368266,0.7063345625245631,False,False
02053200,0.12727912686407103,0.2770654721303728,0.5804051075791483,0.01171152209885808,0.10821978607841581,0.04075263764155851,0.13918152045082932,0.8351650048421067,False,False
02053800,0.08650568722314948,0.3816534794035529,0.6179146352608381,0.004627231658446696,0.06802375804413262,0.04128716283317404,0.3827204013267358,0.6319357375113702,False,False
02055100,1.0621183036877722,-2.2801097689256093,0.23363886768983955,3.7002763843818576,1.9236102475246533,1.8483386175580283,-2.648604750342042,0.7838262276022098,False,True
02056900,0.055053917187331734,0.15690567594973825,0.5425658290794724,0.002555363081387328,0.050550599218875024,0.016435563098275166,0.040791842504959486,0.6047080588510992,False,False
02059500,14.929774254241774,0.657471393218821,0.7448630851878687,76.34899595316534,8.737791251407037,2.9098519198800363,0.4512814502587854,0.8747137909564653,False,False
02064000,0.28803161814008976,0.141068557263328,0.5379434534324866,0.07125885334628808,0.26694353962268513,0.06856327687805445,0.03891498480519251,0.6362885912435365,False,False
02065500,0.1541084994431476,0.07958542418785974,0.5207208967246573,0.021859321171633684,0.1478489809624459,0.05018996638595473,-0.25546861987434233,0.4540540940126744,False,False
02069700,5.157641209240952,0.5332136609754315,0.681762553546151,12.417106096035836,3.5237914376472164,1.7953070591895381,0.3560605555416927,0.8974523429770125,False,False
02070000,7.74698652220714,0.6596922965794311,0.7460973308203203,20.4238391265902,4.519274181391322,2.0183547914634,0.5251417802499923,0.8663683017111058,False,False
02074500,0.02933944502735298,0.15324868180604623,0.5414914234245457,0.0007288861041792954,0.02699789073574629,0.013432692807261944,-0.5177984892497431,0.6259099719591822,False,False
02077200,0.44409185105016125,0.16267389872445237,0.5442691960375237,0.16513542080743052,0.4063685775345216,0.2142180172934767,-1.4947530751215528,0.6371610618238095,False,False
02082950,11.588617540186206,0.618055184137442,0.7236178959691943,51.29368256817634,7.161960804708187,3.385746297840261,0.39241579461592624,0.9408226843410016,False,False
02092500,0.06332915370273966,0.4138909869256312,0.6304736886033397,0.002350638087143335,0.04848337949383619,0.017460206899756033,0.2956947461133167,0.7450116216349476,False,False
02096846,0.782555000100143,-1.5671849103314313,0.2803330988264045,1.5721243441108834,1.253843827639983,1.1964567484125856,-6.544053444044335,0.8282399243114934,False,True
02102908,17.237600075562376,0.7781646401400215,0.8184408741572181,65.91501778867898,8.118806426358432,2.2319400869902144,0.49939873128912593,0.9626790422479048,False,False
02108000,0.021899176343657303,0.4813892934188827,0.6584966085556729,0.0002487121718586937,0.015770611017290794,0.009001908752487636,0.44223350223637203,0.762649748314676,False,False
02111180,8.887779393401548,0.5815140617569747,0.7049770272933595,33.05730176034504,5.749547961391838,3.1001970609000127,0.4551314627528198,0.8531982443376249,False,False
02111500,0.07921667936868633,0.19699872238219596,0.554630777256708,0.005039059696443987,0.07098633457535321,0.02834355856066389,0.09829973813581228,0.6936480431457913,False,False
02118500,13.342891848359695,0.7115853035984794,0.7761476198563639,51.347265254700666,7.165700611573209,2.8433536762196416,0.5317505943717025,0.8849450368969191,False,False
02128000,0.07263169318470476,0.3271735793454402,0.5977906539811287,0.0035494035073009716,0.0595768705732432,0.02030016167697603,-5.3956867688713235,0.7731302811692201,False,False
02137727,0.01322786137965635,-1.2567278435012295,0.3070566679360361,0.0003948739258036996,0.01987143492060147,0.0124576262494166,0.1837500876792727,0.5256103247624393,False,True
02140991,0.01489550578448907,-1.169394811610498,0.3155176490908242,0.0004813368440542369,0.02193939023888852,0.015471730701528682,-0.4889796437558933,0.38316428696451954,False,True
02143000,8.19295202089484,0.6625909493967277,0.7477143956435203,22.648401271232277,4.759033648886324,1.9874864533381482,0.4811035300378904,0.8962947027686087,False,False
02143040,2.859823729632575,0.4534633107581977,0.6466060630545113,4.469900465668123,2.114213911993799,1.426252012858183,0.15265116041561244,0.9156691539622834,False,False
02149000,0.08421614867426952,0.21839127010863635,0.5612904692384262,0.005543450255116516,0.07445435014232893,0.015153616737914061,0.12284843824169422,0.7153258319677224,False,False
02152100,0.3026926682223145,0.23963645964195945,0.5680644804746467,0.0696666756648146,0.26394445564325575,0.0839703046075426,0.14203065000571458,0.6445410361694351,False,False
02177000,0.05351513734874234,0.1695146536760772,0.5463031987708903,0.002378402006867961,0.04876886308771162,0.035933688737341346,0.3711539400169832,0.6343148078552466,False,False
02193340,2.8632998194991535,0.2867465942479718,0.5836848166433689,5.847597959047109,2.4181807126530286,1.9062990597343072,-1.8679650357774729,0.857993588805847,False,False
02196000,0.04220425674681008,0.05645438884976606,0.5145235564645059,0.0016806427703523526,0.04099564330940975,0.015071008999802883,-1.5185188623895773,0.36629716390932754,False,False
02198100,0.09658467424716626,-0.7345773779471747,0.3656872202865556,0.01618117731272726,0.12720525662380175,0.11115674750862474,-1.7454215643312097,0.5651970531767587,False,True
02202600,12.889609566433151,0.578938965083136,0.7036995424045969,69.9559371055909,8.363966589220148,3.3022196950460687,0.35165278346802786,0.8802155727720491,False,False
02212600,0.02924020542263453,-0.3840640492694467,0.4194518181281379,0.0011833603860705935,0.03440000561149073,0.027997240431923278,-2.2796230497762084,0.5583795903748023,False,True
02215100,2.9250885686360757,0.5274823596128695,0.6791090120571297,4.042928564664908,2.0107034999384936,0.8461756697316426,0.34896956643542554,0.9093389278375783,False,False
02216180,2.081755186617429,-0.17052170236085007,0.46071872900985605,5.072695352650811,2.2522644943813352,2.0332090576544135,-1.0977135160795677,0.8862983294094705,False,True
02221525,0.07901150246698312,0.1611605025687094,0.543821253239839,0.005236721912785297,0.07236519821561534,0.03613154627411882,-0.358426001858575,0.6455397734750877,False,False
02231000,0.0499937562863878,0.40286526959961877,0.6261212538714958,0.0014924640154551777,0.03863242181711079,0.01847201656973585,0.31262412614120383,0.7127337574074004,False,False
02231342,6.829464428966318,0.8753411434871408,0.8891585161216095,5.814286575571145,2.411283180294497,1.5118478971704519,0.839677505220937,0.9395655809876293,False,False
02235200,1.6556586319797948,0.46937678974616803,0.6533286528656287,1.4545472653730602,1.2060461290402869,0.9755455162225678,0.31050659415877413,0.9151760110190762,False,False
02245500,1.0011917013458997,0.09313057565445892,0.524419756923425,0.9090321472651521,0.9534317737862276,0.11697668677976168,-0.1169902936221543,0.4325021813103331,False,False
02296500,35.291380110797625,0.5380530292879783,0.6840193386172985,575.3464106799865,23.986379690982684,3.2813653705919785,0.49467504103602833,0.7510955433135278,False,False
02297155,1.0910765474685085,0.31106757116799133,0.5920899989418499,0.8201382543842819,0.9056148488095157,0.3583551923877466,-0.03139437001155909,0.8806756265760345,False,False
02297310,1.171683440612549,0.18781470250400545,0.5518199498592998,1.1150021572253437,1.0559366255724554,0.09629579357621726,-0.01772771608788104,0.7835305472052919,False,False
02298123,12.180776641559284,0.9363686019596245,0.9401753293879728,9.441074494706085,3.0726331532915028,2.1490720311062765,0.7855887650518022,0.9752332785628188,False,False
02298608,0.4632650797234788,0.3689066660763921,0.6130857009846838,0.13544180182807797,0.36802418647159313,0.07132191658647097,0.23116658820825065,0.8470553382954498,False,False
02299950,7.483267107728334,0.8930017958079898,0.9033438321879596,5.991823102833832,2.4478200715808,1.8894553557855223,0.8050858665093048,0.9486716496288929,False,False
02300700,2.594051223394781,0.5404065693534476,0.685122294334411,3.0926509582665247,1.7585934602023643,1.4889216167853538,0.23751594270197163,0.8472935302234792,False,False
02310947,4.119269066289179,0.3794147745149037,0.6170610371328457,10.530324464137847,3.245046142066064,1.952008909172915,0.23777904104801195,0.8693236962411798,False,False
02312200,24.65617945501694,0.830326041032771,0.8549390984842957,103.14941229670929,10.156249913068764,7.224831564105797,0.6934345474791836,0.9463232126424546,False,False
02314500,29.35871457263223,0.48826837655589916,0.6614930748896759,441.07894722402966,21.00187961169261,10.398240590529701,0.394257196506958,0.7930998512971179,False,False
02315500,53.1749334050253,0.5660196906632032,0.6973596453792948,1227.1112407026217,35.03014759749981,19.04563926444611,0.4899458761306196,0.8424373543715109,False,False
02324400,4.984335844388184,0.6758186630147904,0.7551835780110904,8.053832698544113,2.8379275358162537,1.7670591432996363,0.49879163630936796,0.9154583595740542,False,False
02327100,8.297275244638296,0.5443935789270018,0.6869988930543817,31.366122224032353,5.600546600469667,2.638795816167463,0.3630343854017659,0.8642784483974132,False,False
02349900,2.306876841459622,0.292087116788884,0.5855099576975259,3.767286371517785,1.9409498632158908,1.6198843003865706,-0.03703043838202347,0.9164200344111718,False,False
02350900,17.98008583324991,0.4959361530661899,0.6648653925420809,162.95551789117013,12.765403162108518,7.652567237553136,0.36570858829561403,0.8824039905347058,False,False
02361000,1.423736787120914,-0.1740312592936557,0.45997498689365707,2.3797924028023276,1.542657577948628,0.9196196937735018,-0.039118852853666786,0.5929212114396004,False,True
02363000,27.452306791604244,0.6360669139766957,0.7331737973419276,274.2705816143927,16.561116556995568,7.589533951480096,0.4159135494660624,0.8788178006899663,False,False
02369800,0.060879239570317094,0.11398880487757834,0.5302195461968557,0.0032838071765234154,0.05730451270644761,0.018938950481390035,0.030552287629841746,0.42178511318031997,False,False
02371500,25.09529890845942,0.5541222266213851,0.6916213931854542,280.8022410264028,16.757154920403487,8.303083632649125,0.3704201198053031,0.8517352685355387,False,False
02372250,0.11307840639609541,0.13136305103605406,0.5351494310087594,0.011107022653867439,0.10538986029911719,0.03047837910395536,0.013876622342622436,0.4970588898500194,False,False
02381600,0.5060094399815567,-3.209930052336782,0.19194115659028385,1.0779338698172543,1.0382359413048916,0.9994169859206393,-1.5845366080168715,0.6291280352581857,False,True
02384540,0.4748067424825588,-0.03987892249913472,0.4902251741367381,0.23443180452870044,0.48418158218658053,0.34584741227975385,-1.3041606967772146,0.5451137363880324,False,True
02395120,0.3785183617805407,0.2728226522702577,0.5789793395069894,0.10418717089901776,0.3227803756411126,0.12760885425663443,0.15751113566991293,0.7827199492729879,False,False
02408540,24.83835612126468,0.6945798679572698,0.7660369067812622,188.42709803164422,13.726875027902171,5.991714431554009,0.4606263483920775,0.8924133381017275,False,False
02415000,0.09226883146942308,0.16635279352451082,0.5453611776946621,0.007097286554634886,0.08424539485713677,0.026832399387393173,-0.21915710077169015,0.5932347829854583,False,False
02422500,0.0396716716697968,0.010971642756421485,0.5027580408083338,0.0015565739060200278,0.039453439723552974,0.017514069944985184,-2.0896459967125636,0.3651074659711864,False,False
02427250,18.986148377567115,0.6716924812241376,0.7528377170683916,118.34626878151633,10.87870712821686,4.673095166096782,0.5045388878168846,0.8585885383891497,False,False
02430085,0.10477181872455209,0.22284667557461701,0.5626976503692137,0.008530916179869489,0.09236295891681626,0.04333101008315555,-0.1854308520424055,0.6808992600546393,False,False
02450250,0.8899935964741547,0.19105694416979868,0.5528089990323423,0.6407545740000508,0.8004714698226607,0.18926889624700033,0.046156225937506457,0.7361597718931425,False,False
02464000,2.4516280722571664,0.2142246610619657,0.5599808543636181,4.722887120012293,2.1732204490139266,0.6474070722251278,0.045549189589688344,0.6874932939118327,False,False
02464146,0.052821756355664315,-0.5695276095198627,0.389176592730544,0.004379198538257296,0.06617551313180198,0.05826115231333998,-5.090250901549166,0.6938694792926743,False,True
02464360,0.2813953689737683,0.32735476183575196,0.5978554072216259,0.05326230579464894,0.23078627731008822,0.11004348155523962,0.20010270806806552,0.8105748350421121,False,False
02465493,0.05077010731181436,-0.6120323584389642,0.38284364922555275,0.004155180727117593,0.06446069133291694,0.05731150754790091,-1.0065280646963561,0.5770240991784361,False,True
02469800,16.62105945500067,0.6833462080740724,0.7595010975035859,87.47865540782715,9.353002480905644,3.8615113430904517,0.4712064285201647,0.8865652979756767,False,False
02472000,0.9560012351076899,0.04820051528651659,0.5123477118587292,0.8698860615616917,0.9326768258950641,0.3084702312056026,-0.12410892444507504,0.4005171787722506,False,False
02472500,22.36701943478855,0.3489216316921099,0.6056647698830017,325.7238028918686,18.047819893047155,8.77525790325437,0.16951739407631583,0.8236584777200336,False,False
02479155,0.10664592169826599,0.2165165401940381,0.560700462065848,0.008910833656293634,0.09439721212140555,0.02989904800367318,0.12106515939054885,0.6039786823624527,False,False
02479300,44.509272672944455,0.7162955098344503,0.7789954835096335,562.0399732505065,23.707382252170028,11.45090366796665,0.5534377851394343,0.8900660789609458,False,False
02479560,46.08370057762472,0.6325326297044873,0.7312788748911045,780.3931952092998,27.935518524081488,12.814532213909166,0.4848335872467743,0.8597731769654713,False,False
02481000,8.043894305588799,0.5715301587420208,0.700049781323596,27.723813556029754,5.265340782516337,1.963663894320982,0.33343298433445834,0.8915308568299605,False,False
02481510,1.6423747792717063,0.12284941807242722,0.5327223130779093,2.3660215198963024,1.5381877388330407,0.28441471145322056,-0.04593003720949507,0.4583853834512499,False,False
03010655,3.001755595689564,0.290519558242314,0.5849730570604253,6.392799527352634,2.5283986092688457,1.1484135395386332,0.15202292202669743,0.8583566474079818,False,False
03011800,2.4752160282737616,0.3362877940779899,0.6010654946453384,4.06636184635577,2.0165222156861478,1.4063087629563553,0.2078356221945029,0.8736157963976279,False,False
03015500,0.14220673913532272,0.022275205570322254,0.5056315230594927,0.01977229059380182,0.14061397723484612,0.044244811898311885,-0.14124920172161648,0.42681089011243317,False,False
03021350,9.958549286687564,0.35333951300477107,0.6072897284520179,64.13106899762356,8.008187622528805,3.9769640430635866,0.1766362533525936,0.8610717938781969,False,False
03026500,0.6888062816255076,-1.4408218209291355,0.2906282429149345,1.1580579047045299,1.0761309886368526,1.002749442646427,-1.5006380343430985,0.6856028366667137,False,True
03028000,0.24934899333025748,0.2150387750053655,0.5602362594756118,0.04880490173985303,0.2209183146320219,0.08118397931832648,0.11065913583774434,0.8128734581982529,False,False
03049000,11.81876387081587,0.48364882192068026,0.6594778402629964,72.12557425866385,8.492677684844978,3.9632709877106254,0.28442436400522053,0.8458553961947336,False,False
03049800,0.5734911304759633,0.2617914490699522,0.5753049595026667,0.24279094337862198,0.49273820978144367,0.17084366933071757,0.16109423977202275,0.7763178740760978,False,False
03050000,0.18156471775230495,0.08992963652621377,0.5235409224303814,0.03000114911100754,0.17320839792287077,0.06039535452369411,-0.06169861820429867,0.5379419572984383,False,False
03066000,0.056408065812454375,0.07429339540420077,0.5192899051254474,0.0029454779709361125,0.05427225783893749,0.02672155606561098,-0.9796933233658589,0.5490478559551276,False,False
03069500,68.01034186884806,0.5807223723737137,0.7045837829998632,1939.3295065235461,44.03781904821748,22.496245336872015,0.4114171743457148,0.8625938411925632,False,False
03070500,16.900208590043196,0.432722713297805,0.6380491879035405,162.02406537940436,12.72886740363825,7.0381868187839025,0.2579463140734105,0.8438737784620993,False,False
03076600,23.988267910957042,0.4955280343441093,0.6646850342366063,290.2918331732836,17.037952728343967,10.405543733109724,0.3509333371995669,0.8668284214568828,False,False
03078000,6.037966962778752,0.563601600480838,0.6961856824226151,15.909796108228386,3.9887085764979604,1.9937463777112328,0.3954172025371675,0.8701684698165517,False,False
03140000,0.5233860998859718,0.31682762588611857,0.5941162149399329,0.18714346448506322,0.432600814244568,0.29133402104330525,-0.007526168636101449,0.7614393499971562,False,False
03144000,10.055194962243503,0.583186365943637,0.7058091311113248,42.14275347753021,6.491745025609848,2.79453990842049,0.40469737632972214,0.8523377300768804,False,False
03159540,0.012383746324237641,-3.482341136390379,0.1824038262344267,0.0006873991652018403,0.02621829828958852,0.022109470200563336,-0.5296863003790264,0.50073263205536,False,True
03161000,17.239529406583234,0.6227238225715944,0.7260707884072748,112.12699836972318,10.589003653305781,7.811264221767212,0.4939630017656038,0.9128742764469371,False,False
03164000,0.7219621242215213,0.030521542834782256,0.5077486358694966,0.5053205861348492,0.7108590480080065,0.10612690010087256,-0.24760026797952195,0.2735640064111339,False,False
03165000,0.7060560473326625,0.27643660809490034,0.5801933393901305,0.36070730704349985,0.6005891333045411,0.12058949133428336,0.13286141803614993,0.8234890221862567,False,False
03170000,0.07561409362264691,0.10459530775550685,0.5275918140815742,0.005119468407493232,0.07155046056800216,0.016676819659254966,-0.03004514680892867,0.39897405232496996,False,False
03173000,0.027298534140496388,-0.24757287347378565,0.44492439457788435,0.0009297037388981971,0.030491043584931578,0.01968511891669521,-1.1089375499877145,0.5685226851814038,False,True
03180500,11.230097356906372,0.5577314605822121,0.6933521550734776,55.776735169295264,7.468382366302309,3.615654134907919,0.3649479513507502,0.8719135667062775,False,False
03182500,47.252230361640116,0.531126062439369,0.6807936164084352,1046.8891967306201,32.35566715013956,14.355777648659867,0.2785495897236031,0.8630018439969098,False,False
03186500,16.987484490129347,0.6419256071873868,0.7363366876603642,103.3311851685765,10.165194792456095,5.106252037630142,0.40715247001052823,0.8955951802265693,False,False
03187500,10.07539767867166,0.5837962561569021,0.7061130888457746,42.25035634629811,6.500027411195903,3.072477166551132,0.3975909335245472,0.85501293511949,False,False
03213700,0.6683377920389942,0.05521829784676291,0.5141965285321293,0.4220107487538886,0.6496235438728253,0.18975302350219725,-0.18847585847789294,0.4838193892416208,False,False
03237500,0.2718007235010065,0.039531790050546745,0.5100822318489842,0.07095519727037494,0.26637416779855916,0.04892359936504523,-0.2501224608774262,0.288171795383133,False,False
03241500,0.030496990123909475,-1.0819782235397564,0.3244669259380639,0.001936378005024199,0.04400429530198386,0.03462143403526268,-46.995057817258825,0.40223870199721456,False,True
03280700,0.05383633572464092,0.18546683388046303,0.5511059365966543,0.002360803052603908,0.04858809579108764,0.018150297647266764,0.04997604370326092,0.7034813282781076,False,False
03281100,20.62762317567726,0.44443915158962755,0.6428549555113192,236.39049536898347,15.374995784356608,5.604575621027762,0.19764033504860046,0.8214567220548158,False,False
03281500,74.41530052760494,0.39253334445430643,0.6220968855248358,3363.9297992305274,57.99939481779553,23.183771882865432,0.12275822984220652,0.8316861124922388,False,False
03285000,2.1095455128886194,0.07365610237267006,0.519118108262858,4.122399190022484,2.030369225048115,0.4053252625541511,-0.15525810549678054,0.47462884800253924,False,False
03291780,5.5416472222278355,0.47621395916084697,0.6562601134272744,16.085392807689956,4.010659896786308,1.4759939149515313,0.2715173853723257,0.8925367757281841,False,False
03300400,43.163671009407736,0.49272219230407943,0.6634477034652532,945.1105491806536,30.74265032785322,13.38661006726043,0.27395606265005534,0.8153300145499042,False,False
03340800,10.045374178403781,0.36445787324931056,0.6114180635546741,64.13226517625608,8.00826230690879,3.3873425755792526,0.14353079623513343,0.8413683082804558,False,False
03346000,28.911012507748424,0.610169156608739,0.7195120217363625,325.8388022632798,18.051005574850386,6.815641285806452,0.35668447650957724,0.8560630008826269,False,False
03357350,0.4606058301442142,0.24052604508545783,0.5683516923946568,0.16112827084814924,0.40140786096954956,0.1474989578613304,0.16153830271339875,0.5599928310954712,False,False
03364500,10.824079667351329,0.41133492811581884,0.6294592974301277,68.96841226728912,8.304722287186317,3.072618458582176,0.17063700063975573,0.8624631803446331,False,False
03366500,2.0444610112938704,0.0904244643787977,0.5236765874646016,3.8018627672469956,1.94983660014038,0.4492242902377511,-0.16929774207416282,0.4966308709221895,False,False
03368000,2.5814679942745924,0.1820907579168195,0.5500824666329761,5.4505283817988746,2.3346366701906476,1.7458658716254225,-1.2499241792141462,0.8474990477849913,False,False
03384450,7.502152923504085,0.5491429407914956,0.6892477750671983,25.375271581633026,5.037387376570619,2.378942090244161,0.28109170172489584,0.8187627970783119,False,False
03439000,9.356409661497151,0.6638534457612213,0.7484208950190452,29.427076699312316,5.424672957820804,3.4929500074580124,0.48514886207880914,0.9135139647340152,False,False
03450000,0.9558371219262043,-2.4373427006687303,0.22536010118156863,3.1404408625151468,1.7721289068561425,1.7109105571427832,-3.1310604219367377,0.7999158764917844,False,True
03455500,4.479175966861263,0.6814856274816968,0.758429351126484,6.390359379545214,2.5279160151289073,1.270032423785381,0.5436158821659478,0.888559036882082,False,False
03456500,6.096149204158132,0.5804582057766634,0.7044526649862554,15.591446432760254,3.948600566372883,2.116063540131067,0.4946979456012869,0.8508543201369344,False,False
03460000,1.026423902720849,0.2724688442327071,0.5788607613017805,0.7664875594606815,0.8754927523747307,0.28143178286544973,0.1620894736666344,0.7614865400007306,False,False
03463300,9.679003757472532,0.793150232617579,0.8286035486993011,19.37833028419396,4.402082494024159,1.8048219087182298,0.5848757222997049,0.9348149602185961,False,False
03471500,4.687256178765762,0.5041122542699175,0.6684993595638691,10.894837492848742,3.300732872082917,1.6270532584021862,0.3575678756830927,0.8589133126180561,False,False
03473000,17.873450518707234,0.5222242542940512,0.6766926598340465,152.63035125742655,12.354365676044504,6.399054576110384,0.32422202972045866,0.870465014056607,False,False
03479000,0.03442622112580975,0.26186318625343874,0.5753287037540479,0.0008748136961633607,0.029577249638250015,0.00690020538101857,0.18404468846143274,0.5860946910258998,False,False
03488000,17.269355391098006,0.5597766275654568,0.6943367391056897,131.28809617771486,11.45810177026347,5.0907287821309595,0.3337157635482657,0.864266397888182,False,False
03498500,23.835161671587027,0.4789368902353338,0.6574349174471247,296.0237331251264,17.20534025019925,9.954209635010416,0.29846686939469724,0.889261762274577,False,False
03500000,11.925101067605134,0.27661306071638025,0.5802527437138879,102.87143552205846,10.14255567014835,6.610764044133331,0.2213670484237471,0.9031324856483153,False,False
03504000,6.464663190174106,0.5616188740551655,0.6952260301268389,18.320767097129757,4.280276521105822,2.3684208747858735,0.4129747133441357,0.8980992229819423,False,False
03574500,44.753862126510874,0.5305792216864564,0.6805402610052251,940.2067145111305,30.66279039016395,13.077862404704343,0.2554795811419762,0.8674172238761549,False,False
03604000,44.719203350042754,0.5892203973173231,0.7088279403093465,821.4799858052369,28.661472150000197,11.985404270462515,0.3372397087653358,0.8734396909916006,False,False
04024430,27.470703674247456,0.5743786112805372,0.7014485107425548,321.19073766234993,17.92179504576341,7.908895737236245,0.3071427667186699,0.8957964072185364,False,False
04027000,38.915044025098766,0.5841834321612349,0.7063061859252668,629.7045648979237,25.093914897797905,10.11169881714425,0.37755311155581817,0.8423003163862103,False,False
04040500,0.47279547604161914,0.1798402801865514,0.5494023349239328,0.18333486403393362,0.42817620675830836,0.126534539420747,0.023955373128868862,0.6114615299981654,False,False
04043050,1.3716006359323183,-0.47406483547089384,0.40419312609067826,2.77314093503128,1.6652750328493129,1.4373746520228614,-0.25642432065126064,0.3809804297874078,False,True
04045500,24.099024096767504,0.35959203780977667,0.6096044539218343,371.92522527675976,19.285362980166067,14.336989508776233,0.46753467658029735,0.8390964768346898,False,False
04056500,33.97978088538249,0.26327188118302014,0.5757953643781489,850.6450791973748,29.165820393010975,21.55655440576287,0.5184397301762523,0.8119688641341793,False,False
04057510,5.56090009938297,0.4220259283560932,0.633723974284455,17.873044732683955,4.227652390237868,2.9919224752286526,0.3881634472639587,0.8926506217667306,False,False
04057800,0.15382003857143176,0.3627648467464196,0.6107858104639149,0.015077368785591226,0.12278993763982139,0.06813624863951412,0.26375051859395593,0.7492135633025852,False,False
04059500,0.1406979684108844,0.4769318331447987,0.6565694312059445,0.01035461470421632,0.10175762725327434,0.051957779920035925,0.3515563084344674,0.8306982923140435,False,False
04074950,8.267112496515248,-0.020819233754197475,0.4948488134400026,69.76804266366042,8.352726660418167,7.3355928024324175,0.41986571264325057,0.8980487962996199,False,True
04115265,0.7770444768670554,-0.4865732235776066,0.40215988434124217,0.8975901161959213,0.9474123263901105,0.8585721155939731,-0.3028086199313833,0.6719941910664152,False,True
04122200,0.40444480697054125,0.03957450322417233,0.5100933453704968,0.15710217870122714,0.39636117204038435,0.30511299628887695,0.37463448642775954,0.8236980484274962,False,False
04122500,11.134674259807328,-0.5978767250992714,0.3849297352482295,198.1063077116049,14.075024252611605,11.96242832154587,0.2837974856409857,0.7633040872483196,False,True
04124000,10.80207917445045,-1.1012209673354598,0.3224536434303779,245.18078890043637,15.658249867096782,14.39160092920259,0.4314308017471702,0.8233323028421301,False,True
04127997,3.046290327010841,-0.8293478606937974,0.3534383360534485,16.97613732667816,4.120210835221683,3.602899956740468,0.28143063236493315,0.8441495192566493,False,True
04185000,14.849871609844554,0.4845005839038803,0.6598484891376398,113.67725429856416,10.661953587338681,6.322847165895497,0.33552620598166927,0.8340621500796337,False,False
04196800,13.390875754510441,0.5767881197048049,0.7026360683502623,75.88847255137001,8.711399000813246,4.419533448450603,0.42742900147596175,0.8134604475055973,False,False
04197100,6.823615928512976,0.41246158347435524,0.6299060165035358,27.356807664726734,5.230373568372219,3.4709770585958117,0.27778524793106896,0.8565601682309155,False,False
04213000,14.988123228624179,0.49644549843403873,0.6650906228929473,113.12041583186932,10.63580818893747,4.9756114256034545,0.2966796838035177,0.8377324005819521,False,False
04213075,3.7196949246932594,0.39091092619480805,0.6214696353851864,8.427435809446248,2.903004617537879,1.7418839051267947,0.26552871309008885,0.9038041446811079,False,False
04216418,7.054737057738351,0.4185207208406807,0.6323193817193601,28.939825383604322,5.379574832977447,2.507895009465505,0.2674284576045619,0.8595976804125927,False,False
04221000,0.28234628223117864,0.053426663792561,0.5137232599457705,0.0754602802746144,0.2747003463314424,0.10381480001722862,-0.06661466253166859,0.7139972848516769,False,False
04224775,4.783012529942466,0.41466738628701916,0.630782456217763,13.390776457410269,3.6593409867639104,1.773670006795392,0.26175561062978125,0.9045375566664418,False,False
04256000,6.3422627349990215,0.4039062753976488,0.6265296232833312,23.977450779658998,4.8966775245730645,3.0756996095706874,0.2988969261746246,0.881060502562241,False,False
04296000,4.482061498496072,0.3628839325228198,0.6108302397526492,12.79894521607635,3.577561350428019,2.235117078444937,0.29795017672562796,0.845708612275652,False,False
05056000,9.61167522751999,0.3521220173244791,0.6068410467966713,59.853754355007545,7.736520817202494,3.6669625031985373,0.16986071347042675,0.8259527982680467,False,False
05057000,18.92141222211232,0.6270120310623614,0.728338501592085,133.53709313967747,11.555825073947661,5.3687337969961595,0.40724876573747903,0.8539500490582781,False,False
05057200,0.30716520792691016,0.09724682724632672,0.5255542412538959,0.0851751815941302,0.29184787406135104,0.1144613836903357,-0.07428987208421,0.7805534366482173,False,False
05062500,0.03025498769476011,-0.32855187129664776,0.4294514596503932,0.0012161089276569287,0.03487275337074675,0.022504081006062576,-4.38115849189865,0.3535185813230224,False,True
05087500,0.2578512908053642,0.3873502764174438,0.6200974615730351,0.04073341871909965,0.20182521824365668,0.1426265078495891,0.16171238107203956,0.7430121863268395,False,False
05120500,0.01861143057456143,-0.06385126258140095,0.484531040647392,0.0003685024898432433,0.019196418672326444,0.008255766337198114,-1.8355425198196094,0.11640710962329168,False,True
05123400,1.1520655070184243,-0.3928599922473781,0.4179099501182258,1.8486802949387855,1.3596618310958006,0.9244872398144384,-0.02028628569906621,0.6146579646602376,False,True
05129115,10.711109207203524,-0.5200136513799256,0.3968232471488452,174.38791407554402,13.205601617326794,12.031260595420763,0.41937609817107646,0.8530344487228704,False,True
05131500,0.015109445779620324,-8.02118948771684,0.09978855316783689,0.002059495627457663,0.04538166620407037,0.03535234046566446,-22.900667481969936,0.28948552259325105,False,True
05362000,9.706302287218811,-0.3896351318721196,0.4184739279492291,130.92072761929117,11.44205958817254,9.72700696013497,0.2598190522635121,0.852611112759262,False,True
05393500,3.144974439869761,0.43654021343839566,0.6396071127606182,5.573104246499835,2.36074230836401,1.4438786127185825,0.28172112872168165,0.9059627943301327,False,False
05399500,0.3684130870704547,0.12131982498155935,0.5322885785975701,0.11926168092515023,0.34534284548134225,0.05211578000063321,-0.03196931146078108,0.4401415083487101,False,False
05408000,0.7938140127536053,0.10760976616272488,0.5284322345990236,0.5623313948830814,0.7498875881644403,0.16541911989754288,-0.03817817981321103,0.5172364028124751,False,False
05412500,72.72264333927968,0.5257955310111948,0.6783319553263366,2507.869624103907,50.078634407338896,29.23670219604566,0.31343945451739874,0.9051744630563442,False,False
05413500,2.8915462217476016,0.13903794088099264,0.5373564684459,7.198537829498302,2.6830090997792575,0.5368345024135543,-0.002198166263550183,0.6272847626767738,False,False
05414000,0.1574222499497017,0.11636225536193667,0.5308876416638952,0.021898102737666566,0.14798007547526987,0.019727127146435056,-0.009528222696373545,0.6834463862848893,False,False
05444000,6.502321326835929,0.7195877636173327,0.7809984718867817,11.855880568028068,3.443236931729803,1.8429546926499718,0.5819105074137543,0.8993912615337848,False,False
05454000,0.07126168051188621,0.08416867276503415,0.5219666187645315,0.004650799473582369,0.06819677025770626,0.02463014842104968,-1.0316988584033653,0.5451138101986576,False,False
05458000,17.72747028922506,0.6837763170614772,0.7597492834709215,99.37746741897718,9.968824776219972,5.449496985806101,0.3934661179713952,0.945595385908403,False,False
05466500,0.02724296591339867,0.35468827552643356,0.607787560937706,0.000478936934102141,0.021884627803600887,0.010419626634568947,0.3127361899689636,0.6314823720087472,False,False
05487980,15.734602936364139,0.7390677131370251,0.7930639975028807,64.60102315174878,8.037476168036132,3.4522749838269498,0.5493579219702827,0.9149229907670002,False,False
05488200,6.354410149205597,0.5877362636020467,0.7080830401767223,16.64660296548296,4.080024873145133,2.573302239505829,-0.08799050906828687,0.9289198423881374,False,False
05489000,0.053622353366578106,0.012672842282639873,0.5031884137026528,0.002838917837583686,0.053281496202562534,0.007627840857037288,-1.7445683312113185,0.15039328314234096,False,False
05495000,20.019863674808718,0.7297897851864088,0.7872712629277306,108.29888725456783,10.406675129673639,4.643214854437266,0.4562883003044965,0.9497535774430055,False,False
05495500,24.65969270628434,0.8079414578283348,0.8388849747078887,116.79088483933153,10.8069831516169,4.234114766951989,0.6545625417833374,0.9272499702909989,False,False
05501000,0.2245953086563771,0.03256771350422194,0.5082767050555597,0.048800237782803596,0.2209077585391776,0.03267212963297204,-0.2652892835800833,0.3342078937545711,False,False
05503800,6.590814515036534,0.7555971420127726,0.8035982829687972,10.616575659101395,3.2583087114485325,2.2051045000920704,0.3330179319728752,0.9144125551901302,False,False
05507600,0.17431009793723765,0.06627078903980366,0.5171354884293485,0.028370437909899623,0.1684352632612887,0.04543168826398759,-0.08296791105037538,0.584553273187592,False,False
05508805,17.468821204834114,0.8216508221427965,0.8486448828508314,54.4249841581296,7.377329066683253,3.3442900379940332,0.7294650010383654,0.9238229326700479,False,False
05514500,70.12060098373173,0.6254068051471586,0.7274879606159087,1841.83678617787,42.91662598781351,11.668571328523416,0.3509924154437706,0.887823776968392,False,False
05525500,0.05189969222025091,0.014034104259559976,0.5035333195523802,0.0026557760973359287,0.05153422258398713,0.009128553753340296,-0.7743321661923395,0.1414696220021069,False,False
05556500,10.16272284254942,0.6579744868558742,0.7451423167486427,35.324714987865455,5.943459849941401,2.755137922535006,0.48421531219789193,0.8803259135521846,False,False
05584500,25.810181005646992,0.7350559796164251,0.7905488178810991,176.49655085322385,13.285200444600896,6.637312448907091,0.47941742400639387,0.9110060766708625,False,False
05585000,57.40101660068284,0.704791475410421,0.772076450251033,972.6756913165982,31.18774905818947,15.25648802899432,0.41179679058285,0.9184911240982969,False,False
05591550,1.1157833584795893,0.20678170035763388,0.5576565888266013,0.987534971978747,0.9937479418739679,0.4155933913780371,-0.2036311304922993,0.6694930619088095,False,False
05592050,1.5369471855760712,0.148215293239209,0.5400195802184997,2.0120914997435473,1.4184821111820718,0.3067699624965798,0.00026548851877505886,0.6923543496080471,False,False
05592575,7.621131070663369,0.5888043168996494,0.7086189477302204,23.882919140403857,4.8870153611794445,2.3624409927166408,0.012061767930190204,0.8421819528628206,False,False
05593575,9.463437902962724,0.6072627256413325,0.7180105095273503,35.17223734855898,5.930618631185029,2.67545205412167,0.5262308869375047,0.806884503061114,False,False
05593900,5.725697912268843,0.4899177553940993,0.6622155869801507,16.722340732731322,4.089295872486035,2.530439584433706,-0.03365898958717639,0.8454143237747351,False,False
05595730,10.918688927991404,0.7116602042064262,0.7761927429898521,34.37522685305153,5.8630390458406065,2.8938456092079323,0.6098708307093288,0.8656179574958782,False,False
06037500,9.768857584463227,0.7424910370519806,0.7952229602051243,24.574229304487226,4.95724008945373,4.4341702238521385,0.6495438671919453,0.9648106325546966,False,False
06188000,38.67969679250713,0.9645022037933323,0.9657191001886181,53.108925373637135,7.287587074857983,5.950813612490232,0.8398325111513032,0.9906902262698422,False,False
06191500,1.7831540213863697,-0.038486853820027145,0.4905599455429638,3.3020125370529905,1.8171440606217744,1.3571486170205842,-0.1056393584338613,0.5934484336804488,False,True
06224000,13.926572361504181,0.9546313606424873,0.956600343984495,8.799221187055254,2.966348123038706,1.849714069468512,0.891346346969737,0.9833119360059661,False,False
06278300,2.3336770439820995,0.22637222579901073,0.5638161594816562,4.213214414530049,2.0526116083005204,1.8077767755926542,-0.4916911373159496,0.9538082730176917,False,False
06289000,0.13270972426467495,0.09132869616002037,0.5239246789052363,0.016003401706854766,0.1265045521191027,0.06523778724828239,0.4912884928065473,0.5081940573660206,False,False
06311000,0.6827772051373832,-6.228944679932589,0.12152226547817696,3.3700234926316726,1.8357623736833895,1.766383540895975,-3.9272057012332464,0.42226417870215643,False,True
06332515,1.1227621962513294,-2.6457943072052905,0.2152484449105016,4.595869889963097,2.14379800586788,2.0172512959946185,-13.19749556837744,0.6643891664179636,False,True
06339100,1.7987426201595986,-1.2507719847528636,0.30761923773500954,7.282316517930644,2.698576757835627,2.505037934003567,-4.639415709933034,0.8027329682602822,False,True
06344600,1.1648912112374286,-4.209389786309088,0.16104642072959768,7.068993649626604,2.658757914821619,2.5683757560558234,-7.910973427906654,0.5953345155133353,False,True
06350000,0.04398598862252987,-0.004496666382166392,0.4988783552356108,0.0019434671977048576,0.04408477285531658,0.004409036841249936,-9.36552264266816,0.05965920457775013,False,True
06352000,0.16581338527342132,0.12861498597354215,0.5343635823225962,0.023957928184867555,0.1547834880885799,0.07503523206655162,-0.01952404308810607,0.4305956254688818,False,False
06353000,7.555658516476748,0.43021275557485184,0.6370290009371284,32.52800031696669,5.703332387031874,3.1733210609198115,0.25655930270017313,0.9015196259666926,False,False
06404000,1.8136565377385365,-0.33607372377275313,0.4280686820041803,4.394814152568623,2.0963812040200662,1.9246542096198724,-3.275748361282157,0.8684864914685773,False,True
06406000,3.9752584874277765,0.5349014610098979,0.6825479470406842,7.349803399600191,2.7110520835277567,2.34874127548845,-1.054935953724633,0.9242705021240328,False,False
06408700,0.15957901998441215,-13.352165101007255,0.06513739224537066,0.36548453823624283,0.6045531723812578,0.5936462173605771,-5.643823247451355,0.34342272006478325,False,True
06431500,0.15097750154924286,0.08688352160259138,0.5227073266535691,0.020813765086891197,0.14426976497829058,0.03286799371878168,-0.024220407800195964,0.624017108178477,False,False
06440200,0.2790914692955012,0.04379384695862232,0.5111935664067242,0.07448085579388922,0.272911809553726,0.0353947379003753,-0.18327689929138002,0.4347320409182828,False,False
06447500,4.504001843685123,0.6596076442949985,0.7460502111518187,6.905210427318019,2.6277767080400913,1.9739217958930706,0.36396092338856756,0.8830169665084644,False,False
06450500,0.06505471953307967,0.06074628587185249,0.5156622842666987,0.0039750311727389945,0.06304784828000869,0.007011569334148335,-0.15547404211296145,0.27034500342930606,False,False
06453600,12.379855153863927,0.6761349519065287,0.7553640013686616,49.635820777335404,7.045269389976185,3.166826876123812,0.4062865942039148,0.9381920421635513,False,False
06464500,0.11997704716471942,0.02303532708246281,0.5058259329056366,0.014062910018498442,0.11858714103349673,0.010285959206463335,-0.3409599898330209,0.25689526147163483,False,False
06468170,6.782060918635401,0.3580687039652768,0.6090388814775671,29.526496763566275,5.4338289229204,2.7998027355527393,0.2137694281868311,0.9283015906015968,False,False
06468250,8.052503549365412,0.4488644797737503,0.6446889952298555,35.73717770305527,5.9780580210512575,2.7459136497851677,0.34178024801387785,0.7684021938648721,False,False
06470800,0.07468903282650906,0.13842329556854638,0.537179046997911,0.004806263966518131,0.06932722384834208,0.03286848745216825,0.026776764381694407,0.7012515316624124,False,False
06477500,0.1960326504629274,0.19015061968922442,0.5525321669741857,0.031121539904570988,0.17641298111128612,0.06863647011580304,-0.061485293515545436,0.7167805067328742,False,False
06479215,0.914670828511991,-3.945560702665868,0.16819271554180254,4.137568469396837,2.0341013911299597,1.9156915285499077,-2.3507148959553663,0.4350808709709591,False,True
06479438,4.245832953954119,0.5237150075902024,0.6773759844077674,8.58603598304265,2.930193847349122,2.2744222298858685,0.2291583423476471,0.9187436696736129,False,False
06614800,0.1710508162602029,-4.8475529726889945,0.14603757049977312,0.17108993713899628,0.41363019369842463,0.4045549165831278,-5.310871817968494,0.5050239430518435,False,True
06622700,2.4835775618684903,0.5002811909334592,0.66679166384692,3.0823443229415326,1.7556606514191553,1.4234516942943962,0.13760457438725415,0.972156584545604,False,False
06623800,4.831887787359212,0.798030115971238,0.8319676002598339,4.715419075321114,2.1715015715677284,1.3528553752234929,0.5752524531274162,0.9809599493682197,False,False
06632400,3.934444311976747,0.6964542960989872,0.7671384263761395,4.698842584993528,2.1676813845658978,1.6570906068644953,0.4007662550493979,0.9755830554763051,False,False
06746095,0.0714613547758494,-0.0011804038534894978,0.49970507310305046,0.00511275322453577,0.07150351896610242,0.05725353312330815,-0.16790157453440835,0.3274686102225618,False,True
06784000,19.25689967583992,0.828158828311568,0.8533579670691747,63.72354982703729,7.9827031654094025,3.596296992188852,0.5910933533249494,0.9692514022077604,False,False
06803510,2.168930793385836,0.11234831796077216,0.5297587523772931,4.17574499988552,2.043463970782338,0.3739281312652575,-0.017192757376638612,0.5166495356265416,False,False
06803530,5.847694645321786,0.6940369003583833,0.7657184190536629,10.462571168056632,3.2345897990404646,1.987297240655373,0.04479397052819878,0.9002781811480356,False,False
06814000,13.201768505117169,0.8128556634938887,0.8423575543839121,32.61676727306187,5.711109110589804,2.9530855150413227,0.5759785394475037,0.9443862279577712,False,False
06847900,0.017131668093732056,-0.858690878571585,0.3498104700637218,0.0005455147167611039,0.023356256480033435,0.016078662998141303,-59.545852271642005,0.14012080764088458,False,True
06853800,3.007386863640279,0.1941358252185088,0.5537515024467439,7.288538398250276,2.6997293194411687,2.207863523181385,-1.0230120692519944,0.8926739761041567,False,False
06876700,7.09287502881087,0.6785594839061951,0.7567499163382797,16.171311121575574,4.021356875679597,2.744131769286893,0.2861638469715345,0.9305060283103359,False,False
06878000,1.221911613615883,0.05415362398237078,0.5139151848393093,1.4122129488981419,1.188365662958225,0.15009998250340062,-0.11890471516280354,0.3564069294502562,False,False
06879650,0.8999296857808359,-3.21253156694213,0.191845360964718,3.411617428488157,1.8470564226596211,1.7808985402528463,-20.966005336638528,0.8245928784858466,False,True
06885500,0.8263672468728728,0.07736794705123418,0.5201203207167419,0.6300495843255999,0.793756627893966,0.12827075301730947,-0.09485535098640274,0.43639649235955474,False,False
06888500,3.9405796316497557,0.07556825952455137,0.5196339152839689,14.35473121659981,3.788763811139434,0.5970430675663922,-0.08880839799647267,0.4126951492065937,False,False
06889200,0.3059045960385204,0.06385471266701381,0.5164901655585395,0.08760224972044073,0.29597677226505587,0.04303160281869648,-0.06949485627014651,0.46610066116834775,False,False
06889500,18.606524190796954,0.867680946355833,0.8831433126393823,45.80921925168134,6.768250826593333,3.039153087770594,0.7228019482811637,0.9595842030309398,False,False
06892000,25.384134260089482,0.8340677823036193,0.8576827922087741,106.91913335737303,10.340170857262128,4.180330541288757,0.5673929777891535,0.9566213135736518,False,False
06903400,0.07231166549052308,0.05036985270347161,0.5129177969404396,0.00496559416644537,0.07046697216743011,0.008761071758031659,-0.4796499520686852,0.2980445027684662,False,False
06910800,0.5620555552856751,0.040983129211892844,0.5104601266643012,0.3029596124818944,0.5504176709389829,0.08062556926971741,-0.1480351663487518,0.4542015062783991,False,False
06911900,12.846963591618556,0.8401915161993696,0.862211316753826,26.375507073603295,5.135709013719848,2.960726223880188,0.438533829968771,0.9517957336295902,False,False
06917000,0.17114092646951093,0.1437112732851461,0.538709299694848,0.025080026085515357,0.15836674551658678,0.03115987739262868,0.019159581974550033,0.5494735295401578,False,False
06918460,20.539988978538336,0.8102117211665324,0.8404856710980998,80.06999468946749,8.948183876601302,3.8934002712869944,0.5659694077342248,0.9399150815356245,False,False
06919500,0.20321649631025876,0.06075376127910315,0.515664272041898,0.03878799967264701,0.19694669246434937,0.03575102478491008,-0.19735277405667095,0.40522151674306334,False,False
06921070,7.687201929431753,0.12017193569262197,0.5319635444257769,51.9917444748741,7.210530110530994,1.2956427464866997,-0.060997272560320726,0.5339080715226615,False,False
06921200,18.67487505315407,0.7168824643927281,0.7793518304047816,98.73751184067397,9.936675089821241,3.181909002447178,0.5800042937169715,0.9016131375806289,False,False
07014500,0.06057612235666664,-0.09095154845465458,0.4782511583011396,0.004003210269021551,0.06327092751826506,0.023349014108678713,-1.047943702399639,0.2820739769768205,False,True
07056000,66.07222017272184,0.6285771024151261,0.7291696833712173,1621.4608769377005,40.26736739517125,16.699251488841448,0.39194391807138995,0.8734176509674925,False,False
07057500,0.02197270025669151,-1.6605275248700746,0.27318466893251775,0.0012845015092506457,0.03583994293034862,0.009849551291337758,-0.27863762790814883,0.4299013267350938,False,True
07060710,0.11660587895517474,0.14571559868953576,0.5392915991167685,0.011615646064896828,0.1077759066994884,0.03644729162438993,0.036090242788111904,0.6175194385996821,False,False
07066000,0.2547161900783686,0.13777190831973607,0.5369911475761883,0.05594164957988388,0.236519871427083,0.055901066408605975,-0.07326733864159807,0.5673878611937396,False,False
07067000,97.72858921102147,0.37868373653544063,0.6167828094582357,5934.115303135436,77.03320909280254,27.52269309453505,0.3306619217481558,0.6913417176710674,False,False
07068000,0.03311355843502758,-1.8480877189763412,0.25986933589601685,0.003122950262888576,0.05588336302414679,0.031199633807200207,-1.8260918421256513,0.20930674796123824,False,True
07071500,50.38990921965739,0.36017447723746787,0.6098209755360742,1624.608466098145,40.306432068568725,13.665668371120157,0.27584726326243436,0.6760892351958233,False,False
07083000,1.2648703308434175,0.13159354289538627,0.5352154485430625,1.3893608454235504,1.1787115191697883,1.1525419133814605,0.6752092565491972,0.9817398762687992,False,False
07142300,0.37703549148388377,-8.245640012201612,0.09760249226100978,1.314320999618981,1.1464383976555308,1.1194980150729852,-4.417130240120696,0.35509878551396845,False,True
07145700,16.317489911749423,0.8395109427413339,0.8617056694719922,42.73189294218965,6.536963587338517,2.6721309284294357,0.537137451012342,0.9465923908340294,False,False
07148400,12.938678347401652,0.749128705146936,0.7994427597105159,41.998212290669684,6.480602772170941,1.9805879696974507,0.5630673554450234,0.943302005330498,False,False
07149000,11.191117897733129,0.8645838234493406,0.8807343251334966,16.959673590369462,4.118212426571687,1.4470798905656337,0.7139009661502611,0.9506788084005666,False,False
07151500,33.827803740025985,0.7247790534827567,0.7841778342263751,314.9409177014655,17.746574816044518,3.8360262455490064,0.4321142371578276,0.9380964275518737,False,False
07167500,1.821056163513848,0.14414691851345585,0.538835756976515,2.8382189735084804,1.6847014493697334,0.17626500610981274,0.04175884452341794,0.6993536107316682,False,False
07180500,0.013615273534355384,-1.0103247591192126,0.33219007250652544,0.0003726653060052113,0.019304541072121123,0.014854926899791503,-11.94102349328766,0.48588051235951696,False,True
07195800,1.8564633046412093,-0.17479417991447632,0.45981362707128676,4.04887645186927,2.0121820126095127,1.7466704563094764,-2.3069464031733307,0.9144643010831717,False,True
07196900,7.52270178647804,0.7566874258996061,0.804302973227433,13.76931214098811,3.7107023783898527,2.013108367446322,0.1602847781911817,0.939937406111046,False,False
07197000,33.991319370558806,0.6789478089875465,0.7569723640014561,370.94684541584763,19.25998041057798,6.0617073316778525,0.3860713373439423,0.9203772441231819,False,False
07208500,0.22740458861864968,-73.33552903439646,0.013273949394361101,3.8441018340310555,1.9606381190905822,1.9473531871397172,-53.470354429568175,0.25030605053550165,False,True
07226500,4.239836807598301,0.5544043982915758,0.6917563935710559,8.01012285405704,2.830216043707095,2.2334649411416283,-4.433768544606094,0.9533166221898414,False,False
07261000,19.498667728721525,0.6164978973253539,0.7228033828548267,145.80674899810148,12.075046542274753,4.236806048871112,0.3853828486738594,0.8650965594104438,False,False
07263295,7.495237567559418,0.7170151195978185,0.7794324120846433,15.897690495316313,3.9871908024718747,2.0165001887120337,0.44115626730282353,0.9146475491572175,False,False
07290650,65.22699982780013,0.6230196936831349,0.7262267988964862,1603.8858999778236,40.04854429286817,11.73956616624417,0.37993287928800434,0.8686993771601147,False,False
07291000,30.30047686384978,0.6180768966324149,0.7236292653065259,350.6508188520715,18.725672720948413,4.14341401183919,0.4252476960553516,0.8611485174215691,False,False
07295000,37.711019889191604,0.48251125225401337,0.6589834695547875,735.9316263434879,27.128059760025003,3.865119916143938,0.36153645312824534,0.7586047607387493,False,False
07299670,0.45327173196855014,0.03217697407924891,0.5081757794413939,0.19884433432971593,0.4459196500825187,0.05239126292354268,-0.24575427076583667,0.47961851369125486,False,False
07301410,0.10535004107689389,-1.5962914294357833,0.27806422800303715,0.028815280945944224,0.1697506434330787,0.14562152530438804,-5.122223804017802,0.33255158161148024,False,True
07301500,12.827051075239709,0.7455211434660733,0.7971437659483228,41.87023059552987,6.470721025939062,1.928888207830145,0.5667792097889481,0.9091624779532663,False,False
07315200,0.14520195540053366,0.1546982932001031,0.541916802176588,0.017822009702912436,0.13349910000787435,0.06162236306564759,-1.7491809659671498,0.6184520978895477,False,False
07315700,22.68102199112246,0.8266172003397254,0.8522367979908403,89.19309838520101,9.444209780876376,3.2696580727947397,0.6134175103210366,0.9547456928065093,False,False
07335700,7.506796126657926,0.730909017538003,0.787965570490487,15.163811838073135,3.8940739384445613,1.9590308681608086,0.5434335122963488,0.8882115106796649,False,False
07340300,3.947146871728213,0.4387566175740377,0.6405151248398789,8.744154178055709,2.957051602196977,0.8522968169982339,0.2627061941680541,0.8133969936593862,False,False
07346045,18.428286936704158,0.5467165018313793,0.6880969895138606,153.93587349479637,12.407089646439909,5.840700046647081,0.28860839627524393,0.877831558281575,False,False
07359610,0.057707591935203306,0.5050926651290976,0.6689377840843614,0.0016481236623673932,0.04059708933368737,0.01860052018635342,0.4659486354150978,0.7384508504701964,False,False
07362100,32.11294177393338,0.6628481130190226,0.7478581975139718,347.68485898633594,18.64630952725863,6.449236923929208,0.3755776052536369,0.9095346031561993,False,False
07362587,6.683669231749336,0.633111251324556,0.7315884346615845,16.389446668345073,4.048388156827983,1.896850418304291,0.12504677215124216,0.8968426544574181,False,False
07373000,7.82238204688866,0.6949773281833849,0.7662702124615061,18.664233851453623,4.320212246111715,2.4509481889197438,0.42924526231165816,0.9140495071904613,False,False
07375000,0.7912370509137828,0.24389529635488305,0.5694421283220282,0.4733639398311415,0.6880144910037445,0.22330214173681326,0.2244099923341144,0.5187605366063193,False,False
07376000,35.50085438585452,0.5665585182653365,0.6976217813857745,546.2709208377346,23.37243934290417,5.469760192696521,0.37138703254885885,0.8152870686720393,False,False
08013000,1.804821547556155,0.06709053980353907,0.5173548066231514,3.0388413810625927,1.743227288985172,0.23397759781363484,-0.15891671500127402,0.4213758728261853,False,False
08014500,1.6414974380323621,0.17502524339726222,0.5479527847615489,2.222905898546849,1.490941279375834,0.35961236270153807,0.08204624561411389,0.4778970441641029,False,False
08023080,8.999039654947088,0.5939043005694902,0.7111891462330873,32.88673217247096,5.734695473385745,2.4627415736865834,0.40728098265774204,0.9267341049555659,False,False
08025500,27.606296447458302,0.6439841314345869,0.7374544967957806,271.3224004163605,16.47186693779307,3.799607017860768,0.4244413220838048,0.8903467954044377,False,False
08029500,22.221011488858185,0.5725139677362858,0.7005322485812314,211.08121090789615,14.528634172140757,3.5276643543079493,0.23414030484695159,0.9538201356949705,False,False
08050800,3.0231415001661284,0.25425500624395103,0.572821347663415,6.8156502592788994,2.61068003770644,1.188502440080998,-0.4922622863594641,0.8260424624826145,False,False
08066200,21.180390463851687,0.6518620784675944,0.741763868538997,156.17778402250778,12.497111027053723,2.690644968628858,0.48019465417065754,0.9121062790123661,False,False
08066300,0.5607246364438551,0.325190150818388,0.5970827079197352,0.2121683938711554,0.46061740508925125,0.11626246832801476,0.2078239559497419,0.7726159288010921,False,False
08070000,0.4257774469697738,0.45779707968816563,0.6484231010260306,0.09829403411645868,0.31351879388077947,0.126210577741308,0.3429554559383877,0.7500053161232159,False,False
08070200,69.80413825931916,0.3623754483434404,0.6106405763081882,3106.900687913991,55.739579186732215,7.454769877828065,0.1755690002178555,0.7051983594886482,False,False
08079600,0.5870657098804576,-12.16946306257656,0.07057430444496753,4.538804712024203,2.130447068580725,2.085007755472724,-31.61349004723281,0.610359789996378,False,True
08082700,0.4317234996941226,-0.11607513110177003,0.47257301279247743,0.20801986441390657,0.4560919473241186,0.3496196663359077,-4.035044107086674,0.7360725020235056,False,True
08086212,18.253069597383668,0.6947856300211879,0.7661576695759434,101.68966028787995,10.084129128877711,2.6877772676655796,0.5054803554421585,0.8864879966980911,False,False
08086290,11.914235713754676,0.8440441530170927,0.8650849447321378,22.137778495112038,4.705080073188132,2.4459538005092414,0.1468935765628846,0.9431382316415723,False,False
08101000,0.08882160845366988,0.10134595592925433,0.5266888947583012,0.007089731694793017,0.08420054450413618,0.021221202277373206,-1.2309716584928436,0.4723315014137465,False,False
08103900,1.5588637590435306,-0.6149198730315935,0.38242089568911164,3.9243460810659063,1.9809962344905925,1.8205205535364266,-8.470411636836566,0.8741165388264784,False,True
08104900,2.5779316591928736,0.04659127252966644,0.5119256333491461,6.3360985454954,2.5171608104162515,0.9411152349704872,0.5181154471874752,0.5245562393849501,False,False
08109700,10.60077705796851,0.7507712340940232,0.8004938945468255,28.007449989893455,5.292206533185705,2.8335557019948214,0.5252787677916937,0.9028016656023055,False,False
08150800,12.33772049661018,0.5385482437486385,0.6842511192877213,70.24188503280007,8.381043194781904,2.5285307283611633,-3.637425158922537,0.9439417989274562,False,False
08155200,5.877002529096275,0.6583392857443195,0.7453449216889195,11.800673640458509,3.4352108582237726,2.119451282074559,-0.40676353532902,0.8956534302754461,False,False
08158700,5.494560817982822,0.6332299238717893,0.7316519562915822,11.072861432433745,3.327590935261386,2.032545576718191,-0.30797216159521024,0.9295060642609502,False,False
08158810,2.0504894898736055,-0.04918652286899072,0.48799852470234717,4.411312235074096,2.1003124136837585,1.496972877573992,-5.138371245605077,0.8454360063647403,False,True
08164000,0.030998732910298046,-4.613149245863115,0.1512138865799157,0.005393795467742949,0.0734424636551835,0.04146722430520223,-1.8506363394382856,0.3091365126649887,False,True
08164300,19.547063828129023,0.7104937499890169,0.7754906189803134,110.61677844747341,10.517451138344946,2.80217831585132,0.5364727644665847,0.9247897548572416,False,False
08164600,6.995620053124588,0.6964807043015299,0.7671539679542417,14.85383973444786,3.8540679462676652,2.2934404254082277,-0.22351200054128872,0.9489078250299531,False,False
08165300,7.587305957261683,0.7144593517713724,0.7778828319259451,16.437778942419847,4.054353085563694,1.961512007338709,-1.8536929010838281,0.9775778133675134,False,False
08171300,0.030864131557791784,-0.38189385084768723,0.41983399035356345,0.001316384643329577,0.03628201542540845,0.02851434012766707,-0.598755382577346,0.2951389178720486,False,True
08175000,0.34351326591028175,0.11424951151649121,0.5302928495085182,0.10451976567748045,0.3232951680391782,0.04120938716295661,-2.986590638178347,0.36839085260430626,False,False
08176900,0.42134494645578763,0.058775746807481766,0.515138834864344,0.16709701365348273,0.40877501593600696,0.04978055534608988,-0.14758866873318266,0.27259848124364955,False,False
08178880,13.383811925178168,0.11674112206204956,0.530994443575881,158.21500219433082,12.57835451059998,0.676241621385123,-0.24062024693989148,0.9546200308777965,False,False
08189500,0.6412453454237111,0.1372612272212811,0.5368439282059189,0.35475438130062725,0.5956126100920188,0.14384792670402372,-0.021217841955071703,0.7631474579995428,False,False
08190000,33.640056846820315,0.4700294438144237,0.6536073494728784,599.7429948749426,24.489650770783616,3.132071271037757,0.2948333785308539,0.8594483596020795,False,False
08190500,0.04846534126804653,0.1172418004869955,0.5311356499515767,0.002073501293055852,0.04553571447837238,0.010431605680771162,0.08486336909025338,0.36420679244223586,False,False
08194200,0.07386319327279428,-0.35348246677831985,0.4249022519249524,0.007384290824986712,0.08593189643541396,0.04738757208840189,-37.570600465362816,0.19442251630021626,False,True
08195000,19.18632768065511,0.6408496917101862,0.7357537969867924,132.20867674477824,11.49820319635978,2.6043733380014524,0.3914496439017996,0.9353121614255658,False,False
08196000,4.597554821271971,0.6171043112720465,0.723120339553479,8.093461577561344,2.8449009785160086,2.355004966099777,-1.3851898845660688,0.9428429896299971,False,False
08198500,5.692080406365059,0.5415407627900127,0.6856550903081711,14.853978127730514,3.854085900408878,2.415466934399801,-0.3269221253550294,0.8764832836598194,False,False
08200000,6.68858983250075,0.4433854018304252,0.6424197750527981,24.901397496868356,4.9901300080126525,2.4508982587640666,-3.8423892799375157,0.8715959224518341,False,False
08202700,0.06345403093829524,0.10610889334227558,0.5280134620647575,0.0035991757041499545,0.059993130474663134,0.023864093520978756,-0.1611316028399259,0.43064631213558324,False,False
08267500,0.015538872568228003,-1.6331869778762278,0.27524044484617965,0.0006358002713359778,0.025215080236556414,0.022863736858211334,-0.8021007349247173,0.23283944749468968,False,True
08269000,0.536366064792815,-9.080964651877059,0.090244850643992,2.900178158355243,1.7029909448835139,1.666242311374887,-6.175252740750519,0.5177233932809839,False,True
08271000,0.44338547661061134,-10.819868583544668,0.0780039197346828,2.323676012623737,1.5243608538084863,1.500075790921412,-6.541357206505906,0.48271693196856913,False,True
08324000,3.393064183909879,0.5615412635686258,0.6951885199577345,5.0479248151619265,2.2467587354146255,1.8608104981169404,0.3166496138176951,0.949097455465793,False,False
08377900,1.448640843006409,0.554946845765615,0.692016066723731,0.9339708773173456,0.9664216871104174,0.7182784467376803,0.2600823144701705,0.9117649657780049,False,False
08378500,4.463837088375021,0.7568847002770032,0.8044306109198639,4.8442769410386015,2.2009718174112547,1.421212787830483,0.5341906139057588,0.9748834595832488,False,False
09034900,0.01887479411058415,-42.70148148765939,0.022370623225900624,0.01556899595534273,0.12477578272783037,0.1235247974108991,-22.645522786651753,0.28504092739212855,False,True
09035900,1.3221864159978551,0.44585160461745343,0.6434391998673039,0.9687494343142886,0.9842506968828056,0.8049439080282832,0.30169732505253477,0.7830575187252775,False,False
09047700,0.2568256284954102,0.22963781968533936,0.564856169612854,0.050812629855585184,0.22541656961187476,0.11735573771380807,0.1317232473960901,0.6732644175038077,False,False
09065500,1.2850741647092776,0.45442435547018645,0.6470081251210545,0.9009721351594262,0.9491955199849114,0.7417473862739413,0.2223883367416004,0.9062032686465793,False,False
09066000,0.16532947289662747,0.007086200117599417,0.5017778491267454,0.02714014158626106,0.16474265260175053,0.13607760527915622,-0.18459688132934038,0.7118903025470534,False,False
09066200,0.4004769627571623,0.2771834285528626,0.580444846290291,0.11592662113546527,0.3404799863948912,0.15163855537372173,0.1277391518873643,0.8667989406364828,False,False
09066300,3.834944708355713,0.701081765977842,0.7698714005295434,4.396130957969663,2.0966952468038036,1.6197966169396012,0.4307042687685435,0.9796849985351135,False,False
09081600,10.812655485466342,0.8976701102222288,0.9071694501557961,11.963747476718352,3.4588650561590795,2.1310128118606917,0.8019770519823075,0.955876133108101,False,False
09210500,2.5429430462091953,0.5448126415251031,0.6871967339298809,2.9434960626950577,1.715661989639876,1.4446164942794335,0.31349911444660916,0.9280994768472517,False,False
09223000,4.505801762588624,0.7188333000300662,0.7805385513247166,5.708316500558037,2.389208341806557,2.1104701490981026,0.39768484056357223,0.955185473505982,False,False
09306242,0.029336874515129573,-4881.162964721321,0.0002047853014991625,4.20184432718391,2.0498400735627915,2.0399996688551103,-154.17255716540373,-0.1324408863103115,False,True
09312600,0.18581487404812647,-126.54005636333414,0.007779676065905698,4.403596878496915,2.0984748934635635,2.0829244765967854,-22.55465273418256,-0.08529943893439498,False,True
09352900,0.032092987847940325,-0.6253938053542913,0.38089523863451485,0.0016740903908491946,0.04091564970581788,0.03520591437123623,-0.6635294142483597,0.6366135680889624,False,True
09378170,0.14332943140728566,-0.33299446390318455,0.4286336789359387,0.02738413970490409,0.16548153886432193,0.12710634647153274,-2.052366608396019,0.2014771623140372,False,True
09378630,0.10629688467127221,-20.338583059906682,0.04476559669511005,0.24110524087670004,0.4910246845899909,0.4866582262063977,-20.56099185739064,0.2589994383857231,False,True
09386900,0.06576887766446417,-1018.2463283416316,0.0009801554509149362,4.408796133751699,2.0997133456145147,2.0894845746230826,-54.89562955776921,-0.03830048760384973,False,True
09404450,0.6316102145271915,-7.611933242624325,0.10403734345193727,3.43557112855732,1.8535293708375165,1.828711164080758,-5.231932871836014,0.5471028776980182,False,True
09430500,7.361422364544138,0.7192888640498347,0.7808161980711564,15.211887824783709,3.900242021308897,2.2690140657633706,0.43291135465932484,0.9579416095888461,False,False
09430600,0.9068341628624733,-3.231918583768029,0.19113447275393183,3.480110625399006,1.8655054611013622,1.7959651571659054,-5.2449767718017375,0.8277283234227372,False,True
09447800,1.582936270419768,-1.2438866166340707,0.30827218031363324,5.622478054803431,2.3711765127892592,2.3372869666569676,-12.233281870588238,0.9456457678264705,False,True
09480000,0.9506939608326588,-3.7641566991976347,0.1734859151450895,4.305935377841044,2.0750747884934277,2.027713755797619,-17.98223181795792,0.9088521931332753,False,True
09484000,1.688438755267226,-0.5344514577637396,0.3945626959777501,4.374453237335882,2.091519360975624,1.9671092274437854,-4.135897210828821,0.919538785597285,False,True
09484600,1.5951559944444926,-0.9965002453852734,0.33372264912710714,5.080140088349639,2.2539166107799193,2.194358748727271,-15.589345710831282,0.9149552222320687,False,True
09492400,1.3814409857838572,-0.31037353089877384,0.432830443487198,2.500689586933285,1.581356881584067,1.4437589607327004,-1.196183425281148,0.8820112523257583,False,True
09497800,15.03043357542461,0.4064397176843305,0.627525680137345,134.093538126678,11.579876429680846,9.348247779566762,0.4196277473909248,0.9057528319293859,False,False
09497980,3.860935305405576,0.5334054129541035,0.6818516915531923,6.955442190476971,2.6373172335684174,2.1326823654446962,-0.5667216473422687,0.8883838421271731,False,False
09505200,0.13638157826350444,-0.021622447394755273,0.4946522043661961,0.019002111003341593,0.1378481447221601,0.04480346661388237,-27.810163912687305,0.6493608933491173,False,True
09505350,5.5421337503658314,0.6075863796329624,0.7181774045964889,12.053081082255918,3.4717547554883423,2.6057258302388107,-1.1603442484965218,0.9285583155752464,False,False
09505800,4.2711590586365595,0.5690900144333673,0.6988559798218232,7.861004557220221,2.803748304898323,2.3561515980690197,-0.3044418168494578,0.933887526400329,False,False
09510200,3.1884345848942712,0.33073780847280587,0.5990670639254749,6.80379647258255,2.6084088008942445,2.2775594506928285,-3.873683164150375,0.9121447034944827,False,False
09512280,1.0191031575031686,-3.3600481927591552,0.18656548673403567,4.5282206825734725,2.1279616261985255,2.0635413461856804,-25.894656019471302,0.8358815508302997,False,True
09513780,1.355433074097657,-1.7255924588820712,0.2684136848129834,5.007455244783138,2.2377343999642,2.1106718533985744,-13.947932960439369,0.8767997973599453,False,True
10023000,0.4522712635647541,-14.902057203612115,0.05916439566813744,3.2527546035089734,1.8035394654703216,1.7677960051148391,-4.522282804637377,0.27881527938106737,False,True
10166430,0.26839953066516237,-43.367007142948076,0.02204245029541125,3.1961241283206783,1.7877707146948902,1.7702904102758499,-8.633954617546395,0.15140739365048497,False,True
10172700,0.04605426605748588,-1604.147479557044,0.0006226078319257381,3.404510455925725,1.8451315551812897,1.835255570781551,-29.57515058960826,-0.15496585389772388,False,True
10172800,0.18904978035822292,-41.448722770977035,0.0230156362770687,1.5171096878660675,1.231710066479148,1.2194686685840588,-11.073636192857109,0.2094065707790063,False,True
10173450,2.3199732188608557,0.16940811252810972,0.5462714037157862,4.470474562650762,2.1143496784237845,1.9671707941175036,-0.41593910608588214,0.9399575863287415,False,False
10205030,0.461804452459795,-6.019583326386355,0.12469475773258192,1.4970198720164054,1.2235276343493044,1.185612135791288,-2.619032688699472,0.3115086783898122,False,True
10234500,1.9897273258171229,0.3304837721523627,0.5989759089009954,2.6506246757131717,1.6280739159243267,1.4800453853687099,0.02633901661630267,0.9162928239673819,False,False
10244950,0.029876464861432365,-2697.9860964811332,0.0003703722775844256,2.4091234985868986,1.5521351418568226,1.5458000861358667,-61.77345217666463,-0.24248408539753272,False,True
10249300,0.2528444334268237,-34.61116125230651,0.02731407488302491,2.276632489823768,1.5088513809596251,1.4855497302463678,-8.188753366367424,0.15227003936347955,False,True
10258000,0.602422447643712,-4.566474444014517,0.15228872182873132,2.0201448568041034,1.4213179998874648,1.376020276848618,-9.551673229185194,0.6624775437268607,False,True
10258500,1.6710423498540574,-0.6802958603143447,0.37309314050230263,4.692028813984271,2.16610914175262,2.118584291723547,-18.935311487138794,0.9457061238548614,False,True
10259000,0.37452389868373265,0.25105031034835823,0.5717717358691898,0.10505378792373733,0.32412002086223757,0.09183602765152037,-0.46483557396747366,0.9018351200641611,False,False
10263500,0.4689702651948348,-9.768034030631625,0.08497596092916185,2.3682472090329227,1.5389110464977898,1.4949058853016965,-4.477604701227514,0.465692225287746,False,True
10310500,0.4425503565928473,-10.993990350824605,0.07695865342369902,2.3490328227378576,1.532655480771154,1.5042935473466248,-5.295255679226854,0.394615269332654,False,True
10316500,0.05521256280030752,0.03365587352221844,0.5085579815529301,0.0029458296143622456,0.0542754973663277,0.018931947823543398,-0.19536603080002868,0.22903862244596107,False,False
10329500,2.2093797082426447,0.0784861953239524,0.5204230110481003,4.498239423197057,2.120905331031316,1.8610351589088063,-0.6391948085507781,0.846022814854372,False,False
10343500,0.0619118920749027,0.00030707372580907055,0.5000767802200464,0.00383190534140655,0.06190238558736287,0.03728783541913141,-0.47257344791480493,0.5133438188934384,False,False
10348850,0.6256559173941547,-0.6119016360857727,0.3828628100630206,0.6309713629815913,0.7943370587990914,0.7142329183420477,-0.9209283480911103,0.6932465113367765,False,True
10396000,3.348662401308736,0.55435492326429,0.691732719249469,4.997258839382976,2.2354549513204187,1.9098812208329137,0.3634301739450446,0.9091596038334367,False,False
11098000,0.06291729870446466,-0.22852244390811682,0.44872781188881333,0.004863212332244947,0.06973673588751446,0.04949803594233852,-14.812276273303803,0.7452376399120766,False,True
11143000,0.17649695407003202,0.23346660694763244,0.5660804397657688,0.0238784157139445,0.1545264239990834,0.045249040359191854,-0.8731084279420138,0.744658816647747,False,False
11148900,0.7538236758857088,0.23527704043885933,0.5666611830384326,0.4345539244926737,0.6592070422050069,0.1359337348394626,0.13525540160991034,0.6517984780670386,False,False
11162500,3.893335237761307,0.29798631860513547,0.5875393429155412,10.641164993457213,3.2620798570018503,2.2344101821775078,-0.6634925039331034,0.9461426546339027,False,False
11176400,0.016219204627256463,-0.6294373761105982,0.38030949475555736,0.0004286440306450728,0.02070372021268334,0.016023724308105877,-18.401086371462547,0.5646693804604401,False,True
11180500,0.6354109810500282,-9.629713887887316,0.08598663816153972,4.291716313798122,2.0716457983444276,2.0245456467087704,-31.174560242757472,0.5175342945703456,False,True
11180960,0.438293422708853,-19.83210571637727,0.045804102132477945,4.001870931524115,2.000467678200304,1.9683358822214998,-35.344630962725944,0.4058482205640612,False,True
11224500,0.023676990569064856,-28.880279354866182,0.03238312673626827,0.0167508810926438,0.12942519496853694,0.12400509231260994,-93.50309351146647,0.20502535916242273,False,True
11264500,6.613238785421634,0.6478490430944727,0.7395623949330005,15.40129647529632,3.924448556841626,1.5919730696775716,0.5111911500717887,0.8548227167620698,False,False
11266500,32.62160398423281,0.9722335658164469,0.9729837118045109,29.54817978993088,5.4358237452966485,2.8581374121001217,0.9274798505091163,0.9894186299131995,False,False
11274630,1.3381328296120614,-2.1718655403116713,0.23970091805147012,5.679540754396051,2.3831787080275895,2.2721512169810922,-9.849802563051272,0.7692649919807266,False,True
11284400,2.1399378756518574,-0.2500266723086224,0.44443917590272736,5.724289780974442,2.39254880430357,1.9873122054950503,-4.201239122267924,0.8810587869960513,False,True
11299600,1.5649962093601217,-0.43012796074361614,0.41150096462163305,3.502688186629586,1.8715470035854258,1.5906609933700044,-3.543902906625563,0.810331889548873,False,True
11381500,13.399060770271571,0.5292896540855064,0.6799435407372456,84.50890170961507,9.192872331845747,3.9709575893374387,0.33033958825998544,0.8754089192235269,False,False
11383500,19.503562273653497,0.6498618372948051,0.7406649390580569,133.18868504196286,11.540740229377095,4.547527134507809,0.4320122864966288,0.8991933051899238,False,False
11451100,8.89404993100743,0.5385338286182193,0.6842443701960781,36.50387732366309,6.041843867865429,2.530958451728725,0.3682661120729055,0.9024136599610787,False,False
11468500,13.568487704837437,0.5375397456760685,0.6837792665088747,85.14071726847345,9.227172766805305,3.7574643901674767,0.33991879261537006,0.9123775050486796,False,False
11473900,84.35367148744878,0.5403228519439598,0.6850830002591832,3270.852004437101,57.19136302307457,14.762615256149353,0.30694592404499943,0.848153659755269,False,False
11475560,9.438631471256413,0.44955574427450473,0.6449764293731881,49.037847976856476,7.0027029050828995,2.9217492070768474,0.2716928811044461,0.8797455031813711,False,False
11476600,5.660433134009039,0.4588154848505922,0.6488515749868253,17.339824224388742,4.164111456768268,2.413442826369937,0.28890058653344,0.9296101467042105,False,False
11478500,3.347192260869651,0.21045839358470986,0.5588023192168994,8.84578416228254,2.9741863025510926,1.0258889192000127,-0.03975828517719027,0.8198327585834436,False,False
11480390,14.475099081270487,0.5535357253803563,0.6913409598470421,93.54698682360221,9.671969128548861,3.8812154912493457,0.35145709409924364,0.8857028744229136,False,False
11481200,0.1508865766657692,0.1915891127954249,0.5529716764456063,0.018404895856445468,0.1356646448285089,0.039317592700993484,0.1025375095424158,0.8038578114826535,False,False
11482500,0.2581076105121575,0.23507070280943299,0.5665949347613021,0.05095923684374369,0.22574152662667915,0.08832236108511868,0.057465235900187484,0.8170828102324901,False,False
11522500,66.0388976806957,0.686142517483129,0.761117559025021,1368.775168033474,36.996961605427465,14.096754239535686,0.6038423026273739,0.855726199204214,False,False
11523200,11.752117271350409,0.741945184263286,0.7948779238322794,35.640533898070565,5.969969338118125,3.0953090524212095,0.6649350170223878,0.8873021647302735,False,False
11528700,2.320556635967511,0.20529705374583818,0.5571952740631331,4.279461935681269,2.068686040867794,0.517729949972143,-0.031049944088939352,0.6155755418065977,False,False
11532500,6.266471317623166,0.2754879737288818,0.5798741816618596,28.4506184357782,5.333912113615877,1.8599998561703428,0.1294968320601746,0.6736642990044854,False,False
12010000,0.37009453731510256,0.046434147573613194,0.5118844592609818,0.13060988291052197,0.3613998933460302,0.14709584516392393,-0.15276990351513242,0.8583754962206671,False,False
12013500,31.72653337907591,0.12253964801361417,0.5326344169888767,883.2278289057037,29.71914919552213,13.90365172825911,-0.041443954955651785,0.8131287737004538,False,False
12020000,29.090706942086374,0.12087387697851415,0.5321622576307328,743.9773875454471,27.275948884419165,11.405609721480511,-0.0738984133288576,0.8104331609497808,False,False
12025000,74.85811610211698,0.0539829350761879,0.5138701083482794,5301.231346208984,72.80955532214837,35.75225063711832,-0.07224154480645861,0.7251878163715382,False,False
12025700,0.40881053786183436,0.1556542870638984,0.542197698070419,0.1411121687911215,0.37564899679238,0.11837586689391077,0.03391797086530646,0.6631031514461035,False,False
12035000,88.86946419248362,0.2408492247708578,0.5684561062537364,5995.607074227462,77.4313055180362,36.51962021431982,0.06527570996679533,0.7837562404099481,False,False
12040500,179.82971788790206,0.22509165625536198,0.5634093746442342,25059.549715962963,158.3020837385376,62.9430089873947,0.04220288470032085,0.7432064752224744,False,False
12041200,80.59319341037316,0.20052647278618052,0.5557180946964698,5192.790680149482,72.06102053225088,34.42085261969151,0.1388612854462744,0.6592212814641272,False,False
12043000,50.806926724544034,0.23191326389822164,0.5655831128538231,1982.6959365512062,44.52747395205803,19.073410873600118,0.01324756165927432,0.7711101661624414,False,False
12048000,11.41558798557632,0.39507405420988717,0.6230817083013105,78.831317256716,8.878700200858006,6.156101482006149,0.5023951056613427,0.819705905122349,False,False
12054000,12.319230853856011,0.1996249926642102,0.5554398366592571,121.46767147109456,11.021237293112536,6.175181331563293,0.16892835510654292,0.7477883023345911,False,False
12056500,21.21188856650328,0.3382914985882014,0.6017902653506275,297.7319132573362,17.2549098304609,7.24491755949709,0.1676347398858914,0.7621829272918679,False,False
12073500,0.6072880699887023,-0.32069064588912144,0.4309062053451213,0.4870691253098948,0.6979033782049595,0.6044073910614267,-0.40732586310544194,0.6273792254250412,False,True
12082500,20.17843184210264,0.28559794182028964,0.5832937467782578,290.8824513588033,17.055276349529002,9.384745230184057,0.35637341006677115,0.6956923151411984,False,False
12092000,15.46276301560286,0.37932770469002486,0.6170278858310074,148.4009086662238,12.181991161802072,6.260533501249132,0.4157099833664606,0.7236992746406687,False,False
12095000,9.234353939078826,0.12579841083457943,0.5335605336058319,74.54604796738832,8.634005325883713,4.2335994986815075,0.1283809368008112,0.46154015341711896,False,False
12114500,0.9134900220888873,0.1311226482999961,0.5350805921482011,0.7250468881827088,0.8514968515401033,0.4615835763883789,0.01686528552257227,0.8274246220552202,False,False
12115500,1.4306816116848602,0.2885311775046612,0.5842934366411594,1.4562698696888965,1.2067600713020366,0.6517611802801552,0.15840518298792106,0.8169522827182479,False,False
12117000,14.770617408638994,0.26958887148982125,0.5778973467773314,159.35462757683413,12.623574278976385,7.491675406410914,0.25261253554137375,0.766396953764603,False,False
12141300,42.5866725109592,0.5360009225036858,0.6830605397034601,841.5201763823912,29.008967171934806,13.296714541173895,0.4984917811607935,0.7810069207371538,False,False
12143600,14.227296102830854,0.42571785669904305,0.6352101522940472,116.24386812977743,10.781644964001432,5.5474639823885985,0.36271285469151704,0.7659650614583331,False,False
12144000,15.524958352508943,0.360351842507722,0.6098869415554535,154.17076977682868,12.416552249993904,6.844338935164695,0.37403977472803973,0.7362483161729901,False,False
12145500,6.146940675097474,0.2748618520435916,0.5796637221109486,27.39925765970525,5.234430022428922,2.7430363423675916,0.13727310871249776,0.8562690413131779,False,False
12147500,11.83957596469585,0.3618431676786631,0.6104421629661417,89.45399071550312,9.458011985375316,4.533059101856428,0.32679466037733806,0.6943645425611374,False,False
12147600,2.3935565345074328,0.37438772392743436,0.6151528348543064,3.5842033511628486,1.8931992370489823,1.136629540702046,0.25631953169909605,0.7998776008832311,False,False
12167000,72.7861117738463,0.24706665257322924,0.5704723465201664,3988.9038913609224,63.15776984157153,30.147139262854314,0.1392379586924607,0.6933038155711115,False,False
12175500,17.563717985175547,0.7460962265616369,0.7975093633045487,78.32529975067449,8.850158176590659,5.044585892871888,0.7931686160695975,0.8937602563925547,False,False
12186000,32.151870092158156,0.6008625344983836,0.7147260541990287,412.6054613845119,20.312692125479376,11.72415044899095,0.6869274292043481,0.8229801385749435,False,False
12189500,112.53622114487096,0.520625313324777,0.6759612754003657,6070.993294653185,77.91657907437406,42.94370891695567,0.5417760953270221,0.8108073937899252,False,False
12358500,106.10429772785702,0.8304966414678578,0.8550638120912386,1908.2894891411172,43.68397290930756,26.03519772866181,0.6369456792557058,0.9509994221799482,False,False
12375900,0.7479773831032251,-2.418846878631185,0.22630338354466076,1.912742829464898,1.3830194609855995,1.2839321509909576,-1.2717843684483512,0.13896743853256435,False,True
12377150,2.188988334962389,0.27825835170062974,0.5808072314378513,3.4583477538187926,1.8596633442155042,1.5979339870305191,0.06722064378986903,0.8263699405598655,False,False
12381400,1.594750901325303,0.25971866412849043,0.5746197349747553,1.8827060255371424,1.3721173512266152,0.634267597877822,0.14039390318227118,0.7328600506412637,False,False
12411000,25.136059106943218,0.7367613136035356,0.7916160348545187,166.31985312276555,12.896505461665402,7.030358437408934,0.5146606357779702,0.9224093370933278,False,False
12414500,72.47651447107923,0.841435548608405,0.8631371338891529,832.9145094351771,28.8602583050668,19.591548357670558,0.6867171741216558,0.9550473437411948,False,False
12447390,0.046645389878644895,0.07993883292390958,0.5208167412306042,0.0020018620920354245,0.044742173528287875,0.021989106574036216,-0.036221412997837765,0.5212071142335016,False,False
12451000,44.46925289387775,0.8504365462839787,0.8698954344516173,295.7638913550032,17.197787397075334,9.65884711104257,0.8417236051453136,0.9360150375035686,False,False
12488500,8.92261586488459,0.6685325122635405,0.7510510089135066,26.389145587425187,5.13703665428087,3.2718809608536086,0.4337680028989672,0.9546104095062217,False,False
13011500,26.39118677869437,-0.917778155265208,0.34272653601010533,1335.7223968388666,36.54753612541982,32.383600235622254,0.2885158224476392,0.878748080076332,False,True
13011900,23.53915258290757,0.9448753134466887,0.9477552868814182,30.54413152250745,5.526674544652277,4.713261141205694,0.7790484520323765,0.989541358501499,False,False
13018300,0.05917644318372744,0.09545168177020247,0.5250588763898941,0.0031675938197766843,0.056281380755776454,0.02811972455674418,-0.18290570398176031,0.5027329943371239,False,False
13023000,20.88174323275532,0.9034057554016633,0.9119143246700903,42.1196499355979,6.489965326224625,5.836354944046226,0.7375319810382679,0.9861400205980193,False,False
13083000,0.2975182280176595,-44.01677445935905,0.021731205886305154,3.98475414655404,1.9961848978874779,1.9539504582166733,-6.19005039562705,-0.1401848308188345,False,True
13161500,0.2792402491049451,0.19840118165734044,0.5550625310244861,0.06250476142303671,0.2500095226647111,0.1403005481939127,0.3838029566565284,0.4839490056570312,False,False
13235000,1.3453883989869522,0.27659217698496696,0.5802457123877621,1.3094187577870666,1.1442983692145448,0.49344071931117583,0.2416737335623803,0.546139265290584,False,False
13310700,1.6501858034553545,0.7638650949969208,0.808973192127043,0.6430220734711724,0.8018865714495862,0.4400313338645896,0.5639176260041283,0.9333278638398879,False,False
13313000,8.989166774851146,0.9047690388642666,0.9130494256325801,7.695149176206347,2.774013189623717,1.3650311178408596,0.8667740164148348,0.9542155659547957,False,False
13331500,16.82177734673654,0.15677144113714603,0.5425263162246854,238.61023458865458,15.44701377576438,9.353936914221551,0.0039892151899745265,0.9331672567906207,False,False
13337000,103.64032767401437,0.8558716829090731,0.8740278385405327,1548.128017551235,39.34625798664004,22.900460124206102,0.6858517484303224,0.9548451624953226,False,False
13338500,0.05581799087457593,-0.08562075955484882,0.47947355501651134,0.003382412262553448,0.05815850980341095,0.020339896948455546,-0.6972648411907645,0.18348595798714146,False,True
13340600,4.6074132273311585,0.1382977108860055,0.5371428105596365,18.292437346951996,4.276965904347613,2.2954811627685574,0.1394379465792187,0.5560731687147957,False,False
14020000,0.040222592500700524,-0.13887731874279896,0.46753499662513853,0.0018425405824524824,0.04292482478068469,0.023841040176188245,-4.586489351775325,0.282883036356691,False,True
14092750,2.186479634071254,0.39055497531442507,0.6213321888365603,2.9135696793206973,1.7069181817886578,1.2577428450283783,0.253347606144676,0.8699398351834396,False,False
14096850,2.0272082597611747,0.1797422977050277,0.5493727611970574,3.3709091758021197,1.8360035881778989,1.3676218497495276,0.11062651452586969,0.7553740781591887,False,False
14137000,37.46362907636158,0.5114265142644376,0.6717841004039252,685.7243704515724,26.186339386244356,13.749339079028045,0.5322203948913193,0.7819091008566147,False,False
14138800,0.7379197725067119,-0.07569456491317905,0.4817664491219726,0.5857432183251822,0.7653386298398782,0.44488888780665564,-0.1401654854109844,0.7174367096568667,False,True
14141500,4.794014454737719,0.328559564469586,0.5982863515460307,15.431429893819956,3.9282858722119443,2.347245464169962,0.23202313555571075,0.7316427730141143,False,False
14154500,0.06662761558422284,0.29616199202532856,0.5869102551531211,0.003124505246198845,0.05589727404980358,0.021816694955761686,0.1938279857951496,0.712050473828184,False,False
14158500,10.17351393295139,0.738998595509175,0.7930205283187501,27.013746044514694,5.197474968147003,3.658955891779459,0.7468721237654234,0.9131155187902182,False,False
14158790,3.0263405673814323,0.5080254277978685,0.6702527098193205,4.505865830532047,2.122702482811015,1.525515190988655,0.36257076402510147,0.8566025530073482,False,False
14166500,0.1264946246319035,0.22334204936076663,0.5628545436335703,0.012427218482998329,0.11147743486014705,0.06694534719563514,0.12671456002370962,0.7531843723028667,False,False
14182500,46.76236275288991,0.21741520254189273,0.5609831304664771,1711.2927093835697,41.36777380260593,28.571673333947953,0.47719202040490327,0.7559073292092697,False,False
14185000,26.83399753890747,0.463657600052074,0.6508965709947827,386.20054489895045,19.651985774952884,9.975629649071289,0.3409233344544935,0.7976920423627332,False,False
14187000,7.679358005961136,0.3785088003232504,0.6167162672232533,36.650914249572125,6.05399985543212,3.24684414297963,0.20440905688920863,0.8295676409920338,False,False
14216500,23.757599776407265,0.25524767209295773,0.5731472507617015,420.35575065504634,20.50257912202868,11.78607608766288,0.32437903939359614,0.6816743785988083,False,False
14222500,28.639474326010404,0.3246235838496305,0.596880790704796,553.9568993901509,23.536288989348996,11.731512771264507,0.14796463851818964,0.787109289119295,False,False
14236200,31.073700084151806,0.26163668744953505,0.5752537417122751,712.9450351034903,26.701030600025355,11.450853989736034,0.05704478403628077,0.7891769921165992,False,False
14301000,107.36258912143798,0.29316354003953526,0.5858792118977602,8147.509877650118,90.26355786057914,47.0947607713175,0.11769924560150602,0.8211664239586051,False,False
14303200,0.5643983183045328,0.14590606867117395,0.5393470002263056,0.27206774569456643,0.5216011365924795,0.2673469138068586,0.03851627811074099,0.6030658678838431,False,False
14305500,48.50774343944676,0.36518799273505587,0.6116911275156398,1493.7133981016536,38.64858856545286,17.096065050799275,0.1397203262357588,0.8009096676837033,False,False
14306340,1.0617739698764335,0.3427286175395846,0.6034014770202462,0.7409840705674966,0.8608043160716009,0.598546153936872,0.18308429457880537,0.8449164873727064,False,False
14306500,53.71535880930867,0.2894121908553282,0.5845943684703447,2050.2872672325443,45.28009791544785,22.232775697973455,0.14195639643125557,0.7639476675904977,False,False
14308990,0.06929184468529828,0.18201474032870957,0.550059465378069,0.003927441493610428,0.06266930264180724,0.026666948361604326,0.06203893402168381,0.5629303828213528,False,False
14309500,12.606250650202147,0.058208679907472805,0.5149883973898645,149.66717433852187,12.233853617667734,4.522542876330303,-0.16316873666035714,0.7440580427513579,False,False
14316700,27.612826725821254,0.0043146339585512505,0.5010809905288602,759.1784286030983,27.553192711609633,12.056391163642965,-0.16621823733504382,0.40734641249553855,False,False
14325000,0.8594778445625298,0.2665011774274687,0.5768680007039111,0.54183716847482,0.7360958962491368,0.2379795043112351,0.07721395186192559,0.7727607966512354,False,False
14362250,0.560039049862738,-4.150741031258178,0.162582036037281,1.6154976672747894,1.2710222922021428,1.2306549896837715,-5.930995666164391,0.30043657409994845,False,True
14400000,94.69190928279777,0.5117276357630944,0.6719200221881015,4378.12231924851,66.16738108198412,22.709687075183407,0.26667762421203955,0.8430606340849627,False,False
394220106431500,16.840084159118057,0.9450557881148175,0.947917424195354,15.581543032595818,3.947346327926626,2.7929627386144835,0.8174474109805279,0.9825644141394817,False,False
