basin,std_obs,NSE,NNSE,MSE,RMSE,MAE,KGE,Pearson-r,low_var_flag,neg_basin_flag
01013500,22.67940342235571,0.20429297897500842,0.5568837167152128,409.2761550166076,20.23057475744591,15.2674035561063,0.4014098499203054,0.565310648396282,False,False
01022500,10.99175762251953,0.3391064621862321,0.6020855504780269,79.8483216261617,8.93578880827886,5.693498512035333,0.6393163364940468,0.7119956244308682,False,False
01030500,99.9455175362283,0.08509670305555816,0.522219582365163,9139.066448041349,95.59846467408015,49.525529181045385,0.0024684404664375714,0.6444793780501304,False,False
01031500,26.878528739756252,0.37907688206070256,0.6169324065605988,448.58920192704954,21.17992450239258,9.758204210206843,0.31451829864071756,0.6717932406693851,False,False
01047000,32.396370961105326,0.32531074333455723,0.5971257031833773,708.1031418764052,26.610207475260413,11.026679890425932,0.2224023655525562,0.7040667558450847,False,False
01052500,3.504661679757918,-0.10894371253339274,0.4741710241278742,13.620771360477882,3.6906329213940907,2.3181816660195924,0.2806388520203431,0.3186155759992818,False,True
01054200,12.76478267449321,0.3633197165732478,0.6109928799938121,103.7404795600365,10.18530704299269,3.327554960618393,0.2981969893241849,0.6588551922119985,False,False
01055000,0.13454440772200457,-0.3126994717415963,0.4323951348710873,0.023762745291552128,0.15415169571416373,0.12485257199663714,-0.7126315794449027,0.5391276143134508,False,True
01057000,5.736393023594251,0.508690273476389,0.6705515173773444,16.167138540735586,4.020838039605125,2.241827812990485,0.5917723413616967,0.7165172130015015,False,False
01073000,0.5719339815647471,0.3557752955204466,0.6081893778116721,0.21073136338950835,0.45905485880176494,0.29092787135874976,0.3810546031666807,0.6200648799754488,False,False
01123000,2.246446496323941,0.6387338686148701,0.7346102109970732,1.8231374296183611,1.350236064404429,0.6240395906111645,0.5573542842499621,0.8379606468331331,False,False
01134500,3.8260074463433997,0.5218197262244924,0.6765074718835483,6.999762071742468,2.6457063464682675,1.706445569820568,0.6245661421593558,0.7599203463852989,False,False
01137500,0.18462258032469,0.32788329376442404,0.5980443806768085,0.022909432085443673,0.1513586207833689,0.07915258625847989,0.38338267132822934,0.573418914116923,False,False
01139000,4.5943351738676315,0.5437084172493507,0.6866756711668937,9.631364258683137,3.103443935160282,1.6836310634280296,0.5444368498490728,0.7570319863239567,False,False
01139800,0.9456430137071642,0.24089714148782604,0.5684715905957807,0.678820678683126,0.8239057462374723,0.27771820263888086,0.13292826765604082,0.5943202712783621,False,False
01142500,1.8733260898232653,0.4792511580573908,0.6575707785662996,1.8274902811321778,1.351846988801683,0.6081374051775359,0.40716376831243817,0.7513223344318933,False,False
01144000,30.787593343268135,0.3934184030243175,0.6224395958988046,574.9640795045051,23.97840861075866,11.489842512422252,0.35870097336548046,0.6670486456717087,False,False
01162500,1.4017285482232438,0.21497222572329222,0.5602153727861178,1.5424562665707018,1.2419566282969392,0.6257982252147831,0.5918677292500032,0.6263315099746641,False,False
01169000,7.445569594728943,0.6000603830201514,0.7143165232778711,22.1712552122863,4.708636236989039,2.6447415626488193,0.5149145465429132,0.8208773146263724,False,False
01181000,8.413099747660471,0.5491656969285608,0.6892585858240214,31.9101634916112,5.64890816809861,2.366302355094785,0.4289855263099295,0.8196266588414968,False,False
01333000,3.44805244256021,0.525228880742902,0.6780713203169727,5.644585003978965,2.3758335387772784,1.1906228365507856,0.49897500403844497,0.7466663723861799,False,False
01411300,0.18439511503638875,-0.06350318232459262,0.4846127733486084,0.03616076561480815,0.1901598422769859,0.11703320230501282,0.41556289866766705,0.44794392900026436,False,True
01413500,0.5606476608843115,0.28904194562842744,0.5844678643318907,0.22347245896154302,0.47272873718607694,0.2012923246820923,0.21643559063807483,0.5872160185834253,False,False
01423000,21.4791491899812,0.43481636106973476,0.6389026661967003,260.74964773536465,16.147744354409525,7.336110084472238,0.3893356368918245,0.7168655364798827,False,False
01434025,0.49329044961018337,0.21630334604276247,0.5606334450319455,0.19070119180728418,0.4366934758011438,0.14177241677538255,0.08564761859816505,0.573971226869507,False,False
01439500,8.31097388949984,0.6269537702817376,0.7283075969009373,25.767156240364024,5.076135955661947,2.6091590548440338,0.49873495136048396,0.8705494633054911,False,False
01440400,0.01145941999381803,-72.53320158083345,0.013416839459331028,0.009656255510082973,0.09826624807166992,0.08518270724462447,-3.17799728417559,0.4186545217097365,False,True
01451800,5.505915542791635,0.4375075128553252,0.6400030772803375,17.05201935194413,4.129409080237042,1.359015496293332,0.307097172491516,0.7886274172505049,False,False
01466500,0.12680552141604728,0.04035022474467731,0.5102952643003315,0.01543082316322668,0.12422086444404853,0.08439391971938634,0.21632681983695978,0.6269619503221364,False,False
01484100,0.04503032874455597,-1.4299861246214967,0.29154636889685703,0.004927356996099678,0.07019513513128725,0.04234461093713195,0.13099141416489724,0.3373438057491829,False,True
01485500,4.51060223880193,0.4394193874905086,0.6407871480550755,11.405311102458267,3.3771750180377484,1.1703030954301745,0.3381541146712561,0.7514080585572399,False,False
01486000,0.28973827937325103,0.31330855638561605,0.5928766662010901,0.057646559082041464,0.240096978494194,0.07755495962420571,0.2544845764241631,0.6130591968148199,False,False
01487000,2.7631728363366097,0.17878012945452249,0.5490825222000723,6.270115644273457,2.504019896940409,1.271346672445124,0.5692426725943964,0.7334042544475471,False,False
01491000,7.795501147001034,0.5955439807328289,0.7120194482998395,24.57872682274083,4.957693699971876,2.521337362687383,0.6098624753646025,0.7797213604167402,False,False
01510000,11.50891651903427,0.46576590760468994,0.6517910173921102,70.76206188762632,8.412018894868599,4.469578736110966,0.39393394225907097,0.7424601622072192,False,False
01516500,1.1714554711988778,0.295007256347393,0.5865127600823095,0.9674671263632534,0.9835990678946648,0.2990768638701373,0.15669209101359483,0.7533052423744698,False,False
01518862,0.464239666989337,0.13390163804278554,0.5358774330369022,0.18666019245828516,0.4320418873885785,0.10049682362007542,-0.016596312633744503,0.49584538764653274,False,False
01532000,18.367043056597183,0.450718163910246,0.6454603524713803,185.29927750043248,13.612467722658977,4.564998628169197,0.3743094066362306,0.7307388759773539,False,False
01539000,0.5279809471312785,0.33541568384399245,0.6007505839711866,0.18526210291344541,0.43042084395791685,0.1229911077789941,0.25092308731316537,0.638905664058767,False,False
01542810,0.5535799225814739,0.19332048056071593,0.5535015974002723,0.24720752816104388,0.4971996864048125,0.2129253206237207,0.06192381436422878,0.6332431198572451,False,False
01543000,19.658447537910348,0.48556729181817104,0.660313260930928,198.8048656846419,14.099817930903997,7.2107899982442385,0.34253784342228855,0.8235423534113281,False,False
01543500,46.88806973831302,0.3256085827873889,0.5972319194425385,1482.6435177229914,38.50511028062368,19.60505130925867,0.2218036830147816,0.733922050345844,False,False
01544500,0.12012171778560035,0.04864291901400786,0.5124638692446359,0.013727347359293185,0.11716376299561732,0.06115507858166758,-0.44737880101783234,0.4279605286405611,False,False
01545600,2.0029351177292956,0.5410333798089493,0.6854166409023468,1.8412589189794317,1.3569299609705108,0.7694496247671779,0.6219082714587244,0.7446238756563581,False,False
01547700,3.301186361123184,0.5037933232563562,0.6683568624198417,5.407576698174045,2.32541968215934,1.0103003346643504,0.581462202100546,0.709894253779681,False,False
01549500,3.0220755511649013,0.6160710354404509,0.7225804398987062,3.50640044212752,1.8725385021749272,0.9076943749681811,0.5131674741726346,0.8356588760987123,False,False
01550000,16.1593036841491,0.48570006326917436,0.6603711561653158,134.29559152369345,11.588597478715595,4.405997606298716,0.36986099731009425,0.7856449587228053,False,False
01552000,41.44400487280128,0.27154700482128047,0.578552036294514,1251.1949000733684,35.37223346176162,13.503743450188656,0.13727109261606962,0.7350730154309876,False,False
01552500,1.0075936471501887,0.5316726680687364,0.6810470514668677,0.4754669623325671,0.6895411244679805,0.33340795668643497,0.4352653801611388,0.7934826598015278,False,False
01557500,3.5511609916100046,0.5923827554608463,0.7104203957997081,5.140356879159711,2.2672355147094247,1.1182354637498124,0.5340900896794345,0.8001161592429158,False,False
01567500,0.0654395384212137,0.055689433638772545,0.5143211261107826,0.004043852478845741,0.06359129247660988,0.02643231589687905,-0.6116225270057862,0.3825035959442921,False,False
01568000,0.9722060097751658,0.2750341147366421,0.5797216098840852,0.685226536224975,0.8277841120877925,0.2087662020930717,0.14505710024223606,0.6977787381387225,False,False
01580000,0.46184510383141486,0.2719372045214865,0.5786826743892096,0.15529644948333932,0.39407670507572423,0.1464965624177956,0.32518247170486214,0.5336921043923358,False,False
01583500,3.709419725460605,0.4041280867036483,0.6266167050552641,8.199075194237238,2.8634027300114875,1.1910284824666297,0.5612642114420989,0.6441288390224211,False,False
01586610,0.07131865657152756,-0.056491282937271015,0.48626512949362344,0.005373685255925685,0.07330542446453527,0.03363298465323662,-1.1357966627629192,0.33952045112728113,False,True
01591400,1.7711727237455668,0.48121547257351627,0.6584212453720857,1.627454463355802,1.275717234874485,0.4760804527653296,0.42629690998530567,0.7261574538347416,False,False
01594950,0.2770977973226682,0.16129348720415504,0.5438605851672598,0.0643985609232733,0.25376871541479123,0.08287465169423236,0.026003477863691393,0.5434703463673536,False,False
01596500,4.345465356140329,0.4753397754391887,0.6558838381765071,9.907195306625738,3.1475697461098044,1.3961112794513006,0.356487225998796,0.7899991171104799,False,False
01605500,0.31618322134689775,-0.04535118751379197,0.4889135939611137,0.10450567064529763,0.32327336828959113,0.18304092740267136,0.3146451941408638,0.3744944352838188,False,True
01606500,14.067734759082748,0.20196906730500785,0.5561639579254304,157.93124829527974,12.567069996434322,8.485853511962274,0.33380699275495895,0.4688247155556577,False,False
01613050,0.32300200960626335,0.2640981796219506,0.5760694460140708,0.07677685637309167,0.27708636987966706,0.07698793453616003,0.12556833720831684,0.676746089867277,False,False
01620500,0.35836170076010965,-0.03888934693029933,0.4904631050751111,0.13341739939478983,0.36526346572685015,0.2694526638610864,0.2522142729401786,0.40719948768427877,False,True
01632000,18.00309708989456,0.40009414596641035,0.6250367779321877,194.43638910605523,13.944044933449376,5.282380853398392,0.31708494641959495,0.7179854689576056,False,False
01632900,0.34029276971255673,0.32175355475889345,0.5958600435803898,0.07854037481659346,0.28025055721013914,0.11683158498408057,0.3277238647559232,0.5754817860928738,False,False
01634500,0.5301823296224751,0.21390622134253945,0.5598810162989664,0.22096569643066025,0.4700698846242548,0.15401616353221267,0.12104911546492214,0.5616983167681683,False,False
01638480,7.096634428680333,0.4605942264439328,0.6496013053725102,27.165672352712235,5.212069872201661,1.7924899133949004,0.36287871836108665,0.7615837197338363,False,False
01639500,0.46631702177933304,0.07688541913362068,0.5199898175331246,0.20073271010014906,0.44803204137667324,0.0580042908750024,-0.06552756622636058,0.42515026881257095,False,False
01644000,0.059675161988807485,-0.1368749496388948,0.4679731025762586,0.004048553757727912,0.06362824653978696,0.03951765062580813,-1.9244353220168184,0.43809218633524616,False,True
01658500,0.48041244499408026,0.4223482848180323,0.6338534610502795,0.13331977301868173,0.36512980297242476,0.201588117869707,0.36271502347298934,0.6982237713969931,False,False
01664000,35.30975352465089,0.34005718315026634,0.6024303908840765,822.8026432878469,28.684536658064513,12.274160377585806,0.2284488263670944,0.7379193872482612,False,False
01666500,0.9392471645718898,0.16260050458021125,0.5442474554351235,0.7387414716241019,0.8595007106594513,0.24073643272749334,0.09742030341781882,0.4185805319313348,False,False
01667500,27.433811300795803,0.4121562204081609,0.6297848773618357,442.4194597960946,21.033769509911785,8.461431561647862,0.38052415677988194,0.6760274771835247,False,False
01669000,1.8807818392076556,0.5711825095653569,0.6998794504508775,1.5168734017058951,1.2316141448139897,0.5521763652455807,0.5125881684061551,0.7890038973540366,False,False
01669520,4.947379120792305,0.28564759583482957,0.5833106411321335,17.48488959945521,4.18149370434241,1.803969063602943,0.3553939946590685,0.5429264427988948,False,False
02013000,9.980111636731658,0.4662907604526708,0.652014067734995,53.15884299710227,7.291011109379979,2.8141512051748987,0.3615208753796214,0.763996457146544,False,False
02015700,4.160355243318835,0.4648853094105623,0.6514171261145512,9.262062455037984,3.0433636744625154,1.6856079098113577,0.36342737587156104,0.7697456918426713,False,False
02017500,7.465936447432294,0.588504076509706,0.7084682168455986,22.936867970270804,4.789245031345839,2.209669061438131,0.47134805127911306,0.821848767048177,False,False
02018000,20.1523309563945,0.5127771673662973,0.6723941954475736,197.86920372591766,14.066598868451381,6.335561650174342,0.4282945009501026,0.7763215925943165,False,False
02027000,7.86452019102809,0.31657538703926924,0.5940271945063494,42.270275560804215,6.501559471450232,2.607641442402409,0.14396657464471485,0.8351003837048295,False,False
02027500,3.9791810512528207,0.45840741705246313,0.6486798205061367,8.57551296308028,2.9283976784378654,1.3838741561111014,0.2821645241461096,0.8654201882571597,False,False
02028500,0.011954534419572836,-5.388875925368202,0.13533858331098828,0.000913039964966482,0.030216551175911554,0.019520580714215578,-0.7990430971769702,0.3381769443965922,False,True
02038850,0.7130920701605484,0.31183807636693894,0.5923602386718444,0.34993054497786313,0.5915492751900412,0.24026804801762577,0.23144577656344933,0.6400960110002205,False,False
02046000,4.579460588232451,0.4487175696494078,0.644627941653409,11.561197039421693,3.4001760306521915,1.951070627435005,0.4285340503573365,0.6917542830103706,False,False
02051000,9.527548887151367,0.11402368144147579,0.5302293513230922,80.42378072457865,8.967930682413789,1.8301976408721072,-0.04780243952441965,0.42526893131332094,False,False
02051500,0.6632401942654953,0.35503488686119444,0.6079156281265267,0.2837121268655366,0.5326463431448081,0.34280884339298656,0.41323591922075587,0.6099191351217839,False,False
02053200,0.12727912681930084,0.3039306563469374,0.5895985348371192,0.01127630674774699,0.10618995596452138,0.04596895368663107,0.08293972377395653,0.5829837016747651,False,False
02053800,0.08650568730584465,-0.007173421504367505,0.49821305388276044,0.007536914327497128,0.08681540374551701,0.05112611479690245,0.47652245303845564,0.5812860370661687,False,True
02055100,1.0621183007702375,0.49664756081270356,0.6651800162978379,0.5678295132554003,0.7535446325569577,0.24042817301696745,0.3925417328330658,0.7876454970417137,False,False
02056900,0.05505391689532778,0.23864444321500666,0.5677445397937158,0.0023076182646241325,0.0480376754706567,0.021609976417794028,0.27935889704422445,0.5102575521816098,False,False
02059500,14.929774215376833,0.46004889687815786,0.6493712676803605,120.3541063618714,10.970601914292187,3.250621030118306,0.39944834508393934,0.7180378497449346,False,False
02064000,0.28803161810233724,0.16081730445759623,0.5437197742365036,0.06962045355586782,0.26385688081963643,0.07837619595783031,0.05357951088385904,0.5020502684975565,False,False
02065500,0.15410849998056642,0.13918387931239373,0.5373986117609951,0.020443891999934904,0.14298213874444216,0.04149357412634018,-0.04473806068085029,0.3935938391204662,False,False
02069700,5.157641214686061,0.46951041669145577,0.6533856949475242,14.11169287099876,3.7565533233269512,2.035204556263577,0.5335251541105805,0.7253169844234848,False,False
02070000,7.746986538237347,0.5960338523131594,0.7122678859797219,24.244351697476336,4.923855369268713,2.0967470013345006,0.615040601822509,0.7792575421943677,False,False
02074500,0.02933944501014545,-1.0881750637384862,0.32381583924501317,0.0017975074293521377,0.04239702146793024,0.027847069057599313,-1.9566659234892643,0.24483059369135637,False,True
02077200,0.44409185106144705,0.19153323189883797,0.5529545898429592,0.15944385319246132,0.3993042113382494,0.13789114205359418,-0.3419630474337809,0.5015667923709601,False,False
02082950,11.588617451715011,0.4447916347965555,0.6430006566156716,74.56229284012318,8.634946024158065,3.5397630818948707,0.30878394991072733,0.8150885849400152,False,False
02092500,0.06332915318777607,0.1910249995803207,0.5527992370088043,0.0032444602867180445,0.05696016403345451,0.02398320710189895,0.4202987103787489,0.49924684939969083,False,False
02096846,0.7825550027481155,0.3484634894361599,0.6054967562652288,0.3989959632998008,0.6316612725977435,0.197659636886753,0.060793868823992514,0.6670780179791549,False,False
02102908,17.237600057191994,0.36408823954714087,0.6112799138525518,188.95154920025516,13.74596483337038,2.820221594073886,0.17866954452167605,0.7976081048051161,False,False
02108000,0.021899176343657303,-0.6660241708985624,0.37509037274142865,0.0007989817500006621,0.028266265229079383,0.015704631079197055,-0.0660694832037354,0.31950822079011293,False,True
02111180,8.88777938165208,0.5045767159206298,0.6687069879453105,39.13478437619825,6.255780077352324,3.538267454238064,0.5829921894632779,0.7650818461094064,False,False
02111500,0.07921667985645335,0.223129790571576,0.5627873069703136,0.0048750799270465455,0.06982177258596738,0.03400891570511393,0.39395988873695353,0.5214750889245109,False,False
02118500,13.34289179315381,0.5244180887517634,0.6776987386312372,84.66916093322587,9.201584696845748,3.129449866978116,0.36152066797069504,0.8189515743637333,False,False
02128000,0.07263169332665577,-0.015023413007514641,0.49627214926870467,0.0053546168307404786,0.0731752473910439,0.031728147233188043,-9.645655255306286,0.3572331151699482,False,True
02137727,0.01322786137965635,-13.981511815198086,0.06257230301885587,0.002621409755712333,0.05119970464477635,0.028135896119490522,-2.1246725295925617,0.48611387377453563,False,True
02140991,0.01489550578448907,-6.833876384024405,0.1132005878878322,0.0017381498818087602,0.04169112473667219,0.026333543230361755,-1.6888794439684403,0.31114988984188713,False,True
02143000,8.192951971730293,0.49503831494054484,0.6644687435750193,33.895281445824,5.821965428085605,2.0540392317845444,0.38121579927964966,0.7660819639818571,False,False
02143040,2.8598237186340376,0.6693193116689771,0.751495087265622,2.704502333483922,1.6445371183053066,0.5733636493018628,0.5689086826416672,0.8479328148321439,False,False
02149000,0.08421614883156542,0.2561214331063262,0.5734344231211433,0.00527585438739869,0.07263507683893981,0.026356927441459038,0.23817783870692977,0.5280322291438829,False,False
02152100,0.30269266852781135,0.2662631098384608,0.5767887882381196,0.06722706618639915,0.2592818277211096,0.08793601350389874,0.24644569117028692,0.5460465324998558,False,False
02177000,0.05351513734874234,-16.569818278189953,0.053850823148575935,0.050317674162613485,0.2243160140574308,0.20541636777446082,-1.5862430053559988,0.4512566671047613,False,True
02193340,2.86329982329784,0.22477367861266828,0.5633084570414122,6.355682048223469,2.521047807603709,0.7750428536994378,-0.0971629817900006,0.5092013273860342,False,False
02196000,0.04220425690693713,-0.8307973440602716,0.3532573612513283,0.003261014949635019,0.05710529703657113,0.0393637393223228,-6.464594111484922,0.3200478010395178,False,True
02198100,0.09658467453735071,0.1594626631577284,0.5433195947633725,0.007841036058728703,0.08854962483674735,0.048381057564021154,-0.04096764141403586,0.5019994729913124,False,False
02202600,12.889609551966688,0.3672177960938843,0.6124515551478289,105.1317226904387,10.253376160584313,4.031764519168205,0.1871979665710246,0.7611692898242588,False,False
02212600,0.02924020546115091,-0.6970023923952446,0.37078202185497,0.0014509194228244024,0.03809093622929741,0.023987559215737284,-1.4375861516668444,0.4172791907935571,False,True
02215100,2.9250885698600135,0.5087800299216869,0.6705918778350882,4.202948377966018,2.0501093575626688,0.9172543131173123,0.5123677832731459,0.7241982194445603,False,False
02216180,2.081755185472281,0.5401048335613093,0.6849806910721049,1.9930498223383788,1.4117541649800007,0.8554810523590695,0.3688831391965077,0.7687229000544493,False,False
02221525,0.0790115025023723,-0.027507790245384633,0.4932163539943648,0.006414543642774081,0.08009084618590367,0.049036579215809305,-0.9011287605706271,0.5110422136778822,False,True
02231000,0.04999375602488386,-0.4347582875729845,0.4107183883936257,0.003585999915365177,0.05988321897965387,0.036624379622422445,-0.05221387237715569,0.2546679427357165,False,True
02231342,6.82946433388059,0.372942209556833,0.6146063193782605,29.246968033774046,5.408046600554958,2.214323212125455,0.15215596104215834,0.770151619600476,False,False
02235200,1.6556586296645495,-0.14052560420626348,0.4671749770406572,3.1264150568402433,1.7681671461828046,1.0461595772741548,-0.02072458493196061,0.33514677712917385,False,True
02245500,1.0011917014205238,0.0345487957358227,0.5087890240319543,0.967753634495038,0.9837446998561354,0.14342567099420428,-0.25596959756887383,0.33527812421470565,False,False
02296500,35.29138003156966,0.19435557995462183,0.5538188963998065,1003.4152243964709,31.676730014262375,7.549324003512082,0.00859457493704363,0.5828272969096767,False,False
02297155,1.0910765602918213,0.21682513330789677,0.560797495904067,0.9323290010219221,0.9655718518173166,0.20052312553999854,0.09598715585624096,0.6584067542486081,False,False
02297310,1.1716834405617056,0.07282865892576962,0.5188952215543985,1.2728598369273734,1.1282109009078813,0.11809345648368012,-0.07186139374146028,0.4527328631091269,False,False
02298123,12.180776636000173,0.3618069812530843,0.6104286787676085,94.68954025916914,9.730855063105665,4.678616291343591,0.23097936682653364,0.6996672251641739,False,False
02298608,0.4632650800230963,0.2090174244787122,0.5583527241793168,0.16975635713934,0.41201499625540333,0.08018975869822263,0.10335719648085495,0.5819185979495539,False,False
02299950,7.483267113985759,0.3877792871320238,0.6202624690394295,34.2839232231196,5.855247494608541,1.934935847519084,0.1995056598550452,0.7718429222795873,False,False
02300700,2.5940512277157555,0.47381038747921433,0.6552265798404395,3.540783454028778,1.8816969612636296,0.7249824509761681,0.3275033465847865,0.7804496404163347,False,False
02310947,4.119269068916943,0.3825238861669472,0.6182471515021177,10.477567896867233,3.236907149868101,2.141262134262418,0.3728358926434443,0.7313836659764046,False,False
02312200,24.656179449511914,0.0933058800384865,0.5244679728808231,551.204004046447,23.477734218753884,14.432878829665038,0.05164563719487525,0.7254816469365429,False,False
02314500,29.358714572618766,0.23377350320634593,0.5661788008589868,660.4367622739054,25.698964225701886,15.241967000908021,0.2537017887021419,0.4939393056473693,False,False
02315500,53.17493340165551,0.003589306476602494,0.5008989399045614,2817.424514242157,53.07941704881617,28.88854332814653,-0.02368766530500177,0.5117120725063881,False,False
02324400,4.984335843159949,0.4148829607950676,0.6308682420709973,14.536415897120365,3.8126651960433615,1.5823244022335086,0.31133169164932817,0.7146191944047442,False,False
02327100,8.297275241214125,0.3796891805271084,0.6171655388472399,42.705159682769086,6.53491849090477,2.9456743523459092,0.2217230231883741,0.7816512627747826,False,False
02349900,2.3068768419393444,0.5730008542352842,0.7007712674306537,2.27235314020759,1.5074326320627367,0.7084798843595365,0.6866507560410322,0.7608517869942958,False,False
02350900,17.98008581547145,0.24788158717545872,0.5707376811296263,243.1474623313485,15.593186407253281,9.912497336500083,0.30591425139834405,0.6736589877256137,False,False
02361000,1.4237367822225555,-0.009288067680059742,0.4976887167575768,2.0458535836786025,1.430333382005259,0.8774009727898879,0.23806608680257146,0.4957738223350567,False,True
02363000,27.45230674226697,0.3554310030306681,0.6080620526367907,485.76598238343007,22.040099418637613,9.870907854767463,0.2109789537582213,0.7311344254883196,False,False
02369800,0.06087923958275849,0.08208455753639787,0.5213994203599922,0.003402053309517332,0.058327123274831,0.021478722395074902,0.2324008479385402,0.3595774049547018,False,False
02371500,25.095298880186764,0.31001626297551355,0.5917216705059397,434.5338358617111,20.845475189155827,10.832183668140884,0.19179303295498262,0.7172849160047597,False,False
02372250,0.11307840634629684,0.08358701455832529,0.5218081945784407,0.011717921731022672,0.10824934979491874,0.05197851896550092,-0.34471824904910164,0.3963591893153658,False,False
02381600,0.5060094410395801,0.39189873123484575,0.6218513842526165,0.15570162650520195,0.3945904541486045,0.22321977097213905,0.2710975968054453,0.7760252487102745,False,False
02384540,0.4748067420081354,0.1930085819989079,0.5534060593968996,0.18192930916268743,0.42653172116817695,0.12869441357400227,0.09894777516205255,0.5128413429215373,False,False
02395120,0.3785183618158553,0.25719939554989824,0.5737891055618067,0.10642561099543399,0.32622938401596197,0.09308963647058366,0.056237748814556565,0.7251115670799407,False,False
02408540,24.838356155857575,0.45495538068312746,0.6472304990403066,336.2619730232456,18.337447287538296,7.392162763081338,0.22634394029350424,0.8344000039271087,False,False
02415000,0.09226883144795747,0.10554809743992122,0.527857159449994,0.007614949596835459,0.08726367856580113,0.030225401247638197,-0.2775139984302264,0.36907823833037895,False,False
02422500,0.039671671765276875,-0.8307146019373928,0.3532676870058118,0.0028812546896070145,0.05367732006729671,0.03539586660993699,-6.05231860211339,0.2913571776612958,False,True
02427250,18.98614836479733,0.38292479210197183,0.6184004275842311,222.43946342249754,14.914404561446545,6.021475457025904,0.16236009224229908,0.8293138466432235,False,False
02430085,0.10477181812511314,0.3513708205635184,0.6065645400876687,0.007120089336765228,0.08438062180835851,0.021843478607889075,0.26954470556121246,0.6776790519355049,False,False
02450250,0.8899935964696954,0.21528671723885096,0.560314090593246,0.6215624469224735,0.7883923178992002,0.18296963505782837,0.0023449823780508083,0.7040942307484244,False,False
02464000,2.4516280731336177,0.32296437677601264,0.5962902553480455,4.069309214160087,2.017252888003903,0.6591246988562692,0.15033848564885155,0.7143214282831144,False,False
02464146,0.05282175647516257,-0.14587494776928867,0.4660103800734216,0.0031971491858855698,0.056543339005452886,0.03731838633961358,-2.720272235421041,0.4922922556195624,False,True
02464360,0.28139536954034655,0.29915708479409175,0.587943772502317,0.0554950926522641,0.23557396429203312,0.08923956698200107,0.19269019135733456,0.7033645406511575,False,False
02465493,0.050770107179534125,-0.1106553743296923,0.473786489335135,0.0028628294945052444,0.053505415562401196,0.03575921780292432,-0.17734861683849057,0.5859777710698527,False,True
02469800,16.62105941475623,0.27920924409306747,0.5811281799180493,199.1253774928302,14.111179167342119,5.644736384684154,0.08510284669582147,0.704319697481958,False,False
02472000,0.9560012335064874,0.2781039640008871,0.5807551554178241,0.6597684781240877,0.812261336100696,0.24476549690704544,0.1880061294057549,0.5947363853373121,False,False
02472500,22.36701948182192,0.18314146648832674,0.5504005851612305,408.6608955701929,20.215362860215816,10.684876578831101,0.043880279923214416,0.7426195168303382,False,False
02479155,0.10664592167459605,0.12594952707075624,0.533603557879071,0.009940884227407782,0.09970398300673741,0.0323102716312826,0.08622924765728324,0.36014508902165093,False,False
02479300,44.50927247678218,0.10064326669064994,0.5264940400414654,1781.6934429956134,42.21011067262929,21.495653501021728,-0.03891410745870205,0.6987810854363949,False,False
02479560,46.08370062371652,0.12219307026779302,0.5325361112298215,1864.205127900188,43.17644181611296,22.61925924009167,0.0036800214511480966,0.7169617778912989,False,False
02481000,8.04389431622841,0.3424434099943279,0.603297652719403,42.546696632272784,6.522782890168336,2.272754045103812,0.12752297991801942,0.7743411504496155,False,False
02481510,1.6423747713969983,0.09359716918326066,0.5245481090539406,2.444926363874031,1.563626030697248,0.30633257837819966,-0.09430071518503635,0.37133746597364026,False,False
03010655,3.001755599866981,0.4565698384923186,0.6479075146640662,4.8965974040075615,2.212825660554297,1.1150456088958447,0.6917341824792932,0.7059057291174493,False,False
03011800,2.475216028278965,0.6258389565334705,0.7277167437939795,2.2923703647091536,1.5140575830229026,0.8906901507622133,0.7622568753246283,0.8057071481839255,False,False
03015500,0.14220673894898878,0.10764345432980693,0.5284416418713748,0.018045909225741202,0.13433506327739309,0.03538988500090327,0.14018106758137883,0.3472454456280862,False,False
03021350,9.958549297368481,0.45016826372685226,0.6452313348574742,54.5283000906698,7.384328005354976,3.916860794920333,0.37011585989761875,0.7395342312588115,False,False
03026500,0.6888062822137297,0.46368334044452775,0.6509074765155163,0.25445763503019586,0.5044379397212266,0.2069203583195957,0.2572953222549079,0.810632830916162,False,False
03028000,0.24934899433076152,0.3880020516984839,0.6203481840989012,0.038050924071751334,0.19506646065316133,0.0690512152110533,0.30921920167818495,0.6759572390946782,False,False
03049000,11.818763877489621,0.5659325921306024,0.6973172910230949,60.63191568839138,7.786649837278635,3.678968170107957,0.5103702543003432,0.784769388247702,False,False
03049800,0.5734911304997501,0.42490167017918845,0.6348809982636215,0.18914528403705616,0.43490836280423045,0.1405159681126316,0.2874387791596754,0.7364023447009298,False,False
03050000,0.1815647182732896,0.2913428717453307,0.5852549253234108,0.02336141154427309,0.15284440305183927,0.06500492920083159,0.2919101145470192,0.5527446979506151,False,False
03066000,0.056408066289040666,-1.74300272202405,0.2671651810766636,0.008727877913318442,0.09342311230802816,0.0656714142000842,-4.001517123499815,0.3648409425161032,False,True
03069500,68.01034192315502,0.137201314470357,0.5368266618223824,3990.7947418577705,63.17273733073287,26.516065452072127,0.0504204129253466,0.5962041692367697,False,False
03070500,16.900208589329544,0.651436008041971,0.7415295128472649,99.55581924575172,9.977766245295172,4.673664698405747,0.5716699400224401,0.8420412855985999,False,False
03076600,23.988267895058858,0.42963464947177576,0.6367944884059176,328.209324275583,18.116548354352243,9.068680350449874,0.43286101048718184,0.6942230488079001,False,False
03078000,6.037966969408373,0.5900291945142926,0.7092345430907837,14.946324154978349,3.8660476141633784,1.7432627548594686,0.5216443375752131,0.8045332113338405,False,False
03140000,0.5233860999533384,0.4421219763755363,0.6418987782326251,0.15282120601474247,0.3909235296253507,0.1332038452701703,0.22449691539797312,0.7941620086416484,False,False
03144000,10.055194972173254,0.6423486034312551,0.7365661041761871,36.161040414099375,6.013405059872433,2.2802785937755656,0.5328017172854752,0.8432288592824142,False,False
03159540,0.012383746324237641,-20.904816455191533,0.04365893968005769,0.0033592607271573827,0.05795912979986313,0.03967589485456901,-2.943462142424223,0.6122650254482186,False,True
03161000,17.23952940504315,0.5104532559702594,0.671345161881025,145.4939650154168,12.06208792106146,7.252467816809603,0.4643761448940279,0.8192992008632145,False,False
03164000,0.7219621279737839,0.1520375467305376,0.5411365356643337,0.4419828880091026,0.6648179359863139,0.12332843790786262,-0.03696696308453751,0.45402850360562585,False,False
03165000,0.7060560475818328,0.35182630682347904,0.6067321691518462,0.3231244009064324,0.5684403230827598,0.16209690992428916,0.33445391013667525,0.6057869650201733,False,False
03170000,0.0756140933212507,0.1253934759845281,0.5334452788833602,0.005000555024752396,0.07071460262740925,0.03892985390582245,-0.491683815871369,0.5260497314602628,False,False
03173000,0.027298534140496388,0.21165538206839152,0.559176341054777,0.000587482266098412,0.024238033461863446,0.014920698926881915,0.2494115371387985,0.4722845802100816,False,False
03180500,11.23009733690412,0.44132843804389943,0.641571979888451,70.4569121915381,8.39386157805441,3.6596187889657283,0.38683135799952273,0.7106965396619033,False,False
03182500,47.25223037354031,0.2937933348578099,0.5860954715685999,1576.799368749945,39.708933110195055,15.582397422039916,0.24059294794665798,0.5858958983630991,False,False
03186500,16.987484441377,0.42191739529696015,0.6336803897462502,166.81997240082435,12.915880628157893,5.165030866694286,0.3160145145891138,0.7441070364130296,False,False
03187500,10.075397689106733,0.6279457012012175,0.7288341291416005,37.76858562547619,6.145615154358121,2.5530028765850554,0.5528070260938938,0.8276671344796882,False,False
03213700,0.66833779282433,0.2470871253243293,0.5704790092234464,0.3363076634643665,0.579920394075227,0.1890651733925916,0.09842787438320466,0.5854910471324872,False,False
03237500,0.27180072375314834,0.11300691153772968,0.5299436474433036,0.0655271762606084,0.2559827655538716,0.07425721620003445,-0.03270368655455358,0.4294850375610408,False,False
03241500,0.030496990297004353,-2.5770048780430352,0.2184834901088339,0.0033268521111410503,0.05767887057789057,0.041262190339463996,-55.964964699137205,0.3388505993099514,False,True
03280700,0.05383633574721751,-0.672397365971549,0.37419584854157734,0.004847194656140438,0.06962179727743631,0.057450588529441536,-2.482195232894249,0.5954319037618927,False,True
03281100,20.627623157148737,0.5699125806962585,0.6992579519976928,183.00169677081897,13.527811972777378,5.268317826521375,0.4667951580547861,0.8143044498639473,False,False
03281500,74.41530053441197,0.2675803989119109,0.5772273641858618,4055.8738485460417,63.68574289859577,26.173296524295747,0.14965402097186697,0.6356866238053696,False,False
03285000,2.1095455142523005,0.17795670101729388,0.5488343776233671,3.6582425198144843,1.9126532670127339,0.38720833754241235,-0.0049760948411974315,0.5752766901615398,False,False
03291780,5.541647208895598,0.26865229725687567,0.5775847326424457,22.45958101932892,4.739154040472721,0.9999875535963723,0.11053861439594348,0.6301445287132067,False,False
03300400,43.163671000948504,0.3818370542250946,0.6179847354749063,1151.7009261435383,33.936719436968836,15.013038680640893,0.23026038715091324,0.7456050296961638,False,False
03340800,10.045374186302368,0.5194688016945485,0.6754332506768883,48.490183398561015,6.963489312015996,3.20167672846943,0.4824021171328533,0.7455392503914565,False,False
03346000,28.911012431491635,0.42072715181336307,0.6332028066893106,484.1832636922069,22.00416468971742,8.24014639134422,0.3227808623520415,0.7341011137043127,False,False
03357350,0.4606058311665697,0.32590709228474857,0.5973384125763773,0.14301402225905738,0.378171948006535,0.14172226095031815,0.2149463352688169,0.6483719870598448,False,False
03364500,10.824079690515067,0.6035668040349602,0.7161101604355125,46.446391197059754,6.8151589267646395,2.6186848616022167,0.5189401380403476,0.8195325870074164,False,False
03366500,2.0444610132200136,0.2699551040220939,0.5780196816422796,3.051456866384763,1.7468419694937385,0.4302615243218235,0.07357987862065674,0.7285084644746106,False,False
03368000,2.581467988967595,0.14881881580230982,0.5401956375401494,5.672251815654999,2.3816489698641568,0.5583863070825441,-0.06467556218529835,0.6882696688038384,False,False
03384450,7.502152929463249,0.38281163174619337,0.6183571559321634,34.736780020345506,5.893791650571431,1.361730771719967,0.243508506536387,0.7687823027957914,False,False
03439000,9.35640968398074,0.3321301767272794,0.5995671760747995,58.46692866914511,7.646367024224322,3.7633856584693004,0.6100299554872753,0.652739410893985,False,False
03450000,0.9558371184201386,0.4451838116004505,0.6431628429527417,0.5068937165077151,0.7119646876831147,0.2106345991991712,0.3942469788952522,0.7058234771334829,False,False
03455500,4.4791759770286,0.6187695633651344,0.723992154731495,7.648632896267988,2.7656161874468386,1.1262002781854341,0.5755804508445068,0.8096085501662746,False,False
03456500,6.096149215139045,0.7385663009937409,0.7927487594376041,9.71566977255464,3.1169969157114417,1.9714354678403063,0.7092542884815096,0.8926665650627978,False,False
03460000,1.026423901347343,0.08904395150163769,0.5232982730219277,0.9597341240793638,0.9796602084801463,0.5724380610392744,-0.27737344600079905,0.6451731195452556,False,False
03463300,9.679003757900817,0.60211586263452,0.7153668700216087,37.27502489832377,6.105327583211548,1.9247623511039234,0.5547376249577394,0.794545069533339,False,False
03471500,4.687256194165267,0.550244820148076,0.689771634478408,9.88128799399244,3.1434516051615047,1.6046291827388135,0.6142699001421694,0.7477649590533714,False,False
03473000,17.87345052543212,0.559119486908471,0.6940200737772606,140.8437917394133,11.867762709938773,5.333848275814581,0.5690009792853034,0.7594090741080157,False,False
03479000,0.03442622137948258,-8.137734982478037,0.09864136335467344,0.010829721107954226,0.10406594595713925,0.09857524216608216,-5.043160422534364,0.5009504075612946,False,True
03488000,17.269355384692282,0.5896411797997445,0.7090394200945338,122.38157169146572,11.062620471274684,4.296806463586778,0.4969343818310765,0.8151864681607708,False,False
03498500,23.835161695354344,0.3962049087105164,0.6235210504329327,343.02500786003185,18.520934313906302,10.588278634068336,0.3391234127744589,0.7549267655702194,False,False
03500000,11.925101054752039,0.5844009061533187,0.7064146935010023,59.10153055272661,7.6877519830394245,5.686611229300903,0.5935103158396342,0.8587265580970511,False,False
03504000,6.464663187048483,0.6554178506039016,0.7437254766836946,14.400732433914404,3.794829697616799,2.5391102823190215,0.5784518306755642,0.8843178388035914,False,False
03574500,44.75386211387716,0.3662090986838491,0.6120734294666588,1269.4249769213507,35.62899068064307,14.490751109957104,0.21920383595975035,0.710262650074966,False,False
03604000,44.71920341363616,0.31249107784753816,0.5925894594527381,1374.8852609250623,37.0794452618302,14.144737675277273,0.1843127601835559,0.6659566440552148,False,False
04024430,27.47070363191839,-0.04070978502231104,0.49002558195165763,785.360772209537,28.024288968848737,11.447742911582226,-0.18910209201038275,0.6215284579832939,False,True
04027000,38.91504378795609,0.19885708623609533,0.555203028231818,1213.235312884099,34.83152757035067,12.437222216506473,0.0840809624271105,0.617112306594017,False,False
04040500,0.4727954766511856,0.24412676596240213,0.5695171955554664,0.1689645487320752,0.41105297557866577,0.13794710152948278,0.13813156682782546,0.6118201709694088,False,False
04043050,1.3716006350690084,-0.16338665348356152,0.46223822190534675,2.188665702043145,1.4794139725050406,0.8992823941867555,-0.08939388938662729,0.5140511999043086,False,True
04045500,24.099024083541433,0.2911529938228573,0.5851898949321961,411.6720867556925,20.289703959291582,13.26047729744882,0.2549775354053151,0.7465709010031741,False,False
04056500,33.979780891651124,0.06103768631594009,0.5157397815019849,1084.1498397867558,32.92643071738502,21.0300417244046,0.17679720269024934,0.7081050889214283,False,False
04057510,5.560900103839699,0.1760332191435633,0.5482555990029894,25.480027355225804,5.04777449528263,3.0802019397464306,0.20889958731544733,0.7374042994641845,False,False
04057800,0.1538200389553778,-0.09911110911391519,0.4763921241034849,0.026005633127060935,0.161262621605445,0.09598222555112552,-0.04708198336867664,0.5738301856218317,False,True
04059500,0.14069796847239088,0.13327342961778654,0.5356970945108739,0.017157648403684275,0.1309872070229924,0.07673420458216515,0.25077757053461835,0.4632458513305462,False,False
04074950,8.26711250053584,0.3456827609916656,0.6044789816730926,44.719409256445275,6.687257229720214,4.782653396988493,0.544507337867242,0.7487565835041773,False,False
04115265,0.7770444768429288,0.07241017440038278,0.5187825681166007,0.5600769918932598,0.7483829179592889,0.4043983600049209,0.17394920643403866,0.5007496644928359,False,False
04122200,0.40444480950038336,-0.27570503979523364,0.43942425864205115,0.20867422232334812,0.45680873713551945,0.33714555320420986,0.19705815253800563,0.4907823694611976,False,True
04122500,11.134674261923502,0.023902935583802964,0.5060480165712063,121.01746175764407,11.00079368762291,7.904881472905415,0.27921973074262973,0.549452341069619,False,False
04124000,10.802079173300712,-0.07800140368210129,0.4812316287313648,125.78650158315094,11.215458153064944,8.87098506878278,0.43679146880608255,0.5886333753761089,False,True
04127997,3.046290329403169,-0.10491161144132244,0.47507933091559007,10.253452436332267,3.2021012532916986,2.5104731041913793,0.4198144927161439,0.5577563712562206,False,True
04185000,14.849871601107433,0.5053871349994061,0.6690695787631954,109.07137935024754,10.443724400339542,6.326488680918142,0.4184033129075514,0.7778004170278127,False,False
04196800,13.390875709233377,0.477649786075494,0.6568790747708927,93.66551708307323,9.678094703146545,4.929312542593507,0.4052073742312462,0.7476374147887576,False,False
04197100,6.823615931282599,0.4891194856461739,0.6618657071156155,23.787482808061945,4.877241311239577,3.080446633566846,0.574890089240402,0.701679478552032,False,False
04213000,14.988123202727628,0.3318356782237828,0.5994613282072995,150.0989970839502,12.251489586329908,6.383644562996806,0.257248143137217,0.656263803758414,False,False
04213075,3.7196949169704348,0.5490774136552217,0.6892166469882033,6.239023648757659,2.497803765061951,1.55847752149334,0.5737347932670446,0.7561971195481171,False,False
04216418,7.05473705507735,0.33949033142551865,0.602224737937529,32.873113700532045,5.733507975099716,2.6535864250315795,0.2846030844909211,0.6326915364999409,False,False
04221000,0.2823462819443895,0.13736264002734655,0.5368731571102395,0.06876895253299864,0.2622383506144718,0.09892652235228101,0.015828075181132273,0.5862788255433914,False,False
04224775,4.783012536366487,0.3570102423484569,0.6086465209797657,14.709811021168544,3.8353371456976952,2.1964700975174,0.336311321894716,0.6305934969948622,False,False
04256000,6.342262726623552,0.33304462906106536,0.5998960844624993,26.82781058859226,5.179556987676867,2.9359501572918076,0.35245021893613526,0.6087103627594901,False,False
04296000,4.482061494360193,0.6143171476796898,0.7216658547267951,7.747934702171663,2.7835112182586337,1.8121701066059652,0.658418703837214,0.7881163788074489,False,False
05056000,9.611675234572544,-0.3041877775776267,0.4339924070994299,120.48647596284104,10.976633179752389,8.51194897849003,-0.08518056061294565,0.2713254540112989,False,True
05057000,18.92141221357965,0.11450445775391671,0.5303645527630138,317.02497249397146,17.80519509845291,11.428090820173935,-0.01266730762479873,0.43859670829673353,False,False
05057200,0.30716520779279144,0.14479796127064437,0.5390248496519058,0.08068870991906053,0.28405758204818354,0.11224575849492195,-0.09612704027844865,0.593195009851302,False,False
05062500,0.030254986849222277,-0.1799512815686939,0.4587258478916096,0.0010800851954016807,0.0328646496315065,0.015292316853091452,-1.2938971927103133,0.21666628903853188,False,True
05087500,0.2578512896547803,0.04341794087866935,0.5110953539301509,0.06360054645544808,0.2521914876744417,0.17426174907333983,-0.05102312562999223,0.5062891792441109,False,False
05120500,0.01861143057456143,-1.3723996406602441,0.2965247617581353,0.0008217644752004261,0.0286664346440297,0.021982668913805705,-9.807151229566665,0.22071669459492804,False,True
05123400,1.1520655025648376,-4.808569954931042,0.14687372041698118,7.709453063625096,2.7765901864742473,2.5648572542936443,-0.6760466915423979,0.39347067793177803,False,True
05129115,10.71110921180738,0.2598281689260167,0.5746558944025827,84.91833061646967,9.215114248693267,5.877631342361332,0.47150660349608886,0.6479264367768905,False,False
05131500,0.015109445779620324,-2.5183382454553773,0.22132030531486158,0.0008032202673825327,0.028341140897686752,0.019286741486806126,-2.595575567641128,0.13164159573483275,False,True
05362000,9.70630229513701,-0.0015247226741885722,0.49961910970748546,94.35595188105125,9.71369918625501,7.239538028746929,0.3827440665922883,0.6341240266495982,False,True
05393500,3.144974447028743,-0.051775647194229224,0.48738272206685185,10.402970171480836,3.2253635719839147,2.0850345506554793,0.1523045643676182,0.5440572014918732,False,True
05399500,0.3684130875497744,0.05828255677873018,0.5150079912456368,0.1278176163755917,0.357515896675367,0.07986139232953238,-0.2424641565926453,0.3952341056737827,False,False
05408000,0.7938140155735687,0.08018426529878808,0.5208833232922918,0.5796133229525864,0.7613234023413351,0.31009798547064293,-0.13306958992281626,0.5298549344334467,False,False
05412500,72.72264344521133,0.1096194350145887,0.5289940123816906,4708.85140345945,68.62107113313994,32.14296329138737,0.03471853753750154,0.6906342928948207,False,False
05413500,2.8915462325661467,0.23394718186437635,0.5662344804928735,6.404997959666031,2.5308097438697423,0.8524924908022661,0.12005673124863148,0.5418663454846648,False,False
05414000,0.15742225010881272,0.02884287394712326,0.507316229022513,0.024066987510162213,0.1551353844555207,0.030947609415488037,-0.24567071512927674,0.23313032894968086,False,False
05444000,6.50232130801602,0.4917195374673742,0.663006665432006,21.49019066251475,4.635751359004789,2.3186524153058654,0.5350860604597634,0.7486402943820373,False,False
05454000,0.07126168068619985,0.08161978825481864,0.5212731000234223,0.004663743310816843,0.06829160498053069,0.014999050416920314,-0.13745871516716268,0.29778065126153763,False,False
05458000,17.727470275347862,0.4348984021523037,0.6389361568445043,177.5906378002585,13.326313736373555,6.176214867433378,0.2918506427662173,0.76026110767391,False,False
05466500,0.02724296591339867,0.018571361515990037,0.5046863563883378,0.0007283959136788075,0.026988810897829632,0.017111903115240957,0.06887036080607312,0.48262303600367973,False,False
05487980,15.734602952632676,0.4215092699295012,0.633516549036267,143.2214218214388,11.967515273499291,3.8353739786239722,0.3246567420720474,0.7278655571665602,False,False
05488200,6.354410119000044,0.3863948116705669,0.6197302829915295,24.776474253637296,4.977597236984657,1.3057369456600019,0.08065770957819896,0.7669646278492854,False,False
05489000,0.05362235329500716,-0.02944610212600063,0.4927452859932684,0.0029600248220779065,0.054406110153896375,0.01521265896263923,-2.086920252150816,0.12484456450036478,False,True
05495000,20.019863704310122,0.39396166042753555,0.6226501418803022,242.89710160667775,15.585156451145357,5.370346801193828,0.2351305923792264,0.7415716227239397,False,False
05495500,24.659692679740772,0.4014510800089145,0.6255673426657324,363.97786343922104,19.078203883993403,5.9533783865023135,0.2826515071897956,0.7267572834557177,False,False
05501000,0.2245953106449882,0.0681232551766976,0.5176313668455408,0.04700670855390571,0.2168103054605701,0.03392541639848097,-0.21721118703292874,0.4877740930814906,False,False
05503800,6.590814533089913,0.41507061117243305,0.6309429347762543,25.408651915455795,5.040699546239172,1.1923520393773384,0.17174291306735878,0.7807657016365624,False,False
05507600,0.17431009722757193,0.0645369071367774,0.5166722133257795,0.028423119963964013,0.16859157738144576,0.04284507397998881,-0.20277391268927003,0.3404452988952039,False,False
05508805,17.468821215627912,0.43394835605247384,0.6385485458699899,172.73615815187287,13.14291284882742,3.7976528187091323,0.2889447760625097,0.7582179026523437,False,False
05514500,70.12060115003182,0.2069849698485502,0.5577198089162329,3899.1745753061905,62.443370947652966,21.268688724730392,0.10035202495371554,0.5640975056161371,False,False
05525500,0.051899691932501386,-0.001911377560456895,0.4995226118443899,0.0026987264672784566,0.05194926820734298,0.015687949609103007,-1.9127538950402578,0.18997051811400478,False,True
05556500,10.162722845637122,0.5730439232810369,0.7007924184319154,44.09642307953746,6.640513766233563,2.7262865464987778,0.5483198644955063,0.7719853546158768,False,False
05584500,25.810181044457998,0.4927306717628894,0.6634514358290509,337.92529805775683,18.382744573587395,8.08822734511812,0.43762421824694986,0.740142796873672,False,False
05585000,57.401016591134905,0.3252630139680358,0.5971086853281652,2223.175177748074,47.150558615440325,20.852511092546646,0.2154265357084144,0.7268109553927429,False,False
05591550,1.1157833544898226,0.383508375393922,0.6186236815447093,0.7675151155124593,0.8760794002329123,0.21216434968894182,0.29697483007917236,0.7154171409722702,False,False
05592050,1.5369471853667032,0.2376824116179267,0.56743461371118,1.8007516771505419,1.3419208907944395,0.2654882697604552,0.04923885981283682,0.6558738489058282,False,False
05592575,7.6211310938092,0.3541717990579568,0.6075968314479102,37.51076051938002,6.124602886667838,1.2122797073409493,0.25120492939532724,0.688473941783752,False,False
05593575,9.463437923396375,0.3898543348469202,0.621061821698553,54.64260625548508,7.392063734538892,2.2450504428183997,0.29384299780313106,0.6779361939581443,False,False
05593900,5.7256979085847375,0.46548947199865065,0.6516735999866146,17.52318818678781,4.1860707336101965,1.3161556834521504,0.36577185719384586,0.7613354827078662,False,False
05595730,10.918688937789323,0.4892958872921722,0.661942991740171,60.88500448683579,7.802884369695336,2.3018843945710956,0.3331110781588883,0.8050863825395376,False,False
06037500,9.768857585996372,-0.08435441274288236,0.47976485855112394,103.48056894555268,10.172539945635636,7.427389506867133,0.45846174744226376,0.6073182150994205,False,True
06188000,38.67969676055132,0.35888820790990406,0.6093430105248434,959.1794957574401,30.970623108963114,20.713621192591123,0.4853986148193572,0.6411573252901495,False,False
06191500,1.783154014962892,0.2884135294862663,0.5842532745072759,2.2625875534793907,1.5041899991288967,0.6767789504165789,0.43589254350944073,0.5489605104403242,False,False
06224000,13.926572377279973,0.260669682040615,0.5749339212192994,143.39268501077436,11.974668471852336,5.934944032754632,0.08853171381484959,0.7638490441013689,False,False
06278300,2.3336770457201865,0.24688054252046931,0.5704117855366829,4.101525132185766,2.0252222426651763,0.8102311340585673,0.12799568941807282,0.5763997184196527,False,False
06289000,0.13270972416888255,-0.5196040769561208,0.3968877527806188,0.02676307080572018,0.16359422607696208,0.11634909071111461,-0.20343513545159309,0.3470001088972391,False,True
06311000,0.682777205238238,0.3196368087709853,0.595109441351546,0.31717491835369516,0.5631828462885701,0.25069594102847814,0.17489144800603185,0.6649985876999337,False,False
06332515,1.1227622005442688,0.11862197263919705,0.5315252891535042,1.1110606982388402,1.0540686401932466,0.16516513799763546,-0.41288938415181686,0.38476220337149314,False,False
06339100,1.7987426229266599,0.06414834836273076,0.516568508312214,3.027924644604566,1.7400932861788088,0.3765036942073694,-0.30266208834428343,0.6269383202723653,False,False
06344600,1.164891214420617,-0.025494664041830317,0.4937065585769166,1.3915670749975328,1.17964701288035,0.27601302814943457,-0.5125025614279886,0.326154164730209,False,True
06350000,0.04398598862252987,-0.21868586239786647,0.4507172542755738,0.002357873427701162,0.0485579388741034,0.02014422886602808,-49.31170474432471,0.0462054034749346,False,True
06352000,0.16581338544366367,-0.18958355791950887,0.4567078503960711,0.03270650407145043,0.18084939610474354,0.08344318272064817,-0.7004272103553357,0.2705161744036761,False,True
06353000,7.555658528847733,-2.597046795641608,0.21753095942988554,205.34812043742036,14.329972799605041,10.980957137892139,-1.6797857658106161,0.40899228513997166,False,True
06404000,1.8136565372147229,0.10322322866458311,0.5272101678554164,2.9498127041629285,1.717501878940145,0.3871504986425437,-0.2933634617215011,0.6463459817868857,False,False
06406000,3.975258479864199,0.09662680454077333,0.5253830422670894,14.275717511916993,3.7783220497883705,0.8546874441361572,-0.2594178178117328,0.7691193299730403,False,False
06408700,0.15957902081390676,-0.19879628016807227,0.4547942931409551,0.03052790337680402,0.17472236083799927,0.09637221990806254,-0.42201030029163333,0.42563270875457415,False,True
06431500,0.15097750316416694,0.011146523282114074,0.502802248484516,0.022540130308663538,0.1501337081026894,0.04269638129221041,-0.559367021578776,0.31154907522342623,False,False
06440200,0.2790914619520673,0.007166245364751966,0.5017980038094205,0.077333850634312,0.278089644960599,0.06729825949386162,-0.8737442014428698,0.4670934156113179,False,False
06447500,4.504001842851299,0.28587939135044305,0.583389520523783,14.486673947688042,3.806136354321537,1.468942200608699,0.024378677768161827,0.730118837915648,False,False
06450500,0.06505471962035579,-0.08574177126800708,0.47944573665610546,0.004594985713654021,0.0677863239426215,0.02281143304786757,-1.6866094230366708,0.1280174077096668,False,True
06453600,12.37985514252529,0.3018890874952448,0.5888896847880069,106.99304625892655,10.34374430556588,5.7291528999392956,0.23425608838220846,0.5939231779925732,False,False
06464500,0.11997704708277139,0.07264255107449391,0.5188451164351978,0.013348839218988991,0.1155371767830121,0.023180172691202868,-0.6415484581084978,0.3142628723610479,False,False
06468170,6.782060910985787,-0.4142476131380304,0.4142077202678492,65.05022848386545,8.065372185080205,5.2695725282476005,-0.29899759857823915,0.22060300711489414,False,True
06468250,8.052503534761238,-0.3610168358978121,0.42354632326022146,88.2521604213393,9.39426210094967,5.971434900128876,-0.06729582740593676,0.335408146322245,False,True
06470800,0.07468903315640261,-0.009852219880364776,0.49754901883260066,0.005633411806320853,0.07505605775899006,0.031755673658546445,-0.6254437496395464,0.3864582213441387,False,True
06477500,0.1960326498348477,0.10072220597780002,0.5265159226035322,0.03455816631220865,0.18589826871762052,0.047050422050227775,-0.0913476334608434,0.37416851888003566,False,False
06479215,0.9146708285713719,-0.17702418617675386,0.45934262299408807,0.9847251816057153,0.9923332008986272,0.5006692298290659,-0.3410416955737374,0.2756218336598556,False,True
06479438,4.245832965445173,-0.06312591340020224,0.48470139098389653,19.165074570550864,4.377793344888594,1.8532207504998341,-0.31305517198881105,0.3359620753982543,False,True
06614800,0.17105081623615007,0.14347815773020667,0.5386416562583475,0.02506044302554062,0.15830490524788113,0.06624653573874419,0.22054728939569324,0.4051225457474512,False,False
06622700,2.4835775641255746,0.031732799135321454,0.5080611004241143,5.972424613505054,2.443854458331153,0.9984403332551788,-0.19673165469792275,0.5913536926206225,False,False
06623800,4.831887787565846,0.03064681510425904,0.507780934201978,22.63162412135002,4.757270658828444,2.2084165516389294,-0.12350299042014101,0.505638871854229,False,False
06632400,3.9344443170226358,0.11205154536617334,0.5296754779218551,13.745310735727557,3.7074668893636202,1.487096282046101,-0.10633992131101011,0.620072555351308,False,False
06746095,0.0714613547758494,-0.023418507875292205,0.4942131329272353,0.005226317111331213,0.07229327154951014,0.04302662081292187,-0.032992408265406725,0.28391357471412504,False,True
06784000,19.256899698310285,-1.0989703112812301,0.3226878283924452,778.357352980927,27.8990564890809,22.775497588952568,-2.447684811362859,0.522300179765863,False,True
06803510,2.1689307922405057,0.26619585437636784,0.5767664142020551,3.4520060635806677,1.857957497786391,0.3635594587766288,0.046002417216745584,0.6117659100337473,False,False
06803530,5.847694649055736,0.3279654364822966,0.5980737610448398,22.980579898076048,4.793806410158429,1.136983676793397,0.020044041549068137,0.6984767568759608,False,False
06814000,13.201768487744406,0.35567448567290594,0.608152091107842,112.29736195038552,10.597044963119933,2.750240607908035,0.31851558325927143,0.6269203693312982,False,False
06847900,0.017131668173072913,-4.956847919442348,0.14374326010567134,0.001748299447275349,0.04181267089382534,0.021946178630270124,-25.738583857600034,0.14399195781551866,False,True
06853800,3.0073868651037867,0.023926471739731947,0.5060540438899551,8.82797575545979,2.9711909658350453,0.822085918149415,0.533084420634591,0.5498584178640482,False,False
06876700,7.092875026304441,0.5701911939432314,0.6993942097460382,21.623197987263975,4.650075051788302,1.7871826906160106,0.777042922948479,0.779539573903542,False,False
06878000,1.2219116175262767,0.0796136867144348,0.5207285602286512,1.3741993529670835,1.1722624932015369,0.10816823382582054,-0.15211999555510713,0.4285628544731035,False,False
06879650,0.8999296889073216,0.0809897003522071,0.5211019451972383,0.7442820373449456,0.8627178202314738,0.07082019972714217,-0.23253621232588406,0.6244177653667087,False,False
06885500,0.8263672473759608,0.08739881397035931,0.5228481542855754,0.6231996783283749,0.7894299705030047,0.10515343215523333,-0.2480624643845144,0.488914970785648,False,False
06888500,3.9405796317471644,0.16996860903783606,0.5464387140781429,12.888866746465672,3.5901067876131028,0.531555801835848,0.03964638244749652,0.5935891643096393,False,False
06889200,0.30590459645302154,0.052099672162512434,0.5133732900544127,0.0887022586963089,0.2978292441925556,0.036690865048483706,-0.27549718776334475,0.33549147945022884,False,False
06889500,18.60652415682151,0.4580534793509846,0.648530922835828,187.62337103161488,13.697568069975592,3.239430593254357,0.2628945991917955,0.7845133608925309,False,False
06892000,25.384134280600122,0.38492487129733843,0.6191662432466954,396.32628750355406,19.907945336060024,6.661494863834858,0.17090853279568607,0.7309330869566054,False,False
06903400,0.07231166532582,0.057032788923623956,0.5146767244960425,0.004930753803962785,0.07021932642772064,0.015105875055088425,-0.31039414771798324,0.2504103857956327,False,False
06910800,0.5620555570670053,0.0464056925004519,0.5118770034091283,0.3012465916880291,0.5488593551065966,0.06607845133563209,-0.40720692759194055,0.4288301587814517,False,False
06911900,12.846963559882138,0.2536399933489174,0.5726196180578229,123.18259374876854,11.098765415521157,2.202972691988678,-0.11117822178987602,0.7123759493263425,False,False
06917000,0.1711409277123346,0.17560824291536514,0.5481278876188265,0.024145789180225866,0.15538915399803768,0.0331980933823373,0.07541095145753263,0.5274565414118628,False,False
06918460,20.539988969120447,0.4346881362394641,0.6388503295423702,238.50007053074214,15.443447494997422,5.486231966738841,0.2565742932699736,0.7235897168165141,False,False
06919500,0.20321649555504503,0.09759875061874101,0.5256514630261319,0.03726641392049187,0.19304510851221243,0.0399523680218502,-0.16332151133992645,0.43082635010204157,False,False
06921070,7.687201959161399,0.1770209285432417,0.5485526497026054,48.63236313789571,6.973690783071451,1.109337178728591,-0.010517613712986318,0.4784013004091426,False,False
06921200,18.674875107453502,0.31171321237192817,0.5923164283035893,240.04067813262884,15.493246210288818,2.927481227580352,0.08675868763865169,0.6561948090030623,False,False
07014500,0.06057612274717236,0.09037166020900389,0.5236621069990234,0.003337850854102262,0.057774136550036485,0.021261824324536764,-0.24027888586116553,0.34884433450718894,False,False
07056000,66.0722201618924,0.2291846636468272,0.5647116215174677,3365.023855442123,58.00882566853188,23.135605246271354,0.06107319902240649,0.7265404900997515,False,False
07057500,0.021972700601643046,-1.4141104731153367,0.292902062740668,0.0011655315025276517,0.03413988140763895,0.02387274138421667,-1.8134839745733102,0.3927281017377406,False,True
07060710,0.11660587884317544,0.2540089051722778,0.5727406073045697,0.010143189428655991,0.10071340242815745,0.024551152634507446,0.17984310351155097,0.5733378257398457,False,False
07066000,0.2547161878461065,0.18868051440077926,0.5520837201556301,0.0526386811136785,0.2294312121610277,0.06770391867889039,-0.09908435042160657,0.6623182841118062,False,False
07067000,97.72858814905614,0.03829096021528655,0.509759592130821,9185.164692615632,95.83926487935742,43.02671446088301,-0.044607021705333594,0.5677678608442622,False,False
07068000,0.0331135588746778,-0.36134483828539876,0.423487490597143,0.0014927252082761761,0.03863580215649956,0.02021187405226471,-0.0004100855115489743,0.27351192598522867,False,True
07071500,50.38990904811315,0.13031038137395856,0.5348481320310583,2208.2662498005966,46.99219349850139,17.477897451667697,0.023588921358516313,0.5189093576403012,False,False
07083000,1.2648703291290484,-5.672595818081966,0.13033398652947484,10.675465694669374,3.267333116575256,3.040893423213976,-0.13073768392504204,0.37300443658085913,False,True
07142300,0.37703549228911554,-4.771779275589007,0.14767167671941292,0.8204916835896207,0.9058099599748397,0.8447085198546372,-3.0512781301045537,0.4152795728052072,False,True
07145700,16.31748994317848,0.3145906497316615,0.5933276683440657,182.4974212594616,13.509160642299786,2.140544778663854,0.03200767812567329,0.6965296503334173,False,False
07148400,12.93867833480914,-0.9629381986468026,0.33750282083396405,328.6143002851317,18.127721872456334,12.572000432746902,-2.6208390939025006,0.495757261210459,False,True
07149000,11.19111791030746,-0.15648797343888643,0.4637169380570809,144.8398491553161,12.034942839719518,6.378868854163151,-0.283703429936764,0.6033509820870129,False,True
07151500,33.82780363584215,0.26999268898933027,0.5780322393064341,835.362184280234,28.902632826097935,7.075209885618169,0.209358584404973,0.5664403990822257,False,False
07167500,1.821056157447531,0.054846112873026875,0.514098142372179,3.13436235200253,1.7704130455920535,0.13147795980862753,-0.2725218749810281,0.5475290706576166,False,False
07180500,0.013615273174857875,-0.8982626172058636,0.3450342953959337,0.000351891692400973,0.018758776410016005,0.012016880626483132,-1.3127898132207942,0.3257605174158516,False,True
07195800,1.8564632901351101,0.20966161977571796,0.5585536293282873,2.723866411155764,1.650414012045391,0.3574275429209353,0.04562423601912213,0.5018415494284276,False,False
07196900,7.522701823776479,0.2479315656715667,0.5707539616643452,42.560336902550894,6.5238283930948775,1.0472408143936272,0.07826719974342788,0.6231284289282643,False,False
07197000,33.99131952659865,0.30060008402383287,0.5884430089697759,808.093519247673,28.42698575733405,8.898639971731633,0.03275485822796831,0.7113608173443238,False,False
07208500,0.2274045886948886,-0.4174849005043979,0.4136530489978879,0.07330217972717393,0.270743752886699,0.13009272479268452,-1.3609739199069955,0.009875753441291555,False,True
07226500,4.2398368143325245,-24.545476196687925,0.037671202151000394,459.2110033544883,21.42920911640204,17.60857314845765,-47.43852299229354,0.2095529534988355,False,True
07261000,19.498667719927248,0.20340861055627668,0.5566095918502809,302.8624872193648,17.402944785850607,6.5677144160518,-0.12435105299656413,0.7968610708154386,False,False
07263295,7.495237573173982,0.3451569929104167,0.6042869297666652,36.78815437253603,6.065323929728406,1.3002707802335949,0.20930351076491538,0.6568919840443807,False,False
07290650,65.22699991435594,0.20823638394408917,0.5581093348693134,3368.6070120873396,58.03970203306819,19.27759530186529,-0.016221110499192948,0.7125450267956491,False,False
07291000,30.30047701138105,0.18051865995072558,0.5496071754013803,752.3813123290043,27.42957003543811,5.848923455649035,-0.020585378080600458,0.5899812750485667,False,False
07295000,37.711019817036764,0.11198977268417154,0.5296581477854033,1262.8580063699274,35.53671349984305,5.889607822631746,-0.10050476044989409,0.49865508276683895,False,False
07299670,0.45327173065218684,0.05617809222333914,0.5144504216149091,0.19391317716278442,0.4403557393321727,0.037386891468023715,-0.17559865708168854,0.38802659650988897,False,False
07301410,0.10535004140764466,-0.2487627475601326,0.44468897445272165,0.013859557222178739,0.11772662070313043,0.07291754234247896,-1.624715565901985,0.3574005271942718,False,True
07301500,12.827050979434869,-7.530332058737338,0.10492813826808976,1403.523144850421,37.46362428877405,33.41892428923343,-7.5841344519905665,0.23958013532812886,False,True
07315200,0.14520195562316945,0.08250698164479386,0.5215142847600996,0.019344063065396013,0.1390829359245627,0.04092145281088257,-0.2967901795488872,0.3015925769292118,False,False
07315700,22.6810220263457,0.35478376078331764,0.6078228357848682,331.9177899750641,18.218611087979898,4.867673396895549,0.23872535141811135,0.6911696094100774,False,False
07335700,7.506796137757505,0.31753082087302953,0.5943645282815212,38.45849516577838,6.201491366258473,1.4933618955354937,0.04685119515124592,0.7604349490641608,False,False
07340300,3.9471468499254936,0.17596210187714156,0.5482342231096806,12.838484293569493,3.5830830709836317,0.8439578910474513,-0.0950870683519538,0.6382417823244956,False,False
07346045,18.4282869413467,0.48377816707165944,0.6595340986936321,175.30984280258645,13.240462333415191,6.647678806451286,0.3944479738338573,0.7504664680115773,False,False
07359610,0.05770759209569074,0.3647022790549421,0.6115094439329911,0.002115646988005411,0.04599616275305377,0.01708164410740875,0.4903683239875275,0.6120627671802236,False,False
07362100,32.1129417593366,0.37856849494855105,0.6167389722504926,640.8456643733688,25.314929673482577,8.861760869097951,0.18291989241251405,0.7389359117312845,False,False
07362587,6.683669216031367,0.2446114154431842,0.5696744349357101,33.74429144239743,5.808983684122158,0.9818686976434664,0.06527337868592809,0.5978699749592252,False,False
07373000,7.822382048022834,0.3506517793708295,0.6063001053946836,39.733397429713364,6.303443299476355,1.6288103525654736,0.15295998966019309,0.7810866148159084,False,False
07375000,0.7912370317088887,0.2517476942994268,0.5719998176117218,0.46844787568778273,0.6844325209162572,0.24889906288234087,0.20554779436842774,0.5375073211713404,False,False
07376000,35.50085465653221,0.1768999321650263,0.548516243097699,1037.3618073075734,32.208101578757685,8.915753636352868,-0.07011550664224964,0.6416879508097763,False,False
08013000,1.8048215406782055,0.10316390044630608,0.5271936780596329,2.9213366857794822,1.709191822405982,0.2512016049004918,-0.09399728123369155,0.41231560551838825,False,False
08014500,1.6414974376785663,0.13146082826411942,0.5351774343970515,2.3402908170051364,1.5298009076363945,0.46808349443097147,0.039621507988130356,0.38792672838674236,False,False
08023080,8.99903968551106,0.43734009448198163,0.6399345094020968,45.56572691757359,6.750239026699247,2.0331945576828097,0.24896055791716465,0.7644496590996164,False,False
08025500,27.606296522487618,0.28519890185170493,0.5831580123664701,544.7553548822035,23.339994748975492,5.019106688484227,0.06827090807270575,0.6832926630117546,False,False
08029500,22.22101150926397,0.16464453264754264,0.5448535816565948,412.47626963951825,20.309511802097024,5.041344696703218,-0.11398844617225912,0.7773780794421831,False,False
08050800,3.023141500003967,0.13292380421872174,0.5355967808167303,7.9245427692276795,2.8150564415705204,0.5090868934922955,-0.06875068188509448,0.5899964685295999,False,False
08066200,21.180390501101083,0.30112140750074634,0.5886235805284239,313.52318581318013,17.706585944590792,2.7812117544192025,0.16654663137505077,0.6876887464300445,False,False
08066300,0.5607246316697965,0.4216920715207433,0.6335899237124961,0.18182701750407118,0.42641179334543644,0.1121325349941724,0.32398125131998956,0.7274732263211914,False,False
08070000,0.42577744752186214,0.3988612362032631,0.6245554867641373,0.10897830331974975,0.33011862007428444,0.11241188021277213,0.47399662966682976,0.6332121237638975,False,False
08070200,69.80413822274085,0.13585527358270488,0.5364390359979736,4210.64690055331,64.88949761366095,10.557472011187532,-0.07846856959388515,0.5311877192136705,False,False
08079600,0.5870657098041253,-0.2297919132346109,0.44847234132684893,0.42384304528015676,0.6510322920409991,0.18055115405985672,-1.115089844998805,0.2621996980278254,False,True
08082700,0.43172349976369406,0.13858476556135635,0.5372256450353889,0.1605550337394027,0.4006931915311298,0.11090087039872515,-0.07265726469855038,0.3923492865983174,False,False
08086212,18.25306951813841,0.2291675597654208,0.5647061671557878,256.82174896009735,16.02565908036538,3.215558332889876,0.1540133878113803,0.49933003392144953,False,False
08086290,11.914235749890707,0.30900350720018066,0.5913672821072966,98.08627048764009,9.903851295715222,1.7683642514055833,0.28662606269004,0.5751824188253882,False,False
08101000,0.08882160860936,0.04371208973065588,0.5111722025937986,0.007544421321291157,0.08685862836409033,0.02983243198063282,-2.4198965470886202,0.32690621529247715,False,False
08103900,1.558863742302717,0.2917548139109123,0.585396059150872,1.7210755822506165,1.3118977026622984,0.24684913009506326,0.11151847286564076,0.6675564134962676,False,False
08104900,2.577931661940284,-0.0691828866378581,0.4832825587615721,7.105502553253195,2.6656148546354546,1.4107485118168916,0.03670463333942542,0.39613277254204937,False,True
08109700,10.600777067393642,0.3791511301571071,0.6169606670959575,69.76880714839538,8.35277242287825,2.417448954763032,0.3422021061375684,0.6470986289048423,False,False
08150800,12.33772047602782,0.18848378657446185,0.5520237647274608,123.52846771798043,11.114336134829665,1.171728104502313,-0.8649696304784285,0.49169933519865194,False,False
08155200,5.877002463045521,0.18503639407410966,0.5509752353903853,28.148156709100007,5.305483645163748,0.8622994907850831,0.02357368572871399,0.5579957312361287,False,False
08158700,5.494560821113323,0.17980824884821756,0.5493926666612016,24.761751871226416,4.976118152860361,0.9961294595395832,0.044177899102867735,0.4715194171117638,False,False
08158810,2.0504894896375725,0.06782213094792755,0.51755069552194,3.9193485128110788,1.9797344551255047,0.17185865211741577,-0.13458648131449324,0.44873129379549553,False,False
08164000,0.030998733347810125,-25.520608871939483,0.03633640536999958,0.025484222440470838,0.15963778512767846,0.11626934413037786,-6.868272494436747,0.2326106335971818,False,True
08164300,19.54706380871531,0.2900225419771718,0.5848030307699238,271.27365650252057,16.47038726024742,2.9296137793263886,0.14592861823097636,0.6788699196225246,False,False
08164600,6.995620073115289,0.32084625873601136,0.5955380829198204,33.236901338434485,5.765145387449868,1.3067867096415733,0.231670083810406,0.6856379514029232,False,False
08165300,7.587305986236313,0.29029450138215696,0.5848960542084108,40.8557669878931,6.391851608719738,0.743148921762551,0.13749730841815644,0.6650651078980551,False,False
08171300,0.030864131557791784,-6.554574657789252,0.11689651911442066,0.007196447151349744,0.08483187579766077,0.05259750123240844,-2.5514467941140757,0.12077458516351947,False,True
08175000,0.3435132654145104,0.014337662483908664,0.5036102972325708,0.11630949979301017,0.3410417859925821,0.048259388950732826,-3.904526923546946,0.16263242947222467,False,False
08176900,0.42134494603876027,0.08436904078167706,0.5220212145704995,0.16255339582701797,0.4031791113475721,0.04137761432584922,-0.09030462849123433,0.3965669649070422,False,False
08178880,13.383811677951918,0.019742410438378988,0.5049848086790439,175.59002782498703,13.25103874513191,0.5865056366338068,-0.3738673763327194,0.16070114813771622,False,False
08189500,0.6412453464261632,0.17649585634566167,0.5483946957180915,0.33862127576933665,0.5819117422507787,0.13834945805162893,0.018831812490515132,0.676337512272215,False,False
08190000,33.640056868120205,0.16734103105765463,0.54565525662263,942.2813749684731,30.69660201013254,6.270488515449651,-0.012490072477466585,0.4882518408152188,False,False
08190500,0.04846534180893126,-0.11774718157068009,0.47219989652321254,0.0026254644582242156,0.051239286277466975,0.021122878227564455,-0.8585019395886047,0.24989098050925396,False,True
08194200,0.07386319289921549,-0.8216383982820301,0.3544040230700204,0.009938442429053587,0.0996917370149281,0.059351372992989294,-47.66407104659863,0.04806538579871857,False,True
08195000,19.186327687836986,0.16784573353481325,0.5458055679608905,306.3286093867699,17.502245838370854,2.585807026096673,0.03805416762102565,0.4869137778222231,False,False
08196000,4.597554814495048,0.4913792967681089,0.6628571368918098,10.75097533926173,3.278867996620439,0.7135904769094965,0.39841363545301056,0.7718726778488604,False,False
08198500,5.692080394285096,0.32267189975539734,0.5961862797470402,21.94528090404375,4.6845790530253355,1.2152062694961776,0.23279408191374895,0.6166633782130807,False,False
08200000,6.688589832557849,0.06557044474336171,0.5169482637827726,41.80379362162519,6.465585327070179,0.7099759348070696,-0.16064886422518398,0.2592681921855169,False,False
08202700,0.06345403085675015,-0.015107354880142587,0.49625147641797945,0.004087242497644748,0.063931545403226,0.02232821795097196,0.18848137488255678,0.2905832239610371,False,True
08267500,0.015538872568228003,-8.054023458795898,0.09946266826393134,0.002186153364782182,0.046756318982381216,0.03783244676722938,-1.91567811040886,0.0662992989305103,False,True
08269000,0.5363660649598964,-2.7728476808753766,0.2095185237121568,1.0854050999628877,1.0418277688576398,0.7810673925220765,-2.18150363622604,0.4228581134101194,False,True
08271000,0.4433854759509315,0.2601478760006507,0.5747614904773217,0.14544803236676757,0.38137649687253616,0.18564429208888714,0.33800552445534926,0.5190789346947347,False,False
08324000,3.3930641870556415,-3.8796270120339758,0.170078815876122,56.17858257069864,7.495237325842234,4.597751654503959,-1.026838499165744,0.3284296407852312,False,True
08377900,1.448640841473087,0.24690380667864864,0.5704193550870913,1.5804177640347605,1.2571466756249092,0.6221254101650795,0.1405171100047652,0.6032970452033084,False,False
08378500,4.463837087855918,0.0601434991981038,0.5155020485209194,18.7274317118194,4.327520272837482,2.760659311733556,0.21530611830334767,0.4523617203864098,False,False
09034900,0.018874794432544712,-122.11460916044797,0.008057069242406909,0.043860547793906794,0.2094290996827012,0.1711960351495094,-32.3254932884565,0.2561303278134262,False,True
09035900,1.3221864157622836,-0.021393133714343815,0.4947083193868791,1.7855759005899807,1.336254429586664,0.7180772722738312,-0.1292002943652395,0.46046919772373135,False,True
09047700,0.2568256301013943,0.31529378733085967,0.5935753026135424,0.045162813892402454,0.21251544389150276,0.10993468704355984,0.23472415269596336,0.6563069684693958,False,False
09065500,1.285074164535583,0.4425001605572272,0.6420546408260115,0.9206639365122198,0.9595123430744493,0.5104414322179278,0.391226221864707,0.7076008013585989,False,False
09066000,0.16532947270323073,-1.7113930865641787,0.26944060536733655,0.07411277001278092,0.2722366066729104,0.1947663483176655,-0.9590328005049846,0.3898919128003361,False,True
09066200,0.4004769629971288,0.29742189683169173,0.5873445677112323,0.11268073934526537,0.3356795188051624,0.21047196441138508,0.2653951058282479,0.6111950416608865,False,False
09066300,3.8349447065327773,0.4507555499539764,0.6454759285858942,8.077628773445303,2.8421169528091736,1.4175667065504725,0.3047535881732667,0.7760200335939277,False,False
09081600,10.812655481209953,0.4417513564513761,0.6417461065280855,65.26681314601522,8.078787851281604,3.9802975199528277,0.33922047979593206,0.7529958135078284,False,False
09210500,2.542943044598803,0.09324953613082054,0.5244524750086067,5.863555670368151,2.421477992955573,1.2278398891538576,0.19781496730819204,0.4538201875831239,False,False
09223000,4.505801759793708,0.2564525530524807,0.5735433249899392,15.095685781945896,3.885316690045471,1.5424323383449794,0.04636309425269591,0.7819186114241311,False,False
09306242,0.029336874515129573,-0.9228007462648609,0.34213758884451206,0.0016548627045797864,0.04068000374360586,0.029836225170221744,-0.9335446934498255,0.263504538802654,False,True
09312600,0.18581487385877182,0.03561431451833341,0.5090650005193865,0.033297505949822705,0.18247604212559715,0.09217796605764841,-0.04342550804925782,0.2513504409565856,False,False
09352900,0.032092987847940325,-68.36921854700752,0.01421075891772178,0.07144751124786634,0.26729667272127866,0.2350991495473993,-11.843442331065638,0.5906078779377417,False,True
09378170,0.14332943185219338,-0.059763073515857634,0.48549273110964003,0.02177105833916682,0.14755018922104715,0.04688600320849594,-0.8916553131307379,0.28042390731063044,False,True
09378630,0.10629688516548169,-0.08263274426062006,0.48016147002193693,0.012232697470134488,0.11060152562299712,0.0409214630284159,-1.1110461442151802,0.26257051979408336,False,True
09386900,0.06576887766446417,-10.866803200308706,0.07771938254064596,0.05133039444413601,0.22656212049708577,0.1849457575639274,-4.00594017283532,0.28666421750437415,False,True
09404450,0.6316102144250614,-0.03156712289184349,0.4922308442246031,0.4115245814829449,0.6415018172093864,0.2477315915556727,-0.10448507793841366,0.12241991835209048,False,True
09430500,7.361422358805466,-6.955982569329136,0.11165720704109261,431.1389848579488,20.763886554736057,18.435650576693426,-7.017857258203401,0.2509473111310088,False,True
09430600,0.9068341640788741,0.10756602350249611,0.5284200201535111,0.7338914752095019,0.856674661239319,0.34403328478033973,-0.02043530933022919,0.3687953185051617,False,False
09447800,1.5829362658166288,0.03637252735885721,0.5092615651047943,2.4145490446157445,1.5538819275014897,0.549771377789126,-1.5800382419540075,0.3302447063181327,False,False
09480000,0.9506939597378353,0.032921155060738005,0.5083680313947341,0.8740642394688581,0.9349140278490093,0.14879087091331095,-0.1790299639715871,0.28455644245594774,False,False
09484000,1.6884387524618707,0.31697111796490496,0.5941668682422218,1.947196100056498,1.3954196859928907,0.3421859233864652,0.19197226756544972,0.6504119056668811,False,False
09484600,1.5951559929124361,-0.4541448877927403,0.4074739046476595,3.7001045913365016,1.923565593198345,1.1520328920879244,-7.270155217790013,0.3363760015829546,False,True
09492400,1.381440987277445,0.18250743959880844,0.550208579549432,1.5600857995117097,1.2490339465009386,0.5612988544257631,0.08553086749520666,0.49564655426407483,False,False
09497800,15.030433575731601,-3.8497127477490283,0.17094856501882086,1095.617683065311,33.100116058184916,29.543327277072372,-0.6759554436651685,0.38679121974539904,False,True
09497980,3.8609353003997193,-0.1891453661082958,0.4567992676419327,17.726377583927693,4.21027048821423,2.008296454103471,-0.857176693489019,0.6990302051744538,False,True
09505200,0.1363815783127254,-0.1271943069255408,0.47010280008003213,0.020965740731926225,0.14479551350758843,0.051315906774354596,-32.12071016682443,0.12578300676002302,False,True
09505350,5.54213370810935,0.14395193566569153,0.538779150829082,26.29372691686294,5.12774091748627,1.2516166724619966,0.09070846189020954,0.38214042586237074,False,False
09505800,4.271159057861048,-0.0760162831072706,0.48169179025091907,19.629549524026558,4.430524745899357,2.5187115123379438,-0.3530806196178866,0.5065960705392624,False,True
09510200,3.1884345910417857,0.09539361625771259,0.5250428689812215,9.196332654725964,3.0325455733963773,0.5975671604194149,0.17745328188099485,0.5431163059662554,False,False
09512280,1.0191031633073915,0.3392693152720796,0.6021445916523372,0.6862158980823524,0.8283814930829589,0.17703212588318692,-0.320159399328088,0.6790881624301321,False,False
09513780,1.355433055703187,0.12470636732788709,0.5332498242289109,1.608088384014864,1.2681042480864355,0.17014796698671286,0.032566665482874235,0.6202214858541294,False,False
10023000,0.45227126336213436,0.12604619083875723,0.5336310826399648,0.1787666361060864,0.4228080369459483,0.21192462781164093,0.0703631590758853,0.37200244308911906,False,False
10166430,0.2683995309779977,-0.5703097378791493,0.3890581688513285,0.11312245691266674,0.33633682063173925,0.22824532050989857,-0.228955271709691,0.38444949528290273,False,True
10172700,0.04605426605748588,-1.18381720589651,0.3140883836383492,0.0046318662963959435,0.06805781583621343,0.05145481712329751,0.12226535196337385,0.2600610825254332,False,True
10172800,0.18904978064610858,-0.17016215799508205,0.4607950591691527,0.0418213843854247,0.2045027735396875,0.1612378317943767,-0.3984022402229008,0.4775560778040029,False,True
10173450,2.3199732189011097,0.4572486802700729,0.6481926070723176,2.921237259091439,1.709162736280966,0.8254300071752286,0.39968320638036337,0.722685828428972,False,False
10205030,0.46180445312708573,-0.176036061648984,0.4595512076404687,0.25080539367151033,0.5008047460552968,0.38731826093528815,-0.06646455986912159,0.6100244740972836,False,True
10234500,1.9897273279641285,0.46194244929732786,0.6501707296603714,2.130177827816143,1.4595128734670835,0.7465530524603381,0.45191024570859895,0.69727179821128,False,False
10244950,0.029876464861432365,-2.452733509068362,0.22458114728029802,0.003081920815338715,0.05551505034978096,0.04118294872353702,-0.19586737099532714,0.3392840263825908,False,True
10249300,0.25284443382833405,-0.11192406013960232,0.47350187389498183,0.07108564732374024,0.26661891779043034,0.20865494154357303,-0.019868483319160468,0.4757690406961922,False,True
10258000,0.6024224473993917,-0.363234916271703,0.4231487919862086,0.49473540751624157,0.7033743011485717,0.5298611540594914,-2.7220839955430973,0.5448570933771321,False,True
10258500,1.6710423500911595,0.3078379285575502,0.5909599422397938,1.9327812802377926,1.3902450432343907,0.5232155998260489,-3.8062162587253265,0.6800165220909478,False,False
10259000,0.3745239046586294,0.2683120527446389,0.5774712479722169,0.10263251851486281,0.3203631041722233,0.1402566713111799,-1.356294164691319,0.6868740158995474,False,False
10263500,0.46897026498585187,-0.05495612052288035,0.48662839562021964,0.23201977991030603,0.48168431561584607,0.24408981327880727,0.21968212620763505,0.46827494364648137,False,True
10310500,0.44255035476825216,0.1588116834402582,0.5431274959796067,0.16474741863311737,0.40589089498671604,0.19035219885204993,0.09763390143264616,0.4818425668790285,False,False
10316500,0.05521256301383604,-20.153414718395254,0.045139767964062105,0.06448464299302131,0.2539382661061962,0.24917416820814892,-14.490633139731335,0.2802876343144199,False,True
10329500,2.209379704166388,0.11758103584616164,0.5312313672155909,4.307403467582605,2.075428502161085,0.7369857496134582,-0.012522268066438746,0.40034768816073096,False,False
10343500,0.061911892247483065,-0.3509540425139068,0.42535922945166826,0.005178318165816833,0.0719605320006518,0.04039356341220949,-0.5930780058796989,0.2723470679913266,False,True
10348850,0.62565591793217,0.3098859457384633,0.591676045458915,0.2701419220818233,0.5197517889164244,0.2240657241806749,0.38955868663867976,0.5579013292671265,False,False
10396000,3.3486624002406615,-1.199891217973061,0.3125106236059612,24.6685678841319,4.966746206937888,2.4856479781499465,-0.23540684317911698,0.753784998416976,False,True
11098000,0.06291729872252212,-3.8581852254831857,0.17070132839944807,0.019231546343836083,0.1386778509490109,0.12661132038443723,-41.13631653378108,0.4366894790319567,False,True
11143000,0.17649695395808288,0.006606234578157455,0.5016570320156388,0.030945382788655138,0.17591299778201477,0.10177784258728385,-4.461632211091023,0.5645911418240969,False,False
11148900,0.7538236785553482,0.3749332145616625,0.615359324897078,0.35519428730377306,0.595981784372453,0.11090458771373261,-0.024569885191349394,0.756173691285742,False,False
11162500,3.8933352482089285,0.4511032392074631,0.6456208220671348,8.320209679830914,2.88447736684324,1.240734395444595,-0.14140165329834575,0.8356736238619294,False,False
11176400,0.016219205048483547,-99.34612985606499,0.009867175011223733,0.026397315064643156,0.16247250556522835,0.15723372965561774,-197.7234394559984,0.26907447283585073,False,True
11180500,0.6354109801559592,0.6281420338833502,0.7289384358285452,0.15013658052697487,0.38747461920360005,0.062428426946051455,0.41971298268349033,0.8752986767077217,False,False
11180960,0.43829342881050615,0.5569621222379572,0.6929825026844514,0.0851080768350227,0.2917328861047768,0.04890809722918535,0.23129252204280482,0.8712866141924843,False,False
11224500,0.023676990354093097,-307.4936955971536,0.003231083586599549,0.17294152633485155,0.41586238869949704,0.33654960682537405,-256.9675733415032,0.15941504052325053,False,True
11264500,6.613238783234538,-0.20110124783755556,0.4543180378378494,52.53007563890204,7.247763492202408,2.957460291289494,-0.32102493767267926,0.12108474639676464,False,True
11266500,32.6216039665504,0.45702369953491073,0.6480980943768071,577.8185713138569,24.037857044958415,11.892057502319455,0.4336934817191317,0.6993410152307564,False,False
11274630,1.3381328291075263,0.21402944930455292,0.5599196468332613,1.4073584502024798,1.186321394143459,0.23314388502162975,0.24400018032922377,0.4642516330014528,False,False
11284400,2.1399378731618475,0.5579969284435999,0.693479798847216,2.02407973832163,1.4227015633370304,0.35904825628114484,0.5578954860964287,0.7535562163216195,False,False
11299600,1.5649962118801934,0.6418480856274733,0.7362946585117507,0.8771903759432023,0.93658442008353,0.2505617982899425,0.5691353202192095,0.8193720105360291,False,False
11381500,13.399060765748962,0.5669301153008846,0.6978026756943246,77.7511278695666,8.817659999657879,4.796110713325785,0.7535866247206,0.7936044890295719,False,False
11383500,19.50356228535072,0.41714447963499546,0.6317696006578043,221.71179462474737,14.889989745622639,7.601148597098031,0.3251106940455636,0.698339899462208,False,False
11451100,8.894049917025805,0.6649848129463636,0.7490551491080703,26.501082873966094,5.147920247436444,1.4435112224501,0.5078343813057091,0.8459891928940994,False,False
11468500,13.568487678398906,0.7280599164264397,0.786200555289102,50.06521849779285,7.075677953227722,2.7037485826479943,0.6957399943106213,0.8638093158190132,False,False
11473900,84.35367154135005,0.19717407687289656,0.5546847242275302,5712.541496428942,75.58135680463101,34.48245405292166,0.09589203716198702,0.4985415620278563,False,False
11475560,9.438631465840107,0.7737196039368972,0.8154741796496446,20.158814510517658,4.489856847441537,1.7203768431433546,0.8239569931746991,0.8796824769427072,False,False
11476600,5.660433142661202,0.6888770463427737,0.7627049753119,9.96853604281692,3.1572988523129895,1.5923246345667197,0.7160202399794036,0.8609062224097155,False,False
11478500,3.347192262363567,0.7532108818136531,0.802060256552976,2.764950266442161,1.6628139602619894,0.8077581861188097,0.7691537777881019,0.8726312659280108,False,False
11480390,14.475099076053686,0.6905037168322938,0.7636524157067277,64.84828988218577,8.052843589825011,3.163736503110101,0.7161083494862264,0.8327988572832393,False,False
11481200,0.15088657663765684,0.40861658045992233,0.6283840762203038,0.013463883794842466,0.11603397689833123,0.03594517021575034,0.24206606224263238,0.682615668705536,False,False
11482500,0.25810761058423043,0.16274213339265753,0.5442894098728708,0.05577773279734831,0.2361730992245906,0.11760907113592473,-0.07969296961621497,0.6944792824179085,False,False
11522500,66.03889755642405,0.25303834954641347,0.5724224110703042,3257.6013372924162,57.07540045669777,32.11954855415577,0.20173986237910502,0.5576616141982472,False,False
11523200,11.752117272227848,0.3581694404360989,0.6090762497840322,88.64466936245645,9.415129811237678,5.113884619881095,0.659262431220401,0.6672339798034638,False,False
11528700,2.3205566330703506,0.6284134088238982,0.7290826597703355,2.000987508945864,1.4145626564227771,0.6643532917917101,0.45120012933686937,0.8191783712530233,False,False
11532500,6.266471312206313,0.6965547768913215,0.7671975640180946,11.915888116215456,3.4519397613827874,1.5660939818100297,0.8282148871259409,0.8457137613245346,False,False
12010000,0.3700945375051421,0.6598711548831361,0.7461969075912223,0.046587436586354475,0.21584123004272024,0.11394262296021379,0.7354231940546514,0.8241302192469129,False,False
12013500,31.72653339658148,0.6027720200539772,0.715702816113539,399.83892822194747,19.995972800090207,9.278974567761109,0.4690989773983322,0.8368689124182217,False,False
12020000,29.090706933766842,0.4745587119646122,0.6555480095126425,444.6647941866874,21.08707647320243,8.48724496931591,0.2497001592781175,0.840297905012005,False,False
12025000,74.85811601754018,0.3691156957218169,0.6131642798797995,3535.310055303031,59.458473368419334,23.064111870322993,0.2986367994500292,0.6791944643958985,False,False
12025700,0.408810538032755,0.45100608933924213,0.645580329992019,0.09175118706038898,0.302904584086126,0.13934076763881192,0.5585785276881914,0.6725756651490519,False,False
12035000,88.86946411480479,0.30481708110213945,0.5899068406435806,5490.402901691876,74.09725299693557,27.637569112235578,0.18650465725393806,0.7127465590242386,False,False
12040500,179.8297180966482,0.05216659670254542,0.5133909287658363,30651.726154794724,175.0763437897728,61.39342441265553,-0.09326231066603308,0.49708244937186996,False,False
12041200,80.59319349949558,0.23847904942369913,0.5676912327797402,4946.278730977186,70.32978551778176,29.668674868622546,0.158664382227921,0.6721522927057686,False,False
12043000,50.80692669111471,0.3499897271856869,0.6060568327822385,1677.8999875331315,40.96217752431054,14.90246591910988,0.17682965771207426,0.7816654912268156,False,False
12048000,11.415587979637133,0.3498130025110937,0.6059919278976883,84.72954049765667,9.204865045053984,6.241970463574916,0.5155927574181203,0.6442413122053953,False,False
12054000,12.31923084270614,0.4742684201494053,0.6554232823167518,79.78683757285842,8.93234781974249,5.2496430531260385,0.3827518476030417,0.8246049080624877,False,False
12056500,21.21188858171927,0.5643306702724544,0.696539223408621,196.02689552373477,14.000960521469045,6.041230327309415,0.4173036840628225,0.8401892426576059,False,False
12073500,0.6072880698464312,0.28694387850642755,0.583752036756463,0.2629742417810455,0.5128101420419116,0.3015415780989461,0.056239329007885974,0.8496051672064453,False,False
12082500,20.17843186481969,0.3772479548669959,0.6162370911805185,253.56539753879477,15.923736921300689,8.160776357991072,0.354326731024016,0.7390452358912148,False,False
12092000,15.462763013847585,0.3995154091350791,0.6248107640071612,143.5740882548722,11.982240535679136,6.365592675335674,0.5068760012445124,0.6458375170219652,False,False
12095000,9.234353933690404,0.5444298988785408,0.6870160353180789,38.847962520288064,6.232813371206301,3.356335157675367,0.5702574755301724,0.7513018785069191,False,False
12114500,0.9134900223887453,0.39733526269844466,0.6239608177089637,0.5029020400058489,0.7091558643950207,0.4398151094784875,0.484199127259192,0.6713344748676842,False,False
12115500,1.4306816115163,0.5213120743380195,0.6762752184862258,0.9798023201019826,0.9898496451997054,0.5438282193148285,0.4925527087256417,0.7450201718391206,False,False
12117000,14.770617400455865,0.5997113557251426,0.7141384771550813,87.33142920629541,9.345128635085523,5.990670635523447,0.728873960902549,0.7776286447103453,False,False
12141300,42.5866725240773,0.41360355864988385,0.6303594574058308,1063.5030563458026,32.61139457836482,14.074373321108189,0.3513736126447351,0.7084121794807747,False,False
12143600,14.227296099318588,0.6614048820172175,0.7470518804124777,68.53705392702247,8.278710885580102,4.316004181326849,0.6307330382583297,0.8315137787848799,False,False
12144000,15.524958340066672,0.687544940578765,0.7619308507530757,75.30927180854947,8.67809148422333,5.009671622778029,0.7177628880668335,0.8398906035236081,False,False
12145500,6.146940665973012,0.440938890954205,0.6414116766802286,21.124056666939776,4.596091455458624,2.441541894457647,0.17376241423251038,0.9059709055259452,False,False
12147500,11.839575982383888,0.5855838912730911,0.7070055225121004,58.09100988283697,7.621745855303558,3.884231233720698,0.5032930086721086,0.8125684121237335,False,False
12147600,2.3935565333172857,0.5127441093153693,0.6723792497736677,2.791543998293241,1.6707914287227,0.8896808996837815,0.5026525516638274,0.7317702728548521,False,False
12167000,72.78611193240029,0.2743934839924216,0.5795063884631323,3844.131326897997,62.00105907884152,23.86134509800802,0.17223606219821275,0.6882641131028592,False,False
12175500,17.563717996508668,0.4180127608972892,0.6321163504246666,179.53386196397148,13.399024664652703,7.749036859135501,0.42529473057745704,0.6981106951369545,False,False
12186000,32.15187008341165,0.511527123027071,0.6718295075914824,504.955295074305,22.471210360688296,13.147208378783017,0.4664379486011494,0.7833892875491779,False,False
12189500,112.53622111658073,-0.06706121062510606,0.483778610357449,13513.691130340021,116.24840270016625,66.71905212667046,-0.02905458470987221,0.5259927937915594,False,True
12358500,106.10429778025912,0.1385736080542086,0.5372224248710029,9698.043420956184,98.47864449187034,60.75134912595359,0.047974718334436006,0.43684027081869126,False,False
12375900,0.7479773820836902,0.2524574204803157,0.5722321228217809,0.4182277696421716,0.6467053190149062,0.5124028642790573,0.29878732271892827,0.6991649714390027,False,False
12377150,2.188988335172819,0.34289765178644616,0.603463027542055,3.148617563867825,1.774434434930698,1.0812786946903252,0.31154627316488237,0.613640609143526,False,False
12381400,1.5947509011827383,0.3522416977018413,0.6068851230215511,1.6473986301095724,1.2835102765890005,0.7826506726770669,0.3611700774861991,0.6074490414253799,False,False
12411000,25.136059095279766,0.2918455608188949,0.585427158728928,447.4271765136524,21.15247447731949,9.963674050827402,0.2729091017672627,0.5913586082518013,False,False
12414500,72.47651448387089,0.19034664692682968,0.5525920189641793,4252.983690272946,65.21490389683133,48.43402308217865,0.1100156769232511,0.528350567601262,False,False
12447390,0.041478463173572046,-91.33218375838878,0.010714417682422641,0.15885409730090216,0.39856504776623625,0.357059362743582,-11.797711523313046,0.4353931243399784,False,True
12451000,44.46925289179187,0.551101782604477,0.6901796054367138,887.7027127152164,29.7943402799125,17.991195364225366,0.483101406553907,0.7854919391191156,False,False
12488500,8.92261586229629,0.6332675304925321,0.7316720882180929,29.1966991693265,5.40339700274989,3.382378924159386,0.6154454207906561,0.8082919001415434,False,False
13011500,26.39118705348728,-2.714729887160271,0.21210122826406713,2587.28987927647,50.865409457473845,45.84242877208817,0.2735381865928065,0.5731952476906484,False,True
13011900,23.53915255835935,0.362259525064206,0.6105973536736362,353.36670593488645,18.79805058868835,11.838539839123163,0.2719777688706966,0.7468723028995504,False,False
13018300,0.05917644309266956,-7.429033999553106,0.10605540292328944,0.02951722465611878,0.17180577596844288,0.16753099915614178,-9.748298131358348,0.3599076536714966,False,True
13023000,20.88174323847737,0.5701291379323434,0.6993638562254186,187.4439860575093,13.69101844486046,9.300876556234742,0.7892120008846147,0.7976013848345659,False,False
13083000,0.2975182304902662,0.0313642987002547,0.5079659986557054,0.08574082078880323,0.29281533564484497,0.14965563807864657,0.11252885151268588,0.3472235226115826,False,False
13161500,0.27924024894310306,-0.049220353573414144,0.4879904683047911,0.08181307944025344,0.286029857602757,0.17503427999744137,0.1795417653389877,0.4768852320757107,False,True
13235000,1.345388400062507,0.5173689896931543,0.6744766520113725,0.8735958872576495,0.934663515527192,0.4237893335259082,0.5109592025912064,0.7332612616384774,False,False
13310700,1.650185803184333,0.6264119021034773,0.7280202860896757,1.0173226751527185,1.0086241495982131,0.6324280674394792,0.6771206009318875,0.858090707045997,False,False
13313000,8.98916677213483,0.4264131755632883,0.6354908318185523,46.34875175299749,6.80799175623748,3.535591266321148,0.4075108249080007,0.6742302823925405,False,False
13331500,16.821777353237152,0.6958834745603508,0.7668026441600959,86.05652022908757,9.276665361491034,6.001969694846585,0.8250229323339755,0.8457932826606731,False,False
13337000,103.64032755448902,0.11399379675663113,0.5302209495813417,9516.8739321097,97.55446648980097,67.7743382503822,0.0027096046368544346,0.5254264820424177,False,False
13338500,0.05581799040558102,-0.46547104018384466,0.40560200614866365,0.004565891992955829,0.06757138442385083,0.04929824981253746,-4.983082060841736,0.37238890255137425,False,True
13340600,4.607413225362565,0.5183012509374884,0.6749010219740765,10.22562466308571,3.1977530647449486,1.7756492343379522,0.5309751527689035,0.7294755608187143,False,False
14020000,0.040222592500700524,-2.6027731021161213,0.2172603293306487,0.005828771493443308,0.0763463914893383,0.06567161468871748,-17.304039843992545,0.25373820585911827,False,True
14092750,2.1864796352713105,0.14128932629555468,0.5380073478606443,4.105232274644419,2.0261372793185606,1.358601025472614,0.20998711542611959,0.7238119037891946,False,False
14096850,2.027208259157253,-0.16116139160345888,0.4627141702073702,4.771877882109251,2.1844628360558693,1.2491955466923814,-0.11211896883681005,0.49907696499989906,False,True
14137000,37.463629061754396,0.49967353747976606,0.6665216037849586,702.2199490581904,26.499432995031995,14.5813988396596,0.5470314552793332,0.7092161682355304,False,False
14138800,0.7379197718547931,0.5381311826034227,0.6840559071373359,0.2514993901542479,0.5014971487000179,0.2818799417663648,0.5215534870323353,0.7562078180596031,False,False
14141500,4.794014452894835,0.7549110306540591,0.8031554568548713,5.632775515396255,2.373346901613048,1.4198565618471022,0.8569951012124148,0.8742047567072083,False,False
14154500,0.06662761551214805,-0.0733682558457196,0.48230698872743355,0.004764938382466665,0.06902853310383081,0.04940236553628396,-0.3146406375600477,0.6221847203341286,False,True
14158500,10.173513928705214,0.6480427132680069,0.7396683384999841,36.42771491174936,6.0355376655066415,4.323608118651438,0.6882035076735362,0.8185746565779877,False,False
14158790,3.026340568200822,0.5868309650930714,0.7076294309447986,3.784106624242882,1.9452780326325803,1.0855437546540774,0.5744835673766842,0.7880042475484103,False,False
14166500,0.12649462504281225,0.04659008010174526,0.5119253208523105,0.015255407410248056,0.12351278237594705,0.0917861522034754,0.23376502577638214,0.5695785514347428,False,False
14182500,46.76236273317686,0.4640728696516915,0.6510725543165747,1171.9218072361898,34.23334350068935,24.06722600193259,0.42228864632823404,0.7158815063008998,False,False
14185000,26.833997539225685,0.5454747817599681,0.6875095649493069,327.28698491079774,18.09107473067307,9.21165136120045,0.5007449348157849,0.7693474905169794,False,False
14187000,7.679357998279117,0.6396874594099362,0.7351251790755595,21.248545447883718,4.6096144576183065,2.310496455092657,0.5344858935570864,0.8397936847558386,False,False
14216500,23.757599739733966,0.6280112052763969,0.7288689265144159,209.95923436451653,14.489970129869715,9.36956917380165,0.6511639160867431,0.8034241847846352,False,False
14222500,28.63947425328008,0.5512686289443343,0.6902590914914178,368.058214296914,19.184843348250567,8.514193010343405,0.4025136648026577,0.8390589928487691,False,False
14236200,31.073700116557188,0.4358492477781519,0.6393245654739595,544.7297717109515,23.33944668819189,9.536568698187592,0.333162810220331,0.7435898865362697,False,False
14301000,107.36258915210732,0.277336225548262,0.5804963306425039,8329.946992630625,91.26854328097181,51.87707419482205,0.1803235740829865,0.6832049532257476,False,False
14303200,0.564398318707863,0.619233500886496,0.7242354160837707,0.1212914404352563,0.3482692068432929,0.1697460476844783,0.570991721400626,0.808921107445031,False,False
14305500,48.507743511400164,0.5268967095933181,0.6788390240605113,1113.212600857426,33.36484078873187,13.021648338542713,0.47967445751131754,0.7559403418604964,False,False
14306340,1.0617739694688246,0.6461928854394929,0.7386576634475989,0.39886939054019543,0.631561074275636,0.2710157578030942,0.508232817984348,0.8677614919366141,False,False
14306500,53.715358833889304,0.507471428644463,0.670003924341485,1421.1122770853901,37.69764285847843,15.695019829524101,0.3986600421268479,0.7902798231262437,False,False
14308990,0.06929184484569109,-1.3019168972488986,0.3028543815966971,0.011052331166193433,0.10513006785022748,0.07755205058510924,-1.2158191112423773,0.47487016009618693,False,True
14309500,12.606250626630024,0.6147664545705245,0.7218999303759726,61.220373090244095,7.824344898471955,3.343990872695886,0.5492260939733049,0.8165300259992048,False,False
14316700,27.612826687260302,0.4479791425203813,0.6443212378111562,420.8983482735851,20.515807278135195,9.405111342563677,0.44813230932442316,0.682653489851369,False,False
14325000,0.8594778449828766,0.5575958303020297,0.6932869586819022,0.3268049184105819,0.5716685389371904,0.34057351148217313,0.13128796789975195,0.7926173448696456,False,False
14362250,0.5600390497703565,0.07575829394590183,0.5196852333330967,0.28988262282546734,0.53840748771304,0.3222572209249223,-0.22866187278901862,0.5914059571421009,False,False
14400000,94.69190925743662,0.29465238320860054,0.586390710113105,6324.540089577329,79.52697711831708,26.272160017468234,0.18412522759225058,0.6468881472968802,False,False
394220106431500,16.84008416645282,0.49596239673622133,0.6648769936536085,142.9392349562562,11.955719759021461,7.4708760716749225,0.539401341620803,0.8177308921795794,False,False
