basin,std_obs,NSE,NNSE,MSE,RMSE,MAE,KGE,Pearson-r,low_var_flag,neg_basin_flag
01013500,22.67940342235571,0.09590302405751594,0.5251833350058355,465.02710708676847,21.56448717421234,17.46925096737708,0.5272919787873889,0.847681326257079,False,False
01022500,10.99175762251953,0.3911268443524759,0.621553039461044,73.56328482573143,8.57690415159989,5.296846713456195,0.42763190343005786,0.7641133269233621,False,False
01030500,99.9455175362283,0.6602192487662271,0.7463907800430206,3394.1061024282526,58.258957272064634,31.31170488542525,0.5230502995283214,0.8727731801679528,False,False
01031500,26.878528739756252,0.6779434416757343,0.7563972915557567,232.6714697844096,15.253572361398152,5.5495325532110895,0.5458655208812044,0.8517925331165225,False,False
01047000,32.396370961105326,0.6209451436858451,0.7251343160291193,397.8274917643434,19.945613346406358,7.774914544266992,0.4662471600047321,0.840594858134107,False,False
01052500,3.504661679757918,0.18482147951519812,0.5509100007050093,10.012555299249938,3.164262204566799,2.77259429612755,0.5925491700299877,0.8883550159543315,False,False
01054200,12.76478267449321,0.7097258490834149,0.775029089197532,47.29717631256501,6.877294258105073,2.624660388485727,0.561188875841653,0.8801693339865896,False,False
01055000,0.13454440772200457,0.08627986185355274,0.5225424449828698,0.016540342536840707,0.12860926302891526,0.048870921115531006,-0.1401222353189211,0.5609699054766626,False,False
01057000,5.736393023594251,0.5712047345329343,0.6998903371037594,14.110024874674226,3.7563313052331027,2.0246858810396717,0.45397806896869297,0.8312101478166153,False,False
01073000,0.5719339815647471,-8.312882728338062,0.09696609826195043,3.0463229068725832,1.745371853466356,1.6907355160499056,-2.004833972709967,0.4579169512473333,False,True
01123000,2.246446496323941,0.36129899307363056,0.6102394492791889,3.223218593998346,1.7953324466511338,1.1533074056827248,0.22225155596228585,0.8437315850666472,False,False
01134500,3.8260074463433997,0.4260884148171141,0.635359704709081,8.401108884685497,2.8984666437075823,1.590908445749924,0.2907856681691874,0.8492339623375698,False,False
01137500,0.18462258032469,0.24536038739258703,0.5699176017769196,0.025722266376690096,0.1603816273040341,0.08837492103016809,0.18226966308496706,0.618877723326576,False,False
01139000,4.5943351738676315,0.6311888736973199,0.7305609815585863,7.784834159470915,2.7901315666955413,1.4804366466695826,0.5391237414238187,0.8372751844579986,False,False
01139800,0.9456430137071642,-0.8862650230093743,0.3464685300996187,1.6867749722416976,1.2987590123813184,1.1798998110145835,-1.448892789590864,0.7418352496103651,False,True
01142500,1.8733260898232653,0.27317162820621466,0.5790963458408003,2.5506956108615877,1.5970897316248664,1.2055187916184644,0.15567291353298707,0.7653346968444404,False,False
01144000,30.787593343268135,0.6228072104263394,0.7261147513773807,357.5319563505494,18.908515445442813,11.632065884401968,0.593305359507232,0.8502758062871446,False,False
01162500,1.4017285482232438,-0.40412916324605463,0.41595102929070593,2.758893249247186,1.6609916463508136,1.5102494033721208,-0.27766564498221813,0.7844711069606126,False,True
01169000,7.445569594728943,0.6229184007205568,0.7261733803742997,20.904086563404537,4.5720987044687185,2.7572736511385982,0.47457761318974445,0.8649060812877454,False,False
01181000,8.413099747660471,0.6313108694938263,0.7306260988791343,26.095907857676277,5.108415395959522,2.711454978271453,0.4446233479662882,0.8820793663390568,False,False
01333000,3.44805244256021,0.191476707439326,0.552937307533434,9.612586502095763,3.1004171496906285,1.4170133560308524,0.07822474138315372,0.7548272495022508,False,False
01411300,0.18439511503638875,-1.3839236758977713,0.2955149393949304,0.08105712020466774,0.28470532170064494,0.2548920945486489,-0.23950514328234096,0.3380874435021971,False,True
01413500,0.5606476608843115,0.09157680753385877,0.5239927936045253,0.2855408463971132,0.5343602215707239,0.15148066389691187,-0.10501743304788191,0.6014893165906701,False,False
01423000,21.4791491899812,0.5335161654427436,0.681903186680478,215.2141130009863,14.67017767448596,9.204283266195507,0.42233731747626224,0.8588584360379137,False,False
01434025,0.49329044961018337,-0.2900098635546362,0.4366793418294556,0.3139051534555161,0.5602723921946504,0.4371862578879802,-2.439846328204713,0.6490395303870335,False,True
01439500,8.31097388949984,0.5635547185523689,0.6961629606887726,30.146273736432338,5.490562242287427,3.089100306228443,0.4303977455162189,0.8640855447511921,False,False
01440400,0.01145941999381803,-16.097469148015666,0.055256345062461236,0.0022452106955728264,0.04738365430792381,0.04523237846628729,-0.4560048083393966,0.18536687530546586,False,True
01451800,5.505915542791635,0.5486578745687111,0.6890174153133153,13.682484358626503,3.6989842333573826,1.4837565328702023,0.36177260892145746,0.9130174263213502,False,False
01466500,0.12680552141604728,-142.6852511952447,0.006911554507035107,2.3104071501165375,1.5200023520101993,1.5049912769621685,-8.806287480496279,0.3320665170858635,False,True
01484100,0.04503032874455597,-137.73284975896811,0.0071565133161239315,0.2813128317574961,0.5303893209308574,0.5184626975212054,-5.168326640592469,0.15216718109430083,False,True
01485500,4.51060223880193,0.6361125677740289,0.7331983390798767,7.403483599321994,2.72093432469841,1.4866935516439876,0.460902225887481,0.8810458057388506,False,False
01486000,0.28973827937325103,-8.453884081676435,0.09565822542004265,0.7936372184872762,0.8908631873005396,0.8686141127762709,-4.685584457748042,0.5578828059915641,False,True
01487000,2.7631728363366097,0.49837162368805,0.6659437286714265,3.829994916995706,1.9570372804307297,1.2571171378294006,0.3576711259950157,0.8523431301631549,False,False
01491000,7.795501147001034,0.658787744590608,0.745594141394689,20.73541353018859,4.553615435034956,2.4471493016346875,0.4881945859480705,0.891373714731923,False,False
01510000,11.50891651903427,0.5341975813781407,0.6822201869063603,61.69793362707414,7.854803220136972,4.106605074824006,0.3845561071014155,0.8413984202232478,False,False
01516500,1.1714554711988778,-0.9498198269823723,0.339003755704967,2.675753193094239,1.6357729650211972,1.4859567701754421,-1.9359957956538554,0.7505217527644066,False,True
01518862,0.464239666989337,0.22392019170138466,0.5630377617760003,0.1672595316456272,0.40897375422590043,0.10050229403557552,0.1185494991753161,0.8108121245990506,False,False
01532000,18.367043056597183,0.6771054611310947,0.7559181556944177,108.92791428746014,10.436853658428873,4.974457951271817,0.4316025475091555,0.8927118500395951,False,False
01539000,0.5279809471312785,0.22987654458974072,0.5649323480481373,0.21468260292014105,0.46333854029223714,0.11164099829315612,0.1346847395492743,0.6245133591475783,False,False
01542810,0.5535799225814739,-3.1799487774915463,0.19305210204882803,1.2809483570894555,1.1317898908761534,1.0912953252116,-2.1948377934558394,0.48915657423003256,False,True
01543000,19.658447537910348,0.6025480070075044,0.7155880881879927,153.59713491436455,12.393431119523138,7.174476986856302,0.40996486639187535,0.8689839622790964,False,False
01543500,46.88806973831302,0.630782844180621,0.7303443400119911,811.7206250493267,28.490711206449845,16.26856807239717,0.4370774561915036,0.8894077386364999,False,False
01544500,0.12012171778560035,-0.009222065563884607,0.4977050656266568,0.014562294361966063,0.12067433182730312,0.04527036261210567,-0.5490294164446832,0.5545259057306944,False,True
01545600,2.0029351177292956,0.40205842011347337,0.6258051061359904,2.3987915864914724,1.548803275594248,0.8229050722855716,0.25496475801272345,0.9017663264628961,False,False
01547700,3.301186361123184,0.545940562396536,0.687729795728412,4.94826319243387,2.2244691934108394,1.5996632918517417,0.3692519598646431,0.8400801959052173,False,False
01549500,3.0220755511649013,0.5347932821899244,0.6824975533108516,4.248705337669138,2.0612387871542537,1.1539640172147054,0.38516653402941947,0.866761466367112,False,False
01550000,16.1593036841491,0.7182261287753436,0.7801688132748106,73.57766550113628,8.577742447820189,4.499740388921098,0.471141770388694,0.9136695192833327,False,False
01552000,41.44400487280128,0.7194686778616253,0.7809258412594609,481.84215301943965,21.950903239261926,11.503072183471438,0.4771717621455447,0.9125505423369463,False,False
01552500,1.0075936471501887,0.4139186611137152,0.6304846892040104,0.5950161241517394,0.7713728826914642,0.5301257778897955,0.2960813434707692,0.7648172484357555,False,False
01557500,3.5511609916100046,0.5798738863016442,0.7041628136783961,5.298103030713504,2.3017608543707366,1.469014872819892,0.43943454101355506,0.8628253361256364,False,False
01567500,0.0654395384212137,0.06638096685008232,0.5171649548623717,0.00399806777133599,0.06323027574932748,0.024479191129891737,-0.844682035379553,0.5668290558695394,False,False
01568000,0.9722060097751658,0.19684603314422577,0.5545838116884365,0.7591287010201977,0.8712799211620785,0.19985799658786266,0.06428283528069345,0.7304123638033386,False,False
01580000,0.46184510383141486,0.05425558827618371,0.5139421159195612,0.20172813412734333,0.44914155243903153,0.16736604274872663,-0.05121113047278447,0.5970972839568679,False,False
01583500,3.709419725460605,0.5895467578884356,0.7089919538934292,5.647752345255211,2.376500020041071,1.4775776399989127,0.4963409793485266,0.8060497490845403,False,False
01586610,0.07131865657152756,0.20401489164453546,0.5567974897718797,0.004048659472905596,0.06362907725957996,0.016948697919407067,-0.27996039500031955,0.5570373598157615,False,False
01591400,1.7711727237455668,-0.003979617419188175,0.4990070713832127,3.149537087377091,1.7746935192807491,1.5171284477991367,-0.6593998363812572,0.835520891294273,False,True
01594950,0.2770977973226682,-2.911595781827565,0.20359981651989859,0.3003447993071185,0.5480372243808977,0.519023208344553,-2.6112762960160785,0.5597379068007906,False,True
01596500,4.345465356140329,0.6036418943786663,0.7161486698679153,7.484457521135387,2.7357736604359992,1.6940395820387064,0.44475893678927947,0.8822571940914786,False,False
01605500,0.31618322134689775,0.2528816243172043,0.5723710619260057,0.07469079084116491,0.2732961595799782,0.15611707280232537,0.18849684590096571,0.7868205896398803,False,False
01606500,14.067734759082748,0.448663431222893,0.6446054454761442,109.11014720163023,10.445580271178343,7.6533928381478225,0.4357026368736566,0.885053253954017,False,False
01613050,0.32300200960626335,-2.06619987068784,0.24592986862469196,0.3198975468793588,0.5655948610793408,0.5366965286118072,-3.244006736488827,0.6090324374307712,False,True
01620500,0.35836170076010965,-22.105856592492927,0.041483694892278634,2.967325929819349,1.7225927928037283,1.6779337018327025,-3.641909402725335,0.23419598084417587,False,True
01632000,18.00309708989456,0.8062164022807763,0.8376727590415417,62.80749346779434,7.925117883526676,3.5750841419177077,0.630950236262823,0.9191954807696308,False,False
01632900,0.34029276971255673,0.22302959285531954,0.5627555731819118,0.0899725275771279,0.2999542091338741,0.11164349048748334,0.12466481158869491,0.7290778230235734,False,False
01634500,0.5301823296224751,0.23998777364498824,0.5681778711679757,0.21363434675588489,0.46220595707529005,0.18568721901558954,0.057789299193991006,0.7332911243902465,False,False
01638480,7.096634428680333,0.687311401220329,0.7617952962565843,15.747692070252397,3.968336184127095,2.051890613427223,0.6468744107341429,0.8442231819297813,False,False
01639500,0.46631702177933304,0.10173329496146011,0.5267963649921876,0.1953295006194008,0.4419609718282835,0.047727242713991605,-0.1997107954316204,0.8301906088134051,False,False
01644000,0.059675161988807485,0.042714948512521,0.5109117853018034,0.0034090116891461134,0.05838674240909587,0.026812045585966424,-1.368174155614426,0.5646596705180779,False,False
01658500,0.48041244499408026,-14.99739769932012,0.0588325352909757,3.692137275990066,1.9214935014175993,1.8828241598203854,-7.60611311386698,0.418448946271328,False,True
01664000,35.30975352465089,0.6084409046000527,0.718618421097374,488.1875375754457,22.094966340219795,11.731740531998843,0.40180916197203553,0.8868135770066637,False,False
01666500,0.9392471645718898,0.15539225519301192,0.5421206773175702,0.7451004828120221,0.8631920312491433,0.2048397183148773,0.03274860072578334,0.5672860619048661,False,False
01667500,27.433811300795803,0.6426973459320657,0.7367553559281179,268.91098057753584,16.39850543731153,8.365704241248517,0.41112309886932497,0.8925924508229782,False,False
01669000,1.8807818392076556,0.06728871396109515,0.5174078545634727,3.2993172452674173,1.8164022806821778,1.602491368864606,-0.19194715148096075,0.8597413661465957,False,False
01669520,4.947379120792305,0.6330078087469752,0.7315330741453402,8.982706449235403,2.997116355638433,1.9313771872416743,0.46969903522169143,0.8997899464361644,False,False
02013000,9.980111636731658,0.5995111893417323,0.7140364081380792,39.8897381389462,6.315832339363213,2.7628647378483944,0.4553672534918439,0.8379603327008802,False,False
02015700,4.160355243318835,0.4599452724992361,0.6493275739770774,9.347567359327746,3.057379165122924,1.4665864282546923,0.3366462791113064,0.8001947795166526,False,False
02017500,7.465936447432294,0.6185922217141044,0.7238992104422916,21.25974852721537,4.6108294836412425,2.102816978966099,0.48598436240973375,0.8382104356389307,False,False
02018000,20.1523309563945,0.7026125085779731,0.7707797451507186,120.77395020188597,10.98972020580533,6.173486344790067,0.48790619799251966,0.911246710468206,False,False
02027000,7.86452019102809,0.6879186191031474,0.7621478473511039,19.302444948180778,4.393454785038851,2.1297651146006267,0.5275261422763924,0.8885155167131243,False,False
02027500,3.9791810512528207,0.6165729936623979,0.7228426186700933,6.071137912096707,2.46396792026534,1.4779848083251772,0.4785673702340777,0.8701573733258257,False,False
02028500,0.011954534419572836,-8.913844738936055,0.09162673869020843,0.001416796406575958,0.03764035608991974,0.03579431110476031,-0.6411047472232165,0.3583083055349845,False,True
02038850,0.7130920701605484,-7.396737404402865,0.10641991544123043,4.269743493575557,2.0663357649655,2.011133486073932,-8.766686897843151,0.519651648523089,False,True
02046000,4.579460588232451,0.4906578139797845,0.6625402836163796,10.681648913288575,3.2682791975730248,2.2625119838322827,0.31811301300427475,0.9008367600236851,False,False
02051000,9.527548887151367,0.6603746456852598,0.7464773615840758,30.829215693209008,5.552406297562257,2.4745359433320218,-0.3171311468414837,0.9181820305921706,False,False
02051500,0.6632401942654953,0.17740454700967911,0.5486681086355758,0.3618495028080329,0.6015392778597528,0.2830297372009967,0.023303202751340346,0.7183007342532022,False,False
02053200,0.12727912681930084,0.22987865686640785,0.5649330221789938,0.012475947371257415,0.11169578045413092,0.0338046014437537,-0.22219753600643388,0.7530614782393809,False,False
02053800,0.08650568730584465,0.35461117484486127,0.6077590808395779,0.004829595558481693,0.06949529162815056,0.040103110071424086,0.4604082700887909,0.6138151793389182,False,False
02055100,1.0621183007702375,-3.1967397103973623,0.19242834079206483,4.734322278962519,2.1758497831795554,2.1203060415586767,-3.2272020227075258,0.788895426484414,False,True
02056900,0.05505391689532778,-0.6495712575698327,0.37741955312316927,0.00499974122319583,0.07070884826664786,0.05094516153428155,-1.092048832880335,0.5930064231343318,False,True
02059500,14.929774215376833,0.7786582463642244,0.8187716476761152,49.336669200936846,7.024006634459911,2.6876595111751667,0.576003998066159,0.9186965425684566,False,False
02064000,0.28803161810233724,0.11837468085146807,0.5314554336739672,0.07314158753688937,0.27044701428725254,0.052104085058571926,-0.185133335859891,0.6405474304026195,False,False
02065500,0.15410849998056642,0.11020639310806868,0.5291583146186319,0.0211320907733473,0.14536880949277703,0.026704013423070928,-0.18496737186082224,0.47413255533554116,False,False
02069700,5.157641214686061,0.6010468946916874,0.7148202439420669,10.612656438849735,3.257707236516157,1.7810009604036916,0.45826004804895626,0.8636879714173341,False,False
02070000,7.746986538237347,0.7327366515128984,0.7891019662123355,16.040023783353153,4.004999848109005,1.9597700229023842,0.6525298241775342,0.8759102510653618,False,False
02074500,0.02933944501014545,-0.97445840904246,0.3361956573203257,0.0016996197880299454,0.04122644525095446,0.03338332549184134,-2.8289006056517323,0.5402285051463512,False,True
02077200,0.44409185106144705,0.21308389707409836,0.5596233636053741,0.15519368332775002,0.39394629497908723,0.1868327219939213,-1.0897652798255768,0.6776582395811539,False,False
02082950,11.588617451715011,0.6928408826005034,0.765017805934316,41.25025755269898,6.42263633975169,3.266851017860951,0.4685872229513024,0.9446481440143569,False,False
02092500,0.06332915318777607,-0.3469605370398332,0.42608300575061087,0.005402095204345006,0.0734989469607899,0.053049249615804706,-0.7716510328433841,0.6600480890574009,False,True
02096846,0.7825550027481155,-1.5898428312665658,0.27856372743961627,1.5859998917973706,1.2593648763552883,1.2159310889090291,-6.736266914060231,0.8529441579722118,False,True
02102908,17.237600057191994,0.8006429578413943,0.8337800711956446,59.23592596089685,7.696487897794477,2.185525959870733,0.5230749394978466,0.9739351772728354,False,False
02108000,0.021899176343657303,-2.231824928790764,0.23630467158426333,0.0015498989644960124,0.03936875619696427,0.037237747963872275,-2.090778133936106,0.767996010693421,False,True
02111180,8.88777938165208,0.6762853102166222,0.7554498017723495,25.571072234971535,5.056784772458833,2.7959382167305353,0.603835515983568,0.8688228782842567,False,False
02111500,0.07921667985645335,-0.3416116840488106,0.42705629067879003,0.00841899214491641,0.09175506604496785,0.06374544356391984,-0.3522262799396678,0.6659551170218797,False,True
02118500,13.34289179315381,0.8280034085161814,0.8532448023026581,30.621028133907487,5.533627032418022,2.609364416758033,0.6901725676353041,0.9237466408123275,False,False
02128000,0.07263169332665577,0.12615347475166805,0.5336616347848845,0.0046098575181774265,0.06789593152890257,0.0280391649169042,-9.585230750065618,0.7070786985878622,False,False
02137727,0.01322786137965635,-8.61540092517589,0.09420275381482406,0.001682467437283011,0.04101789167281774,0.038431773543038054,-0.7781092711706528,0.43978402512066084,False,True
02140991,0.01489550578448907,-3.9616186875948847,0.16773967816506447,0.001100864567254361,0.033179279185274066,0.03061680341323061,-1.7572623388382915,0.4869198942904504,False,True
02143000,8.192951971730293,0.7547598198814183,0.8030579288766381,16.46161515395999,4.057291603269352,1.944956677780984,0.5956251590745714,0.9135423697499984,False,False
02143040,2.8598237186340376,0.5140930080359277,0.6729896321964269,3.974034892256816,1.9934981545656911,1.4801934232744909,0.16880084552294372,0.9079469495569104,False,False
02149000,0.08421614883156542,-0.07470940076500732,0.48199521322420874,0.007622225669011814,0.08730535876457879,0.049052743082549866,-0.7290896706494148,0.6931720041850221,False,True
02152100,0.30269266852781135,0.2379735072750767,0.5675283567692156,0.06981904024333507,0.2642329280073456,0.08119311836292775,0.13161995828469453,0.6305095821560318,False,False
02177000,0.05351513734874234,-1.2883968269497363,0.30409955143022804,0.006553670850207444,0.08095474569293294,0.0717447511395471,0.05348893883598671,0.6306441467732402,False,True
02193340,2.86329982329784,0.3487871074748232,0.6056154264098035,5.338959703002649,2.3106189004253057,1.9060932944241997,-1.8995360649698765,0.8704367972296856,False,False
02196000,0.04220425690693713,-0.3668639784227252,0.4224999869516788,0.0024346571630198765,0.049342245216648546,0.03134244901460061,-5.209277185920738,0.4085946072810961,False,True
02198100,0.09658467453735071,-0.15180358621611867,0.46472643061185237,0.010744714192022106,0.1036567132028703,0.07864646055817814,-0.8363869952758332,0.5198001716559425,False,True
02202600,12.889609551966688,0.6751589256830965,0.7548075156981424,53.96975694439061,7.346411160858791,2.993982417303312,0.44227970247868265,0.9108830805386999,False,False
02212600,0.02924020546115091,-0.2540142897783051,0.4436529105138706,0.0010721691953365982,0.032743994798078595,0.022946385001185537,-1.8360526220812483,0.5126265014729964,False,True
02215100,2.9250885698600135,0.6455535703073767,0.7383090080771515,3.03269438845281,1.7414632894358728,0.799649604108713,0.4887123825511547,0.8945764078597012,False,False
02216180,2.081755185472281,-0.2646410121614118,0.44157108991220784,5.480580637818337,2.341063996950604,2.175561376504361,-1.2852671312978243,0.8621289811411387,False,True
02221525,0.0790115025023723,0.28833391258707364,0.5842260983924943,0.00444280152435856,0.06665434362709274,0.018346336563179695,0.02014612392657067,0.636288570326109,False,False
02231000,0.04999375602488386,-0.70391143243163,0.3698345988724561,0.004258714729451433,0.06525882874716211,0.052235273044218294,-0.7719154294112185,0.628991833697713,False,True
02231342,6.82946433388059,0.8700425218275848,0.8849890542937887,6.061422516052776,2.461995636887437,1.5387006601040516,0.8309908933216781,0.9375203547261508,False,False
02235200,1.6556586296645495,0.3988722668320901,0.6245597895062693,1.6478146471497486,1.2836723285752283,0.9939203761131589,0.26958545984365634,0.8617793247838074,False,False
02245500,1.0011917014205238,0.15685802060349885,0.5425518007719782,0.845152723775602,0.9193218825719325,0.13408890502253087,-0.05678194780994894,0.4510554073522548,False,False
02296500,35.29138003156966,0.5546977327211798,0.6918967904774518,554.6157378222357,23.55028105611981,3.263064129230005,0.5059186084373362,0.7641494197127501,False,False
02297155,1.0910765602918213,0.3434996945954948,0.6036823517251374,0.7815295152327705,0.8840415800361262,0.3454767020425578,0.04426486267437124,0.8829403515440495,False,False
02297310,1.1716834405617056,0.27987458058054415,0.5813529575869537,0.9886184821755825,0.9942929559116782,0.09539601534476182,-0.02789312738114269,0.6106993898081254,False,False
02298123,12.180776636000173,0.932842870123039,0.9370691269385005,9.964191970731244,3.1566108361233325,2.171508065026068,0.814457377764167,0.9720169381694145,False,False
02298608,0.4632650800230963,0.4190886294220121,0.6325465289267898,0.1246720233061397,0.3530892568546085,0.06086991506723932,0.3318086739887435,0.7236593184506712,False,False
02299950,7.483267113985759,0.8831243838075985,0.8953548501749478,6.5449511393110535,2.5583102117044083,1.9200704696919837,0.7624994591927016,0.9461558853598032,False,False
02300700,2.5940512277157555,0.5450118521630991,0.6872908219126583,3.0616615518544834,1.7497604269883587,1.5388753932393968,0.1734347546727648,0.8772899452526948,False,False
02310947,4.119269068916943,0.3759507880989099,0.6157448879454912,10.589102707295947,3.2540901504561837,1.95555209952445,0.23876579718529212,0.8617826251068393,False,False
02312200,24.656179449511914,0.7901976217705649,0.826581281368876,127.54456921308869,11.293563176123321,8.130104935803015,0.61560322906919,0.9439650116841583,False,False
02314500,29.358714572618766,0.516872274498188,0.6742507626318245,416.4242715833675,20.40647621671531,10.963965256123423,0.34716897127667845,0.8580936278543434,False,False
02315500,53.17493340165551,0.47896475144990547,0.6574469598605528,1473.2654833905804,38.3831406139542,23.835186058204403,0.3406301857539079,0.8822759150352651,False,False
02324400,4.984335843159949,0.7133703111975771,0.7772244094031331,7.1209144251820335,2.6685041549868407,1.756608294751733,0.5179576288752107,0.9324067283811679,False,False
02327100,8.297275241214125,0.5733741176504363,0.7009546177257505,29.37096348895229,5.419498453635012,2.600565491666047,0.36606023736252535,0.9009746818004956,False,False
02349900,2.3068768419393444,0.31584473134071933,0.5937694811215822,3.6408559327285395,1.9081027049738541,1.6236830932178494,-0.020533601300127158,0.884035660254474,False,False
02350900,17.98008581547145,0.6076995857887315,0.718235798677468,126.82424543867565,11.261627122164702,7.1569121433101355,0.46586945816609027,0.9033263340602704,False,False
02361000,1.4237367822225555,-0.2032917884114931,0.4538663490962174,2.439104252159905,1.5617631869652662,0.9061860275712832,-0.07374364957962198,0.6045679490036965,False,True
02363000,27.45230674226697,0.7524405307510148,0.8015649952158089,186.56803126349487,13.65899085816719,6.804589923068295,0.5571046017032213,0.9082736226337228,False,False
02369800,0.06087923958275849,-0.810276970201391,0.3558368127424599,0.006709396609656513,0.08191090653665428,0.05953859831972362,-0.8349266878309103,0.33813825409898196,False,True
02371500,25.095298880186764,0.6083749505390021,0.7185843632143001,246.63528403681855,15.704626198570233,7.548053913103872,0.42683589060826743,0.867707451753408,False,False
02372250,0.11307840634629684,0.03946384177312068,0.510064553415024,0.012282112650875502,0.11082469332633185,0.040777104939990656,-0.6454262926217125,0.5017353039361752,False,False
02381600,0.5060094410395801,-3.0029784745033945,0.19988093194809559,1.0249448428403043,1.012395596019809,0.9767149901689886,-1.5194850153528265,0.6908324220907214,False,True
02384540,0.4748067420081354,-0.0013726146230004233,0.4996570816915922,0.22575088647665142,0.47513249360220716,0.32991550615795706,-1.1575870548569394,0.5284921385032273,False,True
02395120,0.3785183618158553,0.27513426275998387,0.5797552693000414,0.10385597226665512,0.3222669270444225,0.12810093238619674,0.1569762449097868,0.7843771293705184,False,False
02408540,24.838356155857575,0.8042967440005346,0.836327905759627,120.73793714711458,10.98808159539756,5.4154133304996295,0.6073791648912927,0.9213822391919213,False,False
02415000,0.09226883144795747,0.0973888427329811,0.5255934698903149,0.007684413715770482,0.08766078778889956,0.032236132925147654,-0.9428960674005828,0.5667908858884319,False,False
02422500,0.039671671765276875,-0.3707063205723,0.42181521655478404,0.00215727454735076,0.04644646969739207,0.02977958330503503,-5.330301497786099,0.4189776282442807,False,True
02427250,18.98614836479733,0.7484897140888004,0.7990345834608302,90.6628759789216,9.521705518389108,4.292968566723872,0.5940983872976777,0.8915392675441315,False,False
02430085,0.10477181812511314,0.3011287636419162,0.5886261292784774,0.007671603121660689,0.08758768818538762,0.023671519505440147,0.1087801602103442,0.6562028768733468,False,False
02450250,0.8899935964696954,0.19453076495414823,0.5538726335453753,0.6380030001458,0.7987508999342662,0.1924470128461909,0.07202192512360028,0.703657356661765,False,False
02464000,2.4516280731336177,0.18088126862721943,0.549716729729543,4.9232969237183255,2.2188503608216408,0.688159081080926,0.012349357748695167,0.6873901145381596,False,False
02464146,0.05282175647516257,0.2358778368784139,0.566854167418041,0.002132006251203231,0.04617365321482838,0.027585488840966264,-1.4737790848208205,0.6730617766967463,False,False
02464360,0.28139536954034655,0.34240613748677895,0.6032840870222659,0.052070487602788526,0.22818958697273747,0.09281320655894588,0.21360339149880347,0.8284714820474424,False,False
02465493,0.050770107179534125,0.08025134196810635,0.5209015231322988,0.0023707476203718492,0.048690323683169834,0.03515459570250118,0.006864161241778244,0.501562188642199,False,False
02469800,16.62105941475623,0.7963732123408492,0.8308223198860752,56.25385818005161,7.500257207593058,3.5828058067340396,0.6127267731698851,0.9199625322074939,False,False
02472000,0.9560012335064874,0.016933811501244622,0.5042696032032254,0.8984618985799063,0.947872300776801,0.31055769210934653,-0.17460165562838803,0.3694987538814644,False,False
02472500,22.36701948182192,0.5363173765033055,0.6832082201065074,231.97279382500065,15.230653099095937,7.58930758578115,0.33934676129669683,0.8602517415349676,False,False
02479155,0.10664592167459605,0.020210529760836815,0.5051042118529895,0.011143491128422734,0.10556273551032454,0.05078175678317175,-0.4648480966273987,0.5420265461272954,False,False
02479300,44.50927247678218,0.7420678428770424,0.7949554308931258,510.98303494394946,22.604933862852807,10.595795559341752,0.6038596318932752,0.8938903559869261,False,False
02479560,46.08370062371652,0.6779718327179888,0.7564135354664367,683.8936222098029,26.15135985393117,11.889370454407807,0.53794595773866,0.8738905797201338,False,False
02481000,8.04389431622841,0.7596830767781648,0.8062455500505546,15.549522859823231,3.943288330799972,1.652247956267769,0.6637109740795262,0.8863582985948453,False,False
02481510,1.6423747713969983,0.10367963552786497,0.5273370569314973,2.417729970680308,1.5549051323731322,0.2881520150973519,-0.0729903290151459,0.4505734529642531,False,False
03010655,3.001755599866981,0.17119829851760582,0.5468061404303254,7.467948132758134,2.7327546784806964,1.3100751260582406,0.0512000670350905,0.8371809300937973,False,False
03011800,2.475216028278965,0.3548174271590572,0.6078352740347686,3.952836447388425,1.9881741491600842,1.2896687905863606,0.22597104371807597,0.8630237627696542,False,False
03015500,0.14220673894898878,-0.305576305510201,0.43373103618824277,0.0264023518523316,0.16248800525679302,0.09131643890603597,-0.5157419035174775,0.40574237955033265,False,True
03021350,9.958549297368481,0.3320880999190029,0.5995520506517389,66.23862923702379,8.138711767658553,4.044839736376051,0.15102299522904805,0.842855575094342,False,False
03026500,0.6888062822137297,-0.6288943355822643,0.38038805381598334,0.7728355868898275,0.8791106795448611,0.7867675735664952,-0.9260818229893573,0.6908059570919188,False,True
03028000,0.24934899433076152,0.14692370644231234,0.5396431887216678,0.05303995113653914,0.23030404064310106,0.07717133096909815,-0.021955222737443325,0.7487571052255504,False,False
03049000,11.818763877489621,0.49196936328745733,0.6631165015188069,70.96333466608178,8.42397380492614,4.000435516139458,0.27699333617756783,0.8500744165777946,False,False
03049800,0.5734911304997501,0.18577414545723314,0.5511992883885047,0.2677924322537882,0.5174866493483559,0.15659496112149676,0.06056574528369907,0.7800412580031527,False,False
03050000,0.1815647182732896,-0.09209827182604102,0.47798901871238225,0.03600183524259845,0.1897414958373588,0.0926041705537077,-0.33246490293171993,0.5555644654853187,False,True
03066000,0.056408066289040666,-0.05569269563206203,0.4864540318330659,0.003359076856715528,0.05795754357040615,0.029937918456261953,-1.3588542277219875,0.44887353361203053,False,True
03069500,68.01034192315502,0.6419778154228486,0.7363649956214603,1655.9981785343596,40.693957518707364,21.40697080406836,0.4490056156344032,0.8936994704866279,False,False
03070500,16.900208589329544,0.47026574034492474,0.6537083115504521,151.30113671882967,12.300452703816623,6.993917241850965,0.29327307183172213,0.8478282673406025,False,False
03076600,23.988267895058858,0.5781454649191057,0.7033068259286499,242.7507066711955,15.580459129024263,10.18294702478946,0.42375194057489596,0.8871629528672609,False,False
03078000,6.037966969408373,0.5694456535258317,0.6990297170216994,15.696739237599507,3.9619110587694304,1.987944827285138,0.38692436977144307,0.8745669417284365,False,False
03140000,0.5233860999533384,0.373999027532132,0.615005782242705,0.17148233041590294,0.4141042506614765,0.2177071592127062,0.2213886171382735,0.7654496564143314,False,False
03144000,10.055194972173254,0.593711052613696,0.711091416780724,41.078634634701025,6.409261629446954,2.8760613003046154,0.37292084750048493,0.8794510458420739,False,False
03159540,0.012383746324237641,-5.652859302283693,0.13067011433250703,0.001020263695118456,0.031941566885775284,0.02969297760265212,-0.9194373874317414,0.5048438417862356,False,True
03161000,17.23952940504315,0.6436251460904266,0.737259318187469,105.91509627923038,10.291506025807417,7.758256797005424,0.5025522610377717,0.9225438272195963,False,False
03164000,0.7219621279737839,0.01938440498122107,0.5048935303321787,0.5111255941133462,0.7149304820144028,0.11990104974904357,-0.30771517437718,0.2605369817115127,False,False
03165000,0.7060560475818328,0.2749192142206661,0.5796829970187358,0.3614637511212702,0.601218555203738,0.14216066620018694,0.06005369836551744,0.8607474771623009,False,False
03170000,0.0756140933212507,-0.2252429671573113,0.4493891295283919,0.007005315770835299,0.08369776443152648,0.045738688636360485,-1.387253094628166,0.5018539228670097,False,True
03173000,0.027298534140496388,-4.318187771599529,0.1582732321592331,0.003963166529624488,0.06295368559206434,0.05831903946222599,-4.897002600003349,0.5995628873872764,False,True
03180500,11.23009733690412,0.6458298672455938,0.7384596483205417,44.66619682049148,6.683277401132732,3.4771613417491185,0.44338026038171796,0.8938899404111391,False,False
03182500,47.25223037354031,0.5475261347329965,0.6884805461309786,1010.2715541281505,31.7847692162166,14.510571858528413,0.26467169339147256,0.8971358811040437,False,False
03186500,16.987484441377,0.71910385976603,0.7807034220724085,81.05949907522373,9.003304897382057,4.824109419253667,0.49025739604058793,0.9104241208476722,False,False
03187500,10.075397689106733,0.6568976504407669,0.7445448966180207,34.829567913790676,5.90165806479761,3.0407758699788063,0.44979985134179234,0.8850649437487765,False,False
03213700,0.66833779282433,0.030676067563143006,0.5077884768112233,0.4329731604049894,0.6580069607572472,0.18925492198308186,-0.24167500213647508,0.4272679421678201,False,False
03237500,0.27180072375314834,-0.01796927773052115,0.4955476830274815,0.07520312520740625,0.2742318821862372,0.07407330637149646,-0.8465900149094294,0.34521906496759913,False,True
03241500,0.030496990297004353,-0.19381644675441967,0.45582664925291355,0.001110328585398162,0.03332159338024162,0.018197302574256388,-21.43931398830589,0.3140204429434955,False,True
03280700,0.05383633574721751,-0.4280197795240328,0.41185825932440756,0.004138902622673405,0.06433430362313254,0.04282106866093011,-1.8752580081376435,0.6034618589835663,False,True
03281100,20.627623157148737,0.5404101613895325,0.6851239804135675,195.554941877861,13.984096033632671,5.356015421226834,0.2807665993549543,0.8461057483903953,False,False
03281500,74.41530053441197,0.4580015471582727,0.6485090812880611,3001.390661264931,54.784949222071305,23.066555038354718,0.15162377981865804,0.8819998238548374,False,False
03285000,2.1095455142523005,0.05035440788004564,0.5129137336764096,4.2260959832004,2.0557470620678022,0.3963976895549753,-0.20374195483878976,0.4953658668601829,False,False
03291780,5.541647208895598,0.5388138521622583,0.6843754996444475,14.162959169083607,3.763370719060721,1.264901151356829,0.34719351931165987,0.9129594262713969,False,False
03300400,43.163671000948504,0.5941225737899103,0.7112995637861271,756.1912451432028,27.4989317091265,12.610421012489939,0.3455436792240675,0.8674626173419917,False,False
03340800,10.045374186302368,0.30681558682089194,0.5906031216779328,69.94892203172382,8.363547215848298,3.481001595403647,0.07492760069207804,0.8704626025373049,False,False
03346000,28.911012431491635,0.6102029346399961,0.719529508965373,325.81056729046435,18.050223469266644,6.846727365961384,0.32784239379156965,0.8770641590570383,False,False
03357350,0.4606058311665697,0.17425269702743706,0.5477209241234343,0.17518867475988847,0.41855546198788096,0.1472090479410779,0.05130405585737641,0.5701646431592523,False,False
03364500,10.824079690515067,0.40080995399543085,0.6253165485230533,70.20152590997127,8.37863508633544,3.1231125825965096,0.1217568081257101,0.8594471203855537,False,False
03366500,2.0444610132200136,0.05797452132794023,0.5149263029668341,3.9374977224554755,1.9843129094110827,0.44557072941076953,-0.22674403687722156,0.5183925486546974,False,False
03368000,2.581467988967595,0.27800145393787434,0.5807205832355693,4.811381689153974,2.193486195341556,1.5029265414170994,-0.7994168855879435,0.8480790353609288,False,False
03384450,7.502152929463249,0.595429047199634,0.7119611850197016,22.77018316111343,4.7718113082050335,2.233744361120008,0.3427016372783691,0.8426356180179305,False,False
03439000,9.35640968398074,0.6668245714080119,0.7500888319372447,29.166977364457416,5.400646013622575,3.5914894254037195,0.4641427779611017,0.9294440886532901,False,False
03450000,0.9558371184201386,-2.5894732329171597,0.2178899296824922,3.2794310356857275,1.810919941821208,1.7487821376311339,-3.237406212510783,0.7740103622972859,False,True
03455500,4.4791759770286,0.72113515192334,0.7819434567334798,5.594870308465944,2.3653478197647684,1.2926184909570244,0.5824002170158458,0.9040204755235602,False,False
03456500,6.096149215139045,0.5876601206153395,0.7080448655430505,15.323801473889027,3.9145627436393235,2.2409085372443833,0.5103756165144315,0.8543418248421335,False,False
03460000,1.026423901347343,0.2184065354963295,0.5612952785940912,0.8234446878947684,0.9074385311935836,0.29115860418149325,0.11268119065575244,0.7141056933036534,False,False
03463300,9.679003757900817,0.7784921757944152,0.8186603312593239,20.751542690560743,4.555386118712742,1.8743627597062171,0.548027712604708,0.9396530226909154,False,False
03471500,4.687256194165267,0.5893438395123467,0.7088899676688808,9.022268047300006,3.003709048376691,1.6259169505255364,0.4541931054098951,0.8595322634933763,False,False
03473000,17.87345052543212,0.6122253974839985,0.7205781098652652,123.87856513689685,11.130074803742195,6.32439744071408,0.39725647746917336,0.8944586627482539,False,False
03479000,0.03442622137948258,-1.641950130665299,0.27457816942082164,0.0031311460828194557,0.05595664467084723,0.04735755214339274,-2.04387840202147,0.538371174088662,False,True
03488000,17.269355384692282,0.6348647867838759,0.7325281703371335,108.8945066453817,10.435253070500096,4.965798993536448,0.38275198856156034,0.8971996790974371,False,False
03498500,23.835161695354344,0.5332847845492663,0.6817956133990822,265.1478833762635,16.28336216437697,10.20320214204935,0.3262423200968262,0.9142841276869702,False,False
03500000,11.925101054752039,0.34451714355151153,0.6040533709574635,93.21492910056836,9.65478788480453,6.5226305680782,0.26844027636538526,0.911778448652423,False,False
03504000,6.464663187048483,0.6367820147845117,0.7335583970027557,15.179558864092888,3.8960953356011307,2.270421603433875,0.4819576251516451,0.9120900529049585,False,False
03574500,44.75386211387716,0.5511433083558863,0.690199386707621,899.0187366970375,29.98364115141851,13.14017866307601,0.24762421594235262,0.9002152318940592,False,False
03604000,44.71920341363616,0.6476818201989967,0.739470943256233,704.568416432748,26.543707661755697,11.652552497738005,0.38361410266903917,0.8951828264423581,False,False
04024430,27.47070363191839,0.5533760986441669,0.6912646742963119,337.0400635260035,18.358650917918872,8.43384668680558,0.2649740680791709,0.9078110217219827,False,False
04027000,38.91504378795609,0.5978029557943878,0.7131665297201727,609.0794144022805,24.679534323043466,10.14592213350828,0.39712533216469703,0.8414444262541999,False,False
04040500,0.4727954766511856,0.11941686922592254,0.5317499575721412,0.19684164567853865,0.44366839607812797,0.11429535737952932,-0.13810954617349736,0.6839719244982847,False,False
04043050,1.3716006350690084,-0.2736442848063976,0.43982253806476623,2.396092094070444,1.5479315534190923,1.3077201023711325,-0.15777821928707247,0.4357910440293233,False,True
04045500,24.099024083541433,0.2897059068463925,0.5846947633176364,412.51250127409617,20.310403769351712,14.973191907750246,0.4517183447748405,0.8177015271721706,False,False
04056500,33.979780891651124,0.1157339863626472,0.5307106283096505,1020.9960964805907,31.9530295352505,23.553316529623725,0.4456535624270209,0.7753254750418521,False,False
04057510,5.560900103839699,0.3090242211039458,0.5913745261643224,21.367465481763762,4.622495590237352,3.4036238425087735,0.35736430167681776,0.8623303582412356,False,False
04057800,0.1538200389553778,0.2896427296033417,0.5846731658398392,0.016807482346319628,0.12964367453261894,0.05404903922023206,0.20529526603136783,0.6897325249471874,False,False
04059500,0.14069796847239088,0.3027332845961309,0.5891825904109876,0.013803034953936704,0.11748631815635685,0.07335218835349253,0.1967216391812433,0.8213013714055978,False,False
04074950,8.26711250053584,-0.0888818457590832,0.4787250183777666,74.41979209689403,8.626690680492377,7.683963134725609,0.441877562820463,0.8823059363257046,False,True
04115265,0.7770444768429288,-0.15229791435548456,0.4646196947598003,0.6957553132063625,0.8341194837709778,0.7329568956391961,-0.11786373127615324,0.6835447061012032,False,True
04122200,0.40444480950038336,-0.3495308558691841,0.42561688326074804,0.22075032477340262,0.46984074405419823,0.35907576526938734,0.17908045932353822,0.7813838096817396,False,True
04122500,11.134674261923502,-0.7170607975577419,0.3680447639960285,212.88286480840458,14.590505981918673,12.468380798181581,0.2946676263757989,0.7347038831912922,False,True
04124000,10.802079173300712,-1.3142405706081117,0.3017282477525509,270.0369630357493,16.432801436022686,15.086187688713897,0.39920695691691954,0.8030500419304085,False,True
04127997,3.046290329403169,-0.9916151992605282,0.33426758904259524,18.481959557340314,4.29906496314493,3.8025842111985884,0.297059075113676,0.801370510231476,False,True
04185000,14.849871601107433,0.5329764235759893,0.6816523033921387,102.9874256699559,10.148272053406723,6.15072537299196,0.3760792112167536,0.8505928675933286,False,False
04196800,13.390875709233377,0.6293896656488783,0.7296019699672139,66.45619677748522,8.152067024840093,4.2982286056146854,0.48477662232458707,0.8333429127938294,False,False
04197100,6.823615931282599,0.43890398761011606,0.6405755905231599,26.12560348925846,5.111321109973278,3.4758863383581278,0.3178915735611567,0.8319543595777945,False,False
04213000,14.988123202727628,0.5863050156974388,0.7073661653354062,92.9340286793583,9.640229700549583,4.620837374206023,0.4053521317619049,0.8420018465844616,False,False
04213075,3.7196949169704348,0.42938910085419013,0.6366949322355133,7.895046737107859,2.809812580423801,1.7928658077608775,0.325529619534518,0.8467328919828377,False,False
04216418,7.05473705507735,0.4969000910171142,0.6652917707091591,25.038937804521776,5.003892265479122,2.4584296118346365,0.3434690380891914,0.8567074050540733,False,False
04221000,0.2823462819443895,0.0012858921151054359,0.5003216798515687,0.07961691235045702,0.28216469011989614,0.12210980201795879,-0.13811465663907274,0.6987886917553574,False,False
04224775,4.783012536366487,0.49340827480842964,0.6637498290207622,11.589404735890296,3.404321479515455,1.7412318476829838,0.340419572035936,0.874949410713976,False,False
04256000,6.342262726623552,0.433772497263339,0.6384768485119213,22.776102952863965,4.772431555597625,3.1623071456598906,0.3712379288650407,0.837660752806908,False,False
04296000,4.482061494360193,0.3675655205925962,0.6125820133148705,12.704897353800385,3.5643929853202754,2.2684019610833337,0.3391643405066572,0.7936141482864784,False,False
05056000,9.611675234572544,0.24714375785820297,0.5704974406675303,69.55209754439933,8.33979001800401,3.8533583075965416,0.0821488241562901,0.757129646516529,False,False
05057000,18.92141221357965,0.46056647804048856,0.6495895962607867,193.12790330684095,13.897046567772627,6.100841326711387,0.18282520498286225,0.8575580043956921,False,False
05057200,0.30716520779279144,0.1434278291409461,0.5386270545773022,0.08081798252244238,0.2842850374579049,0.10301120297297357,-0.09128201472580755,0.7433570216102208,False,False
05062500,0.030254986849222277,-0.5312891945133498,0.395055611254349,0.0014016873532893793,0.03743911528454404,0.025391831192012587,-5.425274670852001,0.35695302814356156,False,True
05087500,0.2578512896547803,0.2775540798508026,0.5805697515968342,0.04803346965152524,0.21916539337113705,0.1556343543806576,0.019943610755932095,0.7103544977414258,False,False
05120500,0.01861143057456143,-4.0752287917860155,0.16460285435703184,0.001757984891383405,0.04192833041492834,0.037622284789802445,-17.713625413652093,0.09670701644481575,False,True
05123400,1.1520655025648376,-0.27461586675326033,0.4396346717775162,1.6917401830624486,1.3006691289726409,0.8315298751419896,0.004332477932424306,0.642237675726128,False,True
05129115,10.71110921180738,-0.5611618199186053,0.39044780076870755,179.10875556733606,13.383151929472222,12.32551953427208,0.42975502500080065,0.8706745207770983,False,True
05131500,0.015109445779620324,-4.07152387257749,0.16470329706131565,0.0011578053264862688,0.034026538561632576,0.024115722712856547,-4.333427083240419,0.22832182298221426,False,True
05362000,9.70630229513701,-0.5954474585716145,0.38529001875859303,150.3107813731941,12.260129745365425,10.588261328041476,0.23638272083414869,0.8148241701494641,False,True
05393500,3.144974447028743,0.3930257585060849,0.6222875103899334,6.003499839497946,2.450204040380708,1.4319984580182472,0.25927815549130084,0.8836259622937452,False,False
05399500,0.3684130875497744,0.06031506308680934,0.5155476443465078,0.1275417479466515,0.35712987546080693,0.07967760278198532,-0.24471990923078435,0.43046186774645606,False,False
05408000,0.7938140155735687,0.06436457720798172,0.5166262139166529,0.5895819521426102,0.7678424005892162,0.18738527105658445,-0.10171040072114201,0.4728313343300931,False,False
05412500,72.72264344521133,0.536635170266472,0.6833565900187005,2450.5433009313524,49.50296254701684,30.40576375519931,0.3048405307191828,0.9229296379287382,False,False
05413500,2.8915462325661467,0.10945163206419961,0.5289470594671176,7.445910183444914,2.7287195135163516,0.6284777905121115,-0.051742637409272874,0.6505473402943872,False,False
05414000,0.15742225010881272,-0.053200515848569996,0.4870444909209019,0.026100167501879445,0.16155546261850587,0.06498779645803729,-0.7606968576944804,0.5936982815823778,False,True
05444000,6.50232130801602,0.7594675746943716,0.8061054911592748,10.169754813275445,3.189005301543954,1.81618178155247,0.6823027127065182,0.8889355884760516,False,False
05454000,0.07126168068619985,-0.016927718963823724,0.4958035880996965,0.005164189935984482,0.07186229843238026,0.032105527886165004,-2.1257256039593027,0.5118278833446867,False,True
05458000,17.727470275347862,0.6984036039189176,0.7682873147243299,94.78064925368383,9.735535386083491,5.424244393788498,0.3848547435795455,0.9610658782801911,False,False
05466500,0.02724296591339867,-2.2724578833202833,0.23405731017361447,0.0024287501469067124,0.049282351272100566,0.04421048858590135,-2.0569706347505226,0.6443977210416731,False,True
05487980,15.734602952632676,0.780563226324922,0.8200507165174703,54.3276583218955,7.370729836447372,3.2739702692512176,0.5380395608845128,0.9472897320616271,False,False
05488200,6.354410119000044,0.6894417767688523,0.7630336312220648,12.539883900086616,3.5411698490875323,2.3599549771900876,0.04774559353762975,0.9432475030503455,False,False
05489000,0.05362235329500716,-0.47596436478506243,0.4038830341109573,0.004243924132835754,0.0651454076112488,0.03938181762789139,-20.909874719508892,0.22848775690447154,False,True
05495000,20.019863704310122,0.7400267187086571,0.7936676236301637,104.1959763888737,10.207643037884589,4.490156900554173,0.44628837583872316,0.9595844792571123,False,False
05495500,24.659692679740772,0.8405457957942417,0.8624747716405181,96.96417222518345,9.847038754122147,3.880412442953847,0.7065356514335364,0.9345500963693262,False,False
05501000,0.2245953106449882,-0.013589844577856836,0.49662546853460465,0.05112856682168218,0.22611626837023951,0.05710533456132718,-1.4943055230276365,0.49128048280014014,False,True
05503800,6.590814533089913,0.78364125227666,0.8221258751759718,9.398372204865996,3.0656764677418256,2.0180191742117066,0.4275730067409139,0.9284719733137258,False,False
05507600,0.17431009722757193,-0.03893052362450877,0.49045320005428533,0.031566875414422144,0.1776706937410392,0.05889276594914055,-1.0311559141966669,0.529029860161733,False,True
05508805,17.468821215627912,0.8726172136581412,0.8870101726892677,38.8720947331324,6.234748971140089,3.027204308613738,0.8250042955490204,0.9368066928340198,False,False
05514500,70.12060115003182,0.6554240268837885,0.7437288929701633,1694.245156210379,41.16120936282581,10.597972373400687,0.3966215948301147,0.8929441772622697,False,False
05525500,0.051899691932501386,-0.5343179777539089,0.39458347720291614,0.0041328051846938685,0.06428689745736582,0.039975666163607454,-16.573225779761874,0.24657816383786585,False,True
05556500,10.162722845637122,0.7264490647072364,0.785206129011338,28.252596541477278,5.315317162830199,2.6663746524632272,0.5644883221599146,0.8914591271670742,False,False
05584500,25.810181044457998,0.7409945177439015,0.7942777168912968,172.5405024864306,13.135467349372485,6.499932250583237,0.46453118208673894,0.9229828174047744,False,False
05585000,57.401016591134905,0.6792795867035645,0.757162522765937,1056.7342188115374,32.50744866659851,16.035505669189053,0.3625795265581694,0.925366769678795,False,False
05591550,1.1157833544898226,0.21097117749323557,0.5589624870318258,0.982319181117661,0.9911201648224403,0.37473010947330254,-0.05316480661203404,0.7376920429181258,False,False
05592050,1.5369471853667032,0.10882987062103344,0.5287731571396942,2.105128006440967,1.4509059261168407,0.29913820817985043,-0.07708491956274344,0.7223164742052305,False,False
05592575,7.6211310938092,0.6171005544239165,0.7231183750915624,22.23942742831197,4.715869742509007,2.201808224401345,0.09100614247488448,0.8667251144288431,False,False
05593575,9.463437923396375,0.6471137770462009,0.7391604578666404,31.60331054554315,5.62168218112187,2.5342924527188964,0.5637844075671532,0.831587725477163,False,False
05593900,5.7256979085847375,0.5475856535594303,0.6885087595359403,14.83177845107048,3.851204805131828,2.372086430733049,0.05196908759551089,0.870267089002457,False,False
05595730,10.918688937789323,0.7541868389194116,0.8026885822370218,29.305296438599676,5.413436656930575,2.7011767575672154,0.6425409964464631,0.8905037009497275,False,False
06037500,9.768857585996372,0.6474354146154201,0.7393362289725086,33.645442354371696,5.800469149506072,5.343805935339658,0.5400458708989337,0.9782450712993562,False,False
06188000,38.67969676055132,0.9491571347609641,0.9516170619596198,76.06697372365377,8.721638247694855,7.124745365877868,0.7931899084439034,0.9896572532841217,False,False
06191500,1.783154014962892,0.3752349862047395,0.6154736171134786,1.9865267295512103,1.409441992261906,0.4289584503039924,0.3049482127212686,0.6821344489664953,False,False
06224000,13.926572377279973,0.9756694589020135,0.976247373165398,4.718894289949756,2.172301611183345,1.5899710628992747,0.8737755810565699,0.9912737364029582,False,False
06278300,2.3336770457201865,0.32484261374900625,0.5969588339624626,3.676939906926476,1.917534851554588,1.666741190515585,-0.3027515321909098,0.9268787222654497,False,False
06289000,0.13270972416888255,0.10117593068919661,0.5266417337773476,0.015829973460610283,0.1258172224324249,0.08028432139395483,0.1577622279160108,0.5790053545589224,False,False
06311000,0.682777205238238,-4.625145231350392,0.1509400873610995,2.6223567095955373,1.6193692320145945,1.5470761971250624,-3.2807153446280326,0.37814150487933923,False,True
06332515,1.1227622005442688,-1.2240561621564114,0.31016829413143643,2.8036339864827817,1.6744055621272826,1.5215526660469816,-9.487062863486678,0.7245454053680063,False,True
06339100,1.7987426229266599,-0.5530105102740106,0.39169443132949405,5.024726717275925,2.2415902206415708,2.023104610843431,-3.4384805474894593,0.8644068349565863,False,True
06344600,1.164891214420617,-2.5915157891260225,0.21779300037871505,4.873584716456108,2.2076196947065196,2.1098093065878114,-6.212480335938349,0.6848279556953712,False,True
06350000,0.04398598862252987,-1.1727294055898487,0.3151860345348575,0.004203725577767245,0.06483614406924,0.047702234453270244,-123.5773454247534,0.05456347587232459,False,True
06352000,0.16581338544366367,0.1384998895877464,0.5372011499792696,0.023686151915240157,0.1539030601230533,0.06923413723072773,0.05080549242488985,0.3902342745709105,False,False
06353000,7.555658528847733,0.3744154014984905,0.6151633085856105,35.71335842295298,5.976065463409264,3.0103131002176853,0.16935596299895972,0.9006112463677235,False,False
06404000,1.8136565372147229,-0.07122265732593647,0.48280661495421046,3.5236262853482576,1.877132463452768,1.6985429466903912,-2.6525230357488554,0.8767007844663804,False,True
06406000,3.975258479864199,0.5387830398748357,0.6843610684031086,7.288464023005324,2.699715544831589,2.1022671714011527,-0.7058433858249535,0.9479886739346172,False,False
06408700,0.15957902081390676,-8.23199860405101,0.09773261693019429,0.2350971270279096,0.4848681542727978,0.4713184316078726,-4.256501863474385,0.34746081649918226,False,True
06431500,0.15097750316416694,-0.06916757706332755,0.48328613452335895,0.024370826493722103,0.15611158347067683,0.058652376132333685,-1.0358415183298355,0.525740226443806,False,True
06440200,0.2790914619520673,-0.0045933012118368755,0.49885430595596125,0.07824982575525785,0.2797317031644033,0.06740655193718455,-0.8803788151414782,0.5082671436212699,False,True
06447500,4.504001842851299,0.7060088500039037,0.7728028124481506,5.9639140530522186,2.442112620878124,1.7335208046774635,0.4740665244588419,0.9201208422104534,False,False
06450500,0.06505471962035579,-0.467845746135934,0.4052117121038723,0.0062120942675581705,0.07881683999982599,0.04749839922579939,-5.32999826402253,0.280512461889543,False,True
06453600,12.37985514252529,0.4935647195384609,0.6638187600688837,77.6166829926252,8.810033086920003,3.4563498936786186,0.19061002594700194,0.9703587754753829,False,False
06464500,0.11997704708277139,-0.14005778443671502,0.4672771021756359,0.016410552460041767,0.12810367855780633,0.05126936746533673,-3.640929153159073,0.3624492198160837,False,True
06468170,6.782060910985787,0.26102790673111953,0.5750523564298392,33.990019190259964,5.830095984652393,2.5563638314414465,0.11443034126013829,0.8960573235992898,False,False
06468250,8.052503534761238,0.32895711980749354,0.5984286889662572,43.512308114308354,6.596385988881211,2.6026508092709375,0.2102373140633449,0.6755828675315861,False,False
06470800,0.07468903315640261,-0.11082210009193894,0.4737490667529225,0.006196667403594352,0.07871891388728856,0.04006732920665806,-1.0766505909083652,0.6630381306228038,False,True
06477500,0.1960326498348477,0.2047109957870129,0.5570133820534241,0.030562001927053856,0.1748199128447725,0.03635343960914756,0.008224090561398056,0.6801823605926761,False,False
06479215,0.9146708285713719,-2.5234614467232475,0.22106964141904878,2.9478079157196264,1.7169181447348112,1.5958765410673255,-1.7689979018653155,0.46687143581360396,False,True
06479438,4.245832965445173,0.6122642104297831,0.7205982633839119,6.989750910142015,2.6438137056422897,2.0382927085758653,0.3993466911291703,0.8918248042613071,False,False
06614800,0.17105081623615007,-4.32169128012735,0.15818551645246667,0.1557040749500698,0.3945935566504727,0.3837918792039366,-4.954678041659522,0.4248695175005171,False,True
06622700,2.4835775641255746,0.5469279146532242,0.6881971032850376,2.7946199889872316,1.6717116943382406,1.3056825756515413,0.23883508513614649,0.9503494332545585,False,False
06623800,4.831887787565846,0.8637193333137192,0.8800642564097177,3.18176374876472,1.7837499120573825,1.1992532955713187,0.6970418053294423,0.9673815678340881,False,False
06632400,3.9344443170226358,0.7324997429956477,0.7889544751363047,4.1408644107929415,2.034911401214545,1.602545229712488,0.4505505069050709,0.9644840933452655,False,False
06746095,0.0714613547758494,-0.0030652067753522694,0.4992348709455428,0.005122378395163638,0.07157079289181892,0.042259304146608834,-0.17274804219849504,0.15752994225535455,False,True
06784000,19.256899698310285,0.7900119509628063,0.8264544437407588,77.86948730420605,8.824368946514308,3.574060587537205,0.5076419626050559,0.9748334459153213,False,False
06803510,2.1689307922405057,0.07997271846051779,0.5208259328472655,4.3280482584829505,2.0803961782513807,0.41063264148649153,-0.048690474175877574,0.49226031260642533,False,False
06803530,5.847694649055736,0.7608654433674051,0.8070148594011823,8.17733355308528,2.8596037405705848,1.8564694325362203,0.11874302328623565,0.9199332125983176,False,False
06814000,13.201768487744406,0.8123901499965989,0.8420273711919248,32.69789999437177,5.718207760686189,2.750933037237292,0.6097038334816756,0.9481679932815765,False,False
06847900,0.017131668173072913,-3.4377641720556795,0.1838991115390652,0.0013024573992934183,0.03608957466212948,0.031665072742153466,-119.09702597138775,0.1505452867767232,False,True
06853800,3.0073868651037867,0.35784785362848537,0.6089569728417622,5.807865304561968,2.4099513075085084,1.957863096092435,-0.7384229352333924,0.9004099868630282,False,False
06876700,7.092875026304441,0.730712878134768,0.7878438083658239,13.547532459684685,3.6806972790063415,2.5176674090840403,0.3976390179641276,0.9219205337789872,False,False
06878000,1.2219116175262767,0.044444080332976865,0.5113635411511384,1.4267099668646104,1.194449650200715,0.13015399084508744,-0.1446425222499481,0.3622304075537242,False,False
06879650,0.8999296889073216,-2.6458416689396485,0.21524625057406158,2.952670352264223,1.7183335974903775,1.6438302494039876,-19.294794386515022,0.8061516553471514,False,True
06885500,0.8263672473759608,0.062413823698364346,0.5161060768449269,0.6402614991312673,0.8001634202656775,0.10875115148064865,-0.19097762182668365,0.4713570593068952,False,False
06888500,3.9405796317471644,0.07528560129030826,0.5195576032840974,14.359120381810518,3.7893430013408023,0.5940879680369713,-0.10118690370968708,0.3790980309573203,False,False
06889200,0.30590459645302154,0.03467885700874851,0.5088226947367916,0.09033245715398332,0.30055358449698005,0.04856858562646285,-0.8358072394542753,0.45292981671326094,False,False
06889500,18.60652415682151,0.9019530283840043,0.910707852987655,33.94413033965774,5.826159141291777,2.7221290112970893,0.7952388734994182,0.9633601905795002,False,False
06892000,25.384134280600122,0.853440356125324,0.8721744266356756,94.43633280573258,9.717835808745308,4.0086158196077015,0.5862781809696994,0.9595120350931728,False,False
06903400,0.07231166532582,-0.1965392264757695,0.4552616169775611,0.006256676025671723,0.07909915312866328,0.03937266062938331,-4.99552896770484,0.42269631284655745,False,True
06910800,0.5620555570670053,0.04020664589177836,0.5102578789257283,0.30320491049078585,0.5506404548258199,0.0700233065083153,-0.6060240423763281,0.5300034200225804,False,False
06911900,12.846963559882138,0.8742342722390901,0.8882842809479984,20.756938223155412,4.555978294851218,2.7789871084766213,0.4528344614653088,0.9537826648654917,False,False
06917000,0.1711409277123346,0.07697970929444309,0.5200153138441923,0.027034541717475113,0.1644218407556463,0.04549662107084765,-1.5448515386893837,0.5780092227473731,False,False
06918460,20.539988969120447,0.8270124221805037,0.8525239473199978,72.98192759734586,8.542946072482598,3.804719160711172,0.5897277147809608,0.9398119384957268,False,False
06919500,0.20321649555504503,-0.0209043186964053,0.4948279791123685,0.04216022854561011,0.20532956081775003,0.06250108281382988,-1.1841583183665927,0.4807459474455327,False,True
06921070,7.687201959161399,0.14695358513081003,0.539651889977398,50.40913488597536,7.09993907621575,1.2528528607012799,-0.049154180394268554,0.4986909327634472,False,False
06921200,18.674875107453502,0.7244567382247422,0.7839796814168686,96.09597714252527,9.802855560627489,3.0189344221675087,0.5670336291466045,0.9170448326495412,False,False
07014500,0.06057612274717236,-1.6095197313749106,0.27704516789525563,0.009575545619178682,0.09785471689795379,0.031607333884315005,-1.8715634477810252,0.15747250906346252,False,True
07056000,66.0722201618924,0.6869296671359569,0.7615738281275609,1366.720521549175,36.96918340387268,15.720908907733145,0.4510243082435751,0.8932750271929837,False,False
07057500,0.021972700601643046,-33.255912094553736,0.028364037138454236,0.01653873968845205,0.12860303141237397,0.037660276385716916,-5.384154533593805,0.27381914198672275,False,True
07060710,0.11660587884317544,0.06625786394701139,0.5171320319063462,0.012696027377767267,0.11267664965629422,0.04050927189829269,-0.48931171697995013,0.5899166608864642,False,False
07066000,0.2547161878461065,0.0643037350821194,0.5166099755027547,0.06070828839010897,0.24639052008977327,0.09462190526815513,-0.35045008721166604,0.49638543456291967,False,False
07067000,97.72858814905614,0.35922443807889215,0.6094678780010268,6119.968539098113,78.23022778375449,29.666923431406303,0.29399429411689515,0.695961337114991,False,False
07068000,0.0331135588746778,-7.046520270515057,0.11053974015393056,0.008823072089384135,0.0939312093469691,0.029950034262644986,-1.516813921228907,0.16543507299873364,False,True
07071500,50.38990904811315,0.3642811796325105,0.6113520169532161,1614.1809506688062,40.17687084217493,13.341667038526174,0.2909325460122756,0.6717630441664793,False,False
07083000,1.2648703291290484,-0.013901225584570298,0.4965486823762831,1.6221374779182458,1.273631609971363,1.22599528590108,0.6282911254351563,0.9707259789054831,False,True
07142300,0.37703549228911554,-7.94058170250829,0.10059773461221809,1.2709552086281022,1.1273664925959535,1.0978063266033673,-4.304257126526545,0.2218245966299881,False,True
07145700,16.31748994317848,0.8425296493837632,0.8639530157015255,41.92813083310807,6.47519349773488,2.4798444563572017,0.5691294625683021,0.9468660356663472,False,False
07148400,12.93867833480914,0.7746922748850399,0.816121517479357,37.7186304125765,6.1415495123443,1.9701583069735342,0.5890112069450899,0.9502326411910818,False,False
07149000,11.19111791030746,0.8570550145061421,0.8749327506502051,17.902590093413817,4.231145246078633,1.4313425929022232,0.71432455979011,0.9411426350549789,False,False
07151500,33.82780363584215,0.731421396780533,0.7882838299985088,307.3399474941272,17.531113698054874,3.750258541962334,0.42815561414181447,0.9409361065915561,False,False
07167500,1.821056157447531,0.1762995234587884,0.5483356575618037,2.7315930222170035,1.6527531643342885,0.14860553910217164,-0.01760927267236756,0.5871045715025961,False,False
07180500,0.013615273174857875,-5.279254801316227,0.1373766995790807,0.00116402102587077,0.03411775235666573,0.03244880794912492,-27.29950796208362,0.5643278665650476,False,True
07195800,1.8564632901351101,-0.10849979841303892,0.47427085397525265,3.820395723175389,1.9545832607426548,1.7183193060952238,-2.258738511204828,0.9094677257869587,False,True
07196900,7.522701823776479,0.7928421702817801,0.8283920920542961,11.723277593323902,3.4239272178777256,1.994800263682751,0.12932114064427735,0.9484989570679229,False,False
07197000,33.99131952659865,0.7273523881914339,0.785763467216895,315.01972349159587,17.748794987029285,5.49844035020417,0.46675197045925576,0.9147093314172088,False,False
07208500,0.2274045886948886,-79.2863793221449,0.012302184060098361,4.15183724681776,2.0376057633452453,2.0178725629353664,-55.45218865324181,0.15421756547767637,False,True
07226500,4.2398368143325245,0.49848650214685764,0.6659946789887642,9.015315070729427,3.002551426825097,2.1265157500662033,-4.078650362631244,0.9825655110226759,False,False
07261000,19.498667719927248,0.6863418700329345,0.7612330614701641,119.25220713813829,10.920265891366304,4.044799321547349,0.43039369419380724,0.9025289421077366,False,False
07263295,7.495237573173982,0.7602966424018502,0.8066445846669638,13.466195756030412,3.6696315558963697,2.027228377318674,0.4262094004479353,0.9263587546999448,False,False
07290650,65.22699991435594,0.7146227335947863,0.7779817071113122,1214.1551357103976,34.844728951598945,10.116779421362711,0.5248097530714213,0.8888604774221405,False,False
07291000,30.30047701138105,0.6840789592230246,0.7599240144450898,290.053080693495,17.030944797441364,3.8400624928443046,0.5042953302087424,0.886175130800379,False,False
07295000,37.711019817036764,0.5205259717461526,0.6759158869319607,681.8700920338139,26.11264237938807,3.6378515350195713,0.41797545938337677,0.7738599196486791,False,False
07299670,0.45327173065218684,0.04524174436460382,0.511572209564578,0.19616010737532893,0.44289965835991446,0.03154509856596412,-0.09409467516332248,0.48638691784351135,False,False
07301410,0.10535004140764466,-1.6477051003709757,0.274144968544277,0.02938590250048998,0.171423167922221,0.14764008882930868,-5.226600616310586,0.35286093312938194,False,True
07301500,12.827050979434869,0.7241003165318443,0.7837606772358434,45.394667961118,6.737556527489621,1.9596760266494218,0.4876357977890867,0.9238061173423554,False,False
07315200,0.14520195562316945,0.1894028866219637,0.5523039844763129,0.017090311716946617,0.13072991898164174,0.03543665960371038,-0.20042413006743343,0.5631621556187087,False,False
07315700,22.6810220263457,0.809145963642046,0.8397334765378536,98.18080529507341,9.908622774890233,3.218983310938097,0.5626433473714637,0.9596413140966622,False,False
07335700,7.506796137757505,0.7832147815748243,0.8218377285140347,12.21627808230403,3.495179263257327,1.9866293795272836,0.5379105949793599,0.9091203493536135,False,False
07340300,3.9471468499254936,0.5674740501498081,0.698067633682012,6.738740568076403,2.5959084282918,0.8317893376597707,0.3661888696062984,0.8348582109998999,False,False
07346045,18.4282869413467,0.5014128770860443,0.6672952040689709,169.32106425179592,13.012342765689656,5.971475103653503,0.22888896810951054,0.903361631341706,False,False
07359610,0.05770759209569074,-0.30795998351500864,0.43328307559172075,0.004355724109066097,0.06599790988407207,0.05291871823601527,-0.5718034557200562,0.7439504312725808,False,True
07362100,32.1129417593366,0.7726139900341473,0.8147396107503467,234.48978276972298,15.31305922308547,5.569433519557984,0.5024946013432441,0.9352539681696953,False,False
07362587,6.683669216031367,0.6842625035903009,0.7600300232597585,14.104446791968224,3.75558874105888,1.9153795734820716,0.08807559435389967,0.9174666805885474,False,False
07373000,7.822382048022834,0.7303271451029778,0.7876044574341206,16.50119054649406,4.062165745817625,2.4880995345490033,0.4059041390546121,0.9160450608354314,False,False
07375000,0.7912370317088887,-0.0835357444454099,0.47995336901032026,0.6783540977424664,0.8236225456739673,0.23395757278893992,0.2012268885189772,0.3331318529335485,False,True
07376000,35.50085465653221,0.5743734206402569,0.7014459568010478,536.4217242310897,23.160779870960514,5.177073863495878,0.39022607853100977,0.8194485604841542,False,False
08013000,1.8048215406782055,0.13827089494275524,0.5371350736708024,2.806979836182356,1.6754043798982847,0.23807982478270406,-0.025423130327476784,0.6626164345670282,False,False
08014500,1.6414974376785663,0.2222749714400769,0.5625166906774481,2.095590851540006,1.4476155745017412,0.38284773832968133,0.13371562643561052,0.5742687979290171,False,False
08023080,8.99903968551106,0.5797455210261775,0.7040991701167039,34.03334880806633,5.833810830672034,2.4136903073045466,0.3895396669756719,0.9338944987455085,False,False
08025500,27.606296522487618,0.667154063388023,0.7502742609111646,253.66442047986303,15.92684590494499,3.659691628718208,0.45973289514940596,0.8966720388819497,False,False
08029500,22.22101150926397,0.5199034129806286,0.6756315829454123,237.05890129388663,15.39671722458676,4.017303178874424,0.14439517721845474,0.970427643856083,False,False
08050800,3.023141500003967,0.32082966976876737,0.5955321994417884,6.207198808702551,2.4914250558069275,1.1009671837013775,-0.3315309068724317,0.8344073838938735,False,False
08066200,21.180390501101083,0.7375409183059252,0.7921048804671872,117.74149089910189,10.850875121348595,2.626224717287299,0.5388162332945255,0.9484057669866915,False,False
08066300,0.5607246316697965,0.3309717269212945,0.5991510246590314,0.2103505927018665,0.4586399379708079,0.10537184390526219,0.1960201111708707,0.7601076951641687,False,False
08070000,0.42577744752186214,-0.47279879862103624,0.404400067064758,0.266998443406583,0.516718921084358,0.14011451160811433,0.1830776058386645,0.614816798281022,False,True
08070200,69.80413822274085,0.3975356866455604,0.6240388579429262,2935.578284712978,54.18097714800812,7.0848627808871045,0.2406618888259474,0.7063798756548438,False,False
08079600,0.5870657098041253,-10.533878312344127,0.07978376485553869,3.9751067275574825,1.9937669692211983,1.9520064230182068,-29.527869468864623,0.6576595692319567,False,True
08082700,0.43172349976369406,-0.015204521740888266,0.49622754872350283,0.1892190777734757,0.43499319278981335,0.30663011200953405,-3.2294434102165877,0.7128402836779619,False,True
08086212,18.25306951813841,0.6652883119552109,0.7492254761512531,111.51741498436361,10.560180632184451,2.5865593420121704,0.47372060123127424,0.9065163924064542,False,False
08086290,11.914235749890707,0.8450210677583498,0.8658166587152737,21.999106545601443,4.690320516297521,2.328425916068592,0.15815417978581847,0.9510920999173166,False,False
08101000,0.08882160860936,-0.016657633009322215,0.49586998984441766,0.008020694856184686,0.08955833214271404,0.03209635316211757,-3.9383753425401213,0.4071930769566085,False,True
08103900,1.558863742302717,-0.6019764094263391,0.3843232384341529,3.892892653220773,1.973041472757421,1.827035428049123,-8.53347233608908,0.8824381219063027,False,True
08104900,2.577931661940284,-0.0616320970344999,0.48505259567816367,7.055322031776225,2.6561856169658444,0.937120100114847,0.47955014820154807,0.48386533619118566,False,True
08109700,10.600777067393642,0.7976177566955927,0.8316822753900481,22.743002990305694,4.768962464761669,2.7139153364334128,0.536933608893562,0.9296595772300085,False,False
08150800,12.33772047602782,0.5393586756649186,0.684630773715254,70.11852138172347,8.373680277018192,2.505285984891137,-3.648809229391257,0.9373568457446672,False,False
08155200,5.877002463045521,0.6835973441101947,0.7596459909328146,10.928281307780969,3.3057951097702607,2.1600227979188293,-0.4665216979203872,0.9128587959702511,False,False
08158700,5.494560821113323,0.6431230919622555,0.7369865269843495,10.774184735449484,3.282405327720738,2.0818664484931864,-0.35438795526707545,0.9186858223900493,False,False
08158810,2.0504894896375725,-0.0048707215914882696,0.49878527788873545,4.224986130857168,2.0554771054081744,1.5151247985045488,-5.263476660117495,0.8587653159309463,False,True
08164000,0.030998733347810125,-11.885195091371317,0.07201915374033387,0.012381660597725016,0.11127291043971581,0.03146629420597947,-2.184788000304769,0.24261883249974994,False,True
08164300,19.54706380871531,0.7229757851081673,0.7830705074646549,105.84754609354252,10.288223660746423,2.7361107566858722,0.5325047891373778,0.9414063238407215,False,False
08164600,6.995620073115289,0.6407927906530879,0.7357229958193732,17.579133930555805,4.192747778075352,2.2578030787518366,-0.18892947657566883,0.951551865343648,False,False
08165300,7.587305986236313,0.7231382347374579,0.7831701341565231,15.938159971216532,3.9922625128135714,1.9450260148453569,-1.8433962916187654,0.9749966003350793,False,False
08171300,0.030864131557791784,-0.27247256963176114,0.4400493160461089,0.0012121505198781019,0.034815952089209075,0.016324436941089683,0.04962390395951155,0.32360510303602347,False,True
08175000,0.3435132654145104,-0.3937496129885101,0.4177546367314232,0.16446435473217894,0.4055420505103989,0.0179294490875916,0.155690721234081,0.2192156243632414,False,True
08176900,0.42134494603876027,0.0577570815189955,0.5148686554522661,0.16727785856411478,0.40899615959580204,0.0445967115387412,-0.11294299197789193,0.25198974699444376,False,False
08178880,13.383811677951918,0.14509703310990774,0.5391117583237186,153.13570365828716,12.374801156313064,0.6945533279811842,-0.2822070839698181,0.965961482802573,False,False
08189500,0.6412453464261632,0.15078070719367387,0.5407687470545619,0.34919523180774115,0.5909274336225567,0.14677727057890533,0.02273179459995911,0.7022993537153013,False,False
08190000,33.640056868120205,0.516114522897789,0.6739064539891844,547.5906579980862,23.400655076259856,3.0067411620603863,0.33323598891947415,0.8696193390166407,False,False
08190500,0.04846534180893126,-0.771682179440377,0.3607917269222791,0.004161485414665564,0.06450957614699979,0.040780592611720234,-4.307757738587437,0.3000582980167181,False,True
08194200,0.07386319289921549,-0.06107508952592022,0.4851836816047375,0.0057889829837258246,0.07608536642302398,0.03011412382250128,-22.96907323618064,0.29365204441295917,False,True
08195000,19.186327687836986,0.6410810466464791,0.7358790585209031,132.1235115820182,11.494499187960223,2.689750551163824,0.36469189834261395,0.9447628458871761,False,False
08196000,4.597554814495048,0.6238646910837711,0.72667272870685,7.95056395598648,2.819674441489031,2.391952453665134,-1.457632332154208,0.9501240463204389,False,False
08198500,5.692080394285096,0.5360171834701419,0.6830681266945081,15.032940815123467,3.8772336549560005,2.432326200843665,-0.34781168868881496,0.8798522966963229,False,False
08200000,6.688589832557849,0.42605814389590646,0.6353474851194659,25.676571089190816,5.067205451645988,2.5417600020562783,-4.041247762386249,0.8811765542204797,False,False
08202700,0.06345403085675015,-0.08251447145969992,0.4801887399606249,0.004358651457695275,0.06602008374498834,0.027449268189716432,-0.6796937125287648,0.2891999895600059,False,True
08267500,0.015538872568228003,-4.5954146286939395,0.15162049034027533,0.0013510495718880655,0.036756626231035754,0.03336407617414125,-1.6497263142345466,0.20091372107646271,False,True
08269000,0.5363660649598964,-9.91004624931104,0.0839627302083606,3.138695447436043,1.7716363756245364,1.729951970719999,-6.471891038394286,0.4717695842789243,False,True
08271000,0.4433854759509315,-11.073620739673153,0.07648990435873701,2.373561314706182,1.5406366588868974,1.5099309037362096,-6.61277971057408,0.4239379855181485,False,True
08324000,3.3930641870556415,0.6014822952814052,0.7150427889657762,4.588088336507265,2.1419823380474603,1.782474471821678,0.3749955084937604,0.925993928533142,False,False
08377900,1.448640841473087,0.5534655810824022,0.691307435842607,0.9370793985798032,0.9680286145459767,0.6742847196032165,0.29806529440395935,0.9291546154177334,False,False
08378500,4.463837087855918,0.8299358274345101,0.854653978343251,3.3886717553476715,1.8408345268784132,1.3420423743566432,0.6656209747048369,0.9547873401979807,False,False
09034900,0.018874794432544712,-41.47668196450437,0.023000835271109903,0.015132652023471232,0.12301484472807024,0.11864089856304351,-21.710081749691575,0.06903296879580781,False,True
09035900,1.3221864157622836,0.4414648503600339,0.641628134104648,0.9764182565069623,0.9881387840313537,0.7889611436724507,0.32310527105957965,0.7585580392749466,False,False
09047700,0.2568256301013943,0.24076086667101038,0.5684275554442167,0.0500789609381494,0.22378329012271983,0.11869961314984899,0.15127720429791403,0.6086163604374804,False,False
09065500,1.285074164535583,0.44581603769460876,0.6434244750001504,0.9151880452521542,0.9566546112637279,0.7858303997792829,0.16977833893911087,0.9051709230771033,False,False
09066000,0.16532947270323073,-0.006332336581161835,0.4984219123458001,0.027506921584716792,0.1658521075679076,0.13653641492167207,-0.17772480319950512,0.49212637646243523,False,True
09066200,0.4004769629971288,0.3763563690634576,0.6158986990409864,0.10002108677312568,0.31626110537517205,0.14756463244770976,0.22285650225944298,0.8363023325716952,False,False
09066300,3.8349447065327773,0.7555299040520631,0.8035548650434069,3.5953730276391824,1.896146889784434,1.6300581451083087,0.4658729574219441,0.9668097672809859,False,False
09081600,10.812655481209953,0.9185022768323732,0.924643647950616,9.528185569776275,3.086775918296674,2.045629105974617,0.810348168030109,0.9664526279468908,False,False
09210500,2.542943044598803,0.6040464830533315,0.716356230963387,2.5604569084949595,1.6001427775342298,1.37366034489359,0.37703124356237183,0.9240418294421158,False,False
09223000,4.505801759793708,0.7704121762541419,0.8132806625829833,4.661149279519845,2.15896949480993,1.9569861315480117,0.4651229655451624,0.9540895968510489,False,False
09306242,0.029336874515129573,-5133.362009902224,0.00019472823884114838,4.4188999918497585,2.102117977623939,2.0905843198509118,-158.0376563256915,-0.20681206294045593,False,True
09312600,0.18581487385877182,-130.3995893408775,0.007552893517104411,4.536855610519434,2.1299895799086515,2.115794174347907,-22.920498069779946,0.05474723316242347,False,True
09352900,0.032092987847940325,-0.3447910093714295,0.4264772408301203,0.0013850807718553948,0.03721667330452031,0.017365862882555448,0.3541831327769219,0.6223819379578004,False,True
09378170,0.14332943185219338,-0.15785253901091845,0.4634236964395925,0.02378614220943785,0.15422756630848405,0.10424586261409255,-1.3101466951369982,0.13578383282256204,False,True
09378630,0.10629688516548169,-20.66805447175102,0.0441149460464815,0.24482794975903477,0.49480091931910836,0.4903945698305005,-20.729625608868822,0.24910746816055138,False,True
09386900,0.06576887766446417,-1245.1161604532126,0.0008018499252199502,5.39013186277596,2.321665751734293,2.3104290420196625,-60.81147412001992,0.07858598664825074,False,True
09404450,0.6316102144250614,-9.181593474251912,0.08943269153030119,4.061757980009127,2.015380356163354,1.9915809875506114,-5.810177352241328,0.5091753513498845,False,True
09430500,7.361422358805466,0.6972118135074862,0.7675844856194866,16.408255072681662,4.050710440488392,2.3264905213455314,0.3737696151854696,0.9689851367640054,False,False
09430600,0.9068341640788741,-4.752601661426919,0.14809106921149057,4.730641628153028,2.1750038225605555,2.116879905405706,-6.4533111990941086,0.8228618824793015,False,True
09447800,1.5829362658166288,-1.5462880848713474,0.28198498713797476,6.38020151686994,2.5259060783944323,2.4694794594721152,-13.00241953999559,0.9456414788897398,False,True
09480000,0.9506939597378353,-4.44523772774198,0.15515331508964206,4.921509345522753,2.2184475079484645,2.1810486406817984,-19.497337707753697,0.8934234892716648,False,True
09484000,1.6884387524618707,-0.7617655058001147,0.3620872220685835,5.02248588944996,2.24109033495974,2.163336982345221,-4.743499699302513,0.9013591104570939,False,True
09484600,1.5951559929124361,-1.306665179007513,0.30241949089630765,5.869361774862021,2.4226765724838346,2.3829526882681775,-17.11673337711537,0.930841606391155,False,True
09492400,1.381440987277445,-0.6615773904601887,0.375717047937163,3.1709197333545363,1.7807076496029708,1.6705301459728197,-1.6563574355400577,0.8899912987181626,False,True
09497800,15.030433575731601,0.32090466670645834,0.5955587989387727,153.41709794850692,12.386165586996926,9.528254332360204,0.3512117817391718,0.8894923340645763,False,False
09497980,3.8609353003997193,0.509856750219898,0.6710764217786231,7.306477881884302,2.70304973721985,2.2098704021533764,-0.6458977483974038,0.885679637618779,False,False
09505200,0.1363815783127254,0.07398724942365464,0.5192073623088722,0.017223776880132866,0.13123938768575868,0.014618067667451351,-7.268321925738995,0.5081978883667524,False,False
09505350,5.54213370810935,0.650323266074178,0.7409181582994968,10.740406916492361,3.277256004112642,2.6311425618984625,-1.2685250814638556,0.9394905070944912,False,False
09505800,4.271159057861048,0.5593342518885154,0.6941235337279748,8.038976976368167,2.8353089737043065,2.5185138261781126,-0.4544089916817211,0.9255135397246664,False,False
09510200,3.1884345910417857,0.28282840932105024,0.5823529840745919,7.2908489669486265,2.70015721152466,2.4165325439012015,-4.238415492338432,0.8979903383407477,False,False
09512280,1.0191031633073915,-3.859610592040619,0.1706598048270215,5.04705188335678,2.2465644623194723,2.1947130283939362,-27.73088947836849,0.8215259722131526,False,True
09513780,1.355433055703187,-1.5987255787066723,0.27787614757760576,4.774375432850841,2.185034423722162,2.0477285242023213,-13.491897991098934,0.8474097159642239,False,True
10023000,0.45227126336213436,-17.958076159690894,0.05010502976332403,3.8778611255937174,1.9692285610344265,1.9266908886471794,-5.029588180945175,0.19622815943096197,False,True
10166430,0.2683995309779977,-60.2067909068216,0.016075415327208912,4.409233669066369,2.099817532326647,2.0852345222884634,-10.35600151923714,0.19718910371817935,False,True
10172700,0.04605426605748588,-2022.8958318921673,0.0004938525647838133,4.292673794237799,2.071876877190775,2.0611351323463283,-33.339375726944574,-0.20374596528240216,False,True
10172800,0.18904978064610858,-63.85898824494818,0.015183956307994248,2.3180485368704944,1.522513887250456,1.5110576169771783,-13.961401555073314,0.22411976979210546,False,True
10173450,2.3199732189011097,-0.031950400923209665,0.49213799684561865,5.554241604076207,2.356743856272083,2.242295669672823,-0.6693656770838656,0.9414061380936783,False,True
10205030,0.46180445312708573,-7.87340914974199,0.10128213921187817,1.89237298717603,1.3756354848491041,1.3307919769209382,-3.0801446892730677,0.27313302341047796,False,True
10234500,1.9897273279641285,0.2420883390741636,0.568856798795755,3.000583512747097,1.7322192449996325,1.613829998616108,-0.11461124117124522,0.9160182094277305,False,False
10244950,0.029876464861432365,-3998.8966741692957,0.00024994397042448727,3.570320381503378,1.889529142803407,1.8829355424273615,-75.45702238145957,-0.11658750883637992,False,True
10249300,0.25284443382833405,-60.69426561898494,0.015950422102036427,3.9441333854559333,1.9859842359535318,1.9636242694105428,-11.12958545524558,0.1485645462980476,False,True
10258000,0.6024224473993917,-9.41245364506935,0.08762357606000364,3.7788127606252164,1.9439168605229022,1.9067958711039936,-13.78896817486716,0.6519116616110457,False,True
10258500,1.6710423500911595,-1.0983502654554052,0.32275240509420483,5.859396635245161,2.4206190603325344,2.3833083554321757,-21.532349306012105,0.9479669788744158,False,True
10259000,0.3745239046586294,0.2194573368809244,0.5616265314576874,0.10948527937996849,0.33088559862884404,0.09919230919938116,-0.5761427678967057,0.8248430428812535,False,False
10263500,0.46897026498585187,-16.839750628030558,0.05307925883648156,3.923551827273011,1.9807957560720417,1.9462973722201857,-6.129035874161898,0.5226875289505171,False,True
10310500,0.44255035476825216,-13.713212238680107,0.06364071106596336,2.8815946303643005,1.6975260323082826,1.6682121109762071,-6.007679760142867,0.43131195636228714,False,True
10316500,0.05521256301383604,-0.6423910575545735,0.3784451196733385,0.0050067094325550055,0.07075810506616896,0.04666915417321091,-2.1194683483094687,0.308024399640758,False,True
10329500,2.209379704166388,-0.041876941562090986,0.489745478606058,5.085775049250328,2.255166301905544,2.063034545404677,-0.8705007347973099,0.8639789380255225,False,True
10343500,0.061911892247483065,-0.019968395888167123,0.4950572504181712,0.003909622908532346,0.06252697744599803,0.025772182521858592,-0.5571065326355471,0.37646873222016786,False,True
10348850,0.62565591793217,-1.0475556351341866,0.32813182751164743,0.801506086463491,0.8952687230454837,0.8383451626811576,-1.3078047623389546,0.771252781833273,False,True
10396000,3.3486624002406615,0.6142204413600014,0.7216154934348996,4.325954462143675,2.079892896796293,1.8140243199348822,0.4164793275864498,0.9150216976642163,False,False
11098000,0.06291729872252212,0.3911242630923507,0.6215520422491154,0.0024102872592331407,0.04909467648567552,0.006670847801291112,-0.052071626158864515,0.7142209197651386,False,False
11143000,0.17649695395808288,0.26913413153955923,0.5777455192928805,0.02276733039195891,0.15088847004313785,0.019274158471724874,-0.04084250068774864,0.6977836512254467,False,False
11148900,0.7538236785553482,0.17794284390955384,0.548830203628563,0.4671340926805928,0.683472086248292,0.13032731117400415,0.06387757361648938,0.6226419392411895,False,False
11162500,3.8933352482089285,0.3030018200949516,0.589275823534444,10.565139781290108,3.250406094827246,2.293410120806192,-0.7255244942839467,0.9264631578353247,False,False
11176400,0.016219205048483547,-2.404191776235992,0.22705641597983323,0.0008955155817834205,0.029925166361833656,0.02666312178457532,-32.54205588298203,0.5332897586191584,False,True
11180500,0.6354109801559592,-11.25754909778871,0.07542872310891874,4.948950069302022,2.2246235792380746,2.185215031235424,-33.78541869994514,0.5738154925525469,False,True
11180960,0.43829342881050615,-22.351527505459902,0.04106518573735418,4.485854814917809,2.117983667292505,2.089916550079329,-37.61033153861323,0.44247716540207144,False,True
11224500,0.023676990354093097,-76.6361498564509,0.012716797577519815,0.043522815689786075,0.20862122540572442,0.19917409773096947,-151.27896670572605,0.15466037823987203,False,True
11264500,6.613238783234538,0.7219628291629487,0.7824498557777074,12.159935426586074,3.487109895972032,1.5439306940530966,0.7276273750651248,0.8534147539639382,False,False
11266500,32.6216039665504,0.9421974335105523,0.9453559971202582,61.51170199988189,7.8429396274535925,4.01912019477712,0.8005947592638348,0.9897221491210423,False,False
11274630,1.3381328291075263,-2.5323493942113084,0.22063612334856494,6.325022947249331,2.5149598301462652,2.4176747691112475,-10.600013543725714,0.7805801605777456,False,True
11284400,2.1399378731618475,-0.35558176145771325,0.42452357899951065,6.207661786926722,2.491517968413377,2.1541548653920555,-4.737832980037009,0.8644502584116931,False,True
11299600,1.5649962118801934,-0.48134569378133407,0.40300712734471733,3.628131342831011,1.9047654298708308,1.6518590399101745,-3.7687604831452806,0.8326831208745936,False,True
11381500,13.399060765748962,0.5143418324682989,0.6731023474002891,87.19255625657645,9.337695446767176,3.9451429308983132,0.33268382157935183,0.8475832771203609,False,False
11383500,19.50356228535072,0.6175912483786088,0.7233750501269078,145.46406037141566,12.06084824427435,4.628837827506679,0.39952374874770025,0.8852941893676365,False,False
11451100,8.894049917025805,0.5556582227064348,0.6923569031381331,35.149267016772214,5.9286817267224095,2.6814160694600955,0.37167793008506356,0.9047739849321824,False,False
11468500,13.568487678398906,0.6575328367980968,0.7448971769372081,63.04952594230055,7.940373161401204,3.6161598322569843,0.5368567861687746,0.8674874618848184,False,False
11473900,84.35367154135005,0.5928209614705987,0.7106416259902996,2897.299510478048,53.8265688157628,13.720251554160619,0.38743359394381616,0.853263904832264,False,False
11475560,9.438631465840107,0.48059467471446526,0.6581522279527845,46.27265901234434,6.802400974093216,2.9273684071413326,0.31789858794247183,0.8536332314897064,False,False
11476600,5.660433142661202,0.47994083386224107,0.6578691292266269,16.662957461355248,4.082028596342172,2.446807297701262,0.3345821505155726,0.8619794769545841,False,False
11478500,3.347192262363567,0.10578783927316271,0.5279239679341332,10.018481245151893,3.1651984527280264,1.115658984724992,-0.13177405681346377,0.7627590969021737,False,False
11480390,14.475099076053686,0.5749936806089238,0.7017512739363241,89.05093372865792,9.436680228165937,3.8896622747563434,0.4055443613952877,0.8649994397125518,False,False
11481200,0.15088657663765684,0.17098334251497027,0.5467418767935331,0.01887402245576608,0.13738275894655078,0.03224567278065619,-0.10116842699827933,0.7372127127834699,False,False
11482500,0.25810761058423043,0.08479304955490796,0.5221367851487805,0.06097066480014685,0.2469223861867264,0.1111142555335523,-0.13431533823168307,0.7570062205695778,False,False
11522500,66.03889755642405,0.686000172217188,0.7610351073541295,1369.395949944334,37.005350288091236,15.853894099433937,0.6495477704874548,0.8442875278038233,False,False
11523200,11.752117272227848,0.7399679707878066,0.7936306195527645,35.91361132574521,5.992796619754854,2.9735211566506123,0.7326229789003657,0.8792014356143956,False,False
11528700,2.3205566330703506,0.1506041579615568,0.5407171235433182,4.573982243788748,2.138687037363987,0.5202700415136357,-0.09335000066650001,0.6493115937591889,False,False
11532500,6.266471312206313,0.36564927202652253,0.6118637712726177,24.910104774543083,4.991002381740874,1.8362811760238305,0.17885905851064143,0.7224999934810343,False,False
12010000,0.3700945375051421,-0.05313734956037397,0.48705947520467835,0.1442481876904852,0.37980019443186863,0.17420120816433382,-0.3129912487853115,0.8640838358431634,False,True
12013500,31.72653339658148,0.08596310169059496,0.5224559677419288,920.0447909661527,30.332240124431177,14.499700749269183,-0.0692167971612232,0.769357475084744,False,False
12020000,29.090706933766842,0.10758808325183522,0.5284261799187753,755.2207455456836,27.481279910980923,12.014547144295587,-0.09480149722709386,0.7949822882199172,False,False
12025000,74.85811601754018,0.06609711599170043,0.5170890473710614,5233.346643943788,72.34187337872713,37.75171808066594,-0.07818091994851573,0.7902325219246363,False,False
12025700,0.408810538032755,0.06761179080688906,0.5174943602132414,0.1558263640695299,0.39474848203575136,0.12610032786373282,-0.09477065043008359,0.5806808027529107,False,False
12035000,88.86946411480479,0.2618439766887257,0.575322345398516,5829.795097259875,76.35309487676236,38.33644899152225,0.059559246897743945,0.8284226973132386,False,False
12040500,179.8297180966482,0.25288157854714965,0.5723710469313411,24160.85904960296,155.43763717196347,64.17316228793271,0.051851285489776244,0.7793192011211995,False,False
12041200,80.59319349949558,0.23588964745939978,0.5668579624624052,4963.097577329701,70.44925533552289,34.83214533842026,0.15639376153096007,0.7048900802130327,False,False
12043000,50.80692669111471,0.21754240964934002,0.5610231656638023,2019.792049455233,44.94209662949908,19.642780028009806,-0.002491944931702461,0.7608745589598113,False,False
12048000,11.415587979637133,0.3286129824721681,0.59830547294732,87.49223486616398,9.353728393863271,6.323891211929086,0.5251688600876299,0.7799855602701012,False,False
12054000,12.31923084270614,0.12345950959469731,0.5328955091099665,133.02680762277294,11.533724793958495,6.468681458971807,0.1347680179511851,0.6762416560960666,False,False
12056500,21.21188858171927,0.3423065231849165,0.6032478344074165,295.92537658526123,17.202481698442853,7.30175227542339,0.1809444547089195,0.743174072410449,False,False
12073500,0.6072880698464312,-0.0749816109101753,0.48193198182674857,0.39645192788688294,0.6296442867896785,0.5008378947839698,-0.18277374174806083,0.5949633658496524,False,True
12082500,20.17843186481969,0.29238592879748715,0.5856124149268656,288.11859338043485,16.974056479829294,9.448950480496736,0.4086307166284847,0.6857323196199409,False,False
12092000,15.462763013847585,0.43457444977872817,0.6388039340859427,135.1915754109502,11.627191209013043,6.384613131515218,0.5224802975547509,0.7387260522851505,False,False
12095000,9.234353933690404,0.031901595898142454,0.5081046750080316,82.55293845210626,9.085864760830763,4.4214551724991855,0.06584377971304167,0.4073844649794899,False,False
12114500,0.9134900223887453,0.02384722736833622,0.5060337509575685,0.8145643677642169,0.9025321976329802,0.48234221280363093,-0.055425688275124285,0.7992633063419765,False,False
12115500,1.4306816115163,0.21335406753840946,0.5597079879292189,1.6101461273725852,1.2689153349899218,0.6684396605353138,0.09093182370538933,0.7706108299436006,False,False
12117000,14.770617400455865,0.2312106615995667,0.5653584507154077,167.72764514141687,12.950970818491442,7.356912923920953,0.2824371828942147,0.6854495673696346,False,False
12141300,42.5866725240773,0.5486197616401072,0.6889993218662207,818.6343388520426,28.611786711983623,13.998719241762336,0.527888693824031,0.7856240954364087,False,False
12143600,14.227296099318588,0.38587085526242615,0.6195291146685667,124.30953689407767,11.149418679647727,5.755115231239364,0.35217525687908613,0.7382407173896325,False,False
12144000,15.524958340066672,0.2898388782419944,0.5847402255128005,171.16610960117913,13.08304664828415,7.185314792008613,0.34082368357075177,0.698286963441431,False,False
12145500,6.146940665973012,0.25152380505516236,0.571926574059848,28.281082872776043,5.317996133204315,2.8150855253108804,0.12312988695010352,0.77326792874882,False,False
12147500,11.839575982383888,0.33459270474333136,0.6004537165461873,93.2738398698184,9.65783826069884,4.678950982605943,0.3506219777143973,0.66051564997452,False,False
12147600,2.3935565333172857,0.35986758631792914,0.6097068697977965,3.6673908549701517,1.9150433036801418,1.1044768581767266,0.2474531789413107,0.7721055517308251,False,False
12167000,72.78611193240029,0.29408613291459484,0.5861960672777249,3739.803255193443,61.15393082372909,30.88509148346066,0.16168476264507026,0.7407982775823189,False,False
12175500,17.563717996508668,0.7367696848082085,0.791621280754471,81.20239052876455,9.011236903375949,5.38547001182567,0.7852616082750039,0.8944218199037013,False,False
12186000,32.15187008341165,0.6148585702837144,0.7219479387060331,398.1371606401489,19.953374667964038,12.130113930550907,0.7069623247983814,0.8328070320536413,False,False
12189500,112.53622111658073,0.4885551618184496,0.6616185882133284,6477.142552434554,80.48069676906726,47.30966554803093,0.5525040303246673,0.7918141691371262,False,False
12358500,106.10429778025912,0.7763858677650676,0.8172511036412264,2517.4751832891156,50.17444751354135,31.549759518926983,0.5512842728803333,0.9438622438536242,False,False
12375900,0.7479773820836902,-1.8045005228583628,0.2628465928685664,1.5690343677667018,1.25261102013622,1.1632442499249183,-1.0160159979859187,0.273506402773849,False,True
12377150,2.188988335172819,0.3105691232417387,0.5919153093252533,3.303525202025872,1.8175602333969216,1.5077394484451114,0.12878237041782215,0.8202522188808292,False,False
12381400,1.5947509011827383,0.1225597917821275,0.5326401318256802,2.2315326440321415,1.4938315313421864,0.6383668894870892,-0.002607323627457969,0.7216294409464092,False,False
12411000,25.136059095279766,0.6473348639646189,0.7392812702565607,222.82140355369512,14.927203473983166,8.466584304110253,0.3713666814854769,0.9311909720193338,False,False
12414500,72.47651448387089,0.7578591057133195,0.8050616517011673,1271.9286225895366,35.66410832461028,26.27874856162792,0.550318841343558,0.952046966709865,False,False
12447390,0.046645389878644895,-1.4282435362782198,0.2916945629497556,0.005283353824130479,0.07268668257755666,0.05739127192168877,-1.147020215987351,0.343630612663108,False,True
12451000,44.46925289179187,0.8134280935582123,0.842763927387033,368.9486414665282,19.20803585655046,11.778285605167392,0.794523047019704,0.9325854145675309,False,False
12488500,8.92261586229629,0.6754565518702584,0.7549771216731337,25.83790149573062,5.083099595299173,3.2927795336415504,0.44128311254266517,0.9537030816872657,False,False
13011500,26.39118705348728,-2.227645197564051,0.2365382980994231,2248.0379481740974,47.413478549607575,45.46578014867052,0.37828251334095264,0.8891145951429359,False,True
13011900,23.53915255835935,0.9372562791338682,0.9409606289510739,34.76577515766923,5.896250940866512,5.1070273171638245,0.7208131179232131,0.991594973291646,False,False
13018300,0.05917644309266956,-0.55111009875403,0.39198621826960856,0.005431757097399858,0.07370045520483477,0.047854758613280035,-2.3185123949327124,0.36464822999812896,False,True
13023000,20.88174323847737,0.8924621780423658,0.9029037024057968,46.89156623160279,6.847741688440269,6.150237787611043,0.699974672023127,0.988074106250256,False,False
13083000,0.2975182304902662,-55.029680062576766,0.017534729265581243,4.9595846515394575,2.2270124946976515,2.1929500410884253,-7.046574804723811,-0.1023527551288676,False,True
13161500,0.27924024894310306,0.2669084333071513,0.5770035578144541,0.057162900413202204,0.23908764169902677,0.14161170320815955,0.3266990917373024,0.5395944944957073,False,False
13235000,1.345388400062507,0.13002260947798927,0.5347658239444524,1.574719929173168,1.2548784519518885,0.5014754558039854,-0.07937752572268919,0.5608483269632488,False,False
13310700,1.650185803184333,0.5788579788108903,0.7036594408511485,1.146817390670721,1.0708956021343636,0.5679560237745459,0.3522392612306836,0.9139042035239245,False,False
13313000,8.98916677213483,0.8784225839535351,0.8916014050327239,9.824077602623253,3.1343384633161833,1.5078218759799458,0.8826551469574432,0.9461023268573924,False,False
13331500,16.821777353237152,0.12173792033250397,0.5324070643948833,248.52374699494914,15.764635961383604,9.680479422965055,-0.022577939313000783,0.9415002667760443,False,False
13337000,103.64032755448902,0.8217808292479998,0.8487385240572418,1914.3086968500995,43.75281358781512,26.79311691744582,0.6274793306268349,0.9491613847806781,False,False
13338500,0.05581799040558102,-0.39689358878393777,0.4172066731203321,0.004352228790027663,0.06597142404122912,0.038803165683026546,-3.900351479051392,0.1818394652524173,False,True
13340600,4.607413225362565,0.012199342458640405,0.5030685527777542,20.969285856825806,4.57922328095342,2.5050505437141353,0.01408884584550707,0.5158270165797115,False,False
14020000,0.040222592500700524,-0.3370673064211329,0.42788669254517514,0.0021631836309383375,0.0465100379589002,0.027013686588442914,-6.785692284158059,0.3103618697969849,False,True
14092750,2.1864796352713105,0.3794020717850006,0.6170562004243987,2.9668882925316398,1.7224657594656678,1.25423841967477,0.2455340576308953,0.8654833948446179,False,False
14096850,2.027208259157253,0.15576655352568858,0.5422307039880101,3.469439252543979,1.862643082435274,1.38613889198425,0.0888214137314518,0.8224989355257388,False,False
14137000,37.463629061754396,0.47491313115411204,0.6557003541422868,736.9717612671193,27.14722382246699,15.009733036859247,0.5451366798170535,0.7607027693700901,False,False
14138800,0.7379197718547931,-0.1504493826847051,0.46501908301211015,0.6264491285197519,0.7914853937501006,0.45731884982571724,-0.19996158161722644,0.6784760395201698,False,True
14141500,4.794014452894835,0.30656362422840056,0.5905152471667906,15.936953218886561,3.9921113735574263,2.352213175684494,0.2541686890072993,0.6572244074108146,False,False
14154500,0.06662761551214805,-0.29260196603277167,0.4361856156524406,0.005738169251473291,0.07575070462690953,0.05036948176464818,-0.6601119865554013,0.6842464482459504,False,True
14158500,10.173513928705214,0.692420389885184,0.764771790768588,31.834608267285088,5.642216609390771,3.9742219877284586,0.7222258205123431,0.8993615489892705,False,False
14158790,3.026340568200822,0.4971951353284283,0.665422386836992,4.605057635874962,2.145939802481645,1.5603181147503657,0.3784297828415607,0.8070879963262775,False,False
14166500,0.12649462504281225,-0.029584760506226715,0.4927116223274047,0.016474272668131396,0.12835214321596425,0.07526364294025818,-0.07076410779187059,0.7111181124544319,False,True
14182500,46.76236273317686,-0.06854647248984436,0.48343124667454607,2336.610412580331,48.3384982449841,35.068420127479406,0.33923376623164825,0.6912803259531262,False,True
14185000,26.833997539225685,0.4050782630236551,0.6269900126233163,428.3813829006456,20.69737623228233,10.39085489367948,0.3038888580249307,0.7636568634307136,False,False
14187000,7.679357998279117,0.34182905904887373,0.6030741314441322,38.81401165880502,6.230089217563824,3.332770711926928,0.19452147935335107,0.7553377372812173,False,False
14216500,23.757599739733966,0.1707407726485476,0.5466693758040406,468.05343315190436,21.634542591695908,12.167587985626136,0.29713708795200033,0.6219206827081742,False,False
14222500,28.63947425328008,0.29157661956240755,0.5853350003579686,581.0626606217339,24.10524135165906,12.191252567442966,0.13814737513453867,0.7404931162982034,False,False
14236200,31.073700116557188,0.26185646650996064,0.5753264795066079,712.7328234596163,26.69705645683839,11.782693356388181,0.05995675054792815,0.7611789671166783,False,False
14301000,107.36258915210732,0.3123533534952395,0.5925410998037256,7926.314169256042,89.02984987775753,48.965049120840504,0.11673281248043188,0.8471580701381115,False,False
14303200,0.564398318707863,0.07694587276563736,0.5200061640688962,0.29403470355880773,0.5422496690260011,0.2714774249902596,-0.04734584365211947,0.49634319917446074,False,False
14305500,48.507743511400164,0.4188773600161405,0.6324620081401202,1367.382257936689,36.978132158570276,16.880619655740208,0.20223746557964362,0.7932838308611142,False,False
14306340,1.0617739694688246,0.335782899843442,0.6008831419325802,0.7488144218211126,0.8653406391826935,0.6046270054316254,0.1970200907167513,0.7905117889149269,False,False
14306500,53.715358833889304,0.29650747045815695,0.5870292840491361,2029.814976658675,45.053467975935824,22.894287605194926,0.1481174824688225,0.7631760409991097,False,False
14308990,0.06929184484569109,0.03901549887479416,0.5099479365727795,0.004614032315722879,0.06792666866351448,0.03150978429276464,-0.203661315432365,0.5007512490194769,False,False
14309500,12.606250626630024,-0.0019861123400362057,0.4995039645060987,159.2331829781685,12.618763131867103,4.834911065747062,-0.22515387735506898,0.7032919549612171,False,True
14316700,27.612826687260302,0.00783803192150212,0.5019672175373024,756.4919475882801,27.504398695268364,12.323442770089057,-0.1612537650603767,0.43087711849980187,False,False
14325000,0.8594778449828766,0.12479886853494904,0.5332761287418397,0.6465129715132456,0.8040603034059358,0.24284961474963362,-0.0938725113732124,0.6647569922728042,False,False
14362250,0.5600390497703565,-4.046612594032768,0.16538185379808718,1.5828384345345976,1.2581090710008405,1.2232103426392185,-5.882481856834899,0.39369767275340534,False,True
14400000,94.69190925743662,0.5328103428409694,0.6815751427367162,4189.083007863939,64.72312575783047,23.17109882466353,0.268119474376882,0.8624416457264905,False,False
394220106431500,16.84008416645282,0.9540832692854316,0.9560990570605001,13.02145379141097,3.608525154604159,2.5204589504934023,0.8295536546491055,0.989303730116241,False,False
